Year,Month,Day,Tmin,Tair,Tmax,Prcp,Tdew,RelH,WndS,WndD,Snow,SnDh
2008,1,1,-10.9,-7.8,-4.8,4.0,-8.5,87.9,6.3,127.1,4.0,56.0
2008,1,2,-20.7,-15.8,-10.8,0.0,-20.8,66.0,14.7,305.4,0.0,57.0
2008,1,3,-25.7,-21.1,-16.5,2.0,-27.0,62.2,7.5,245.7,2.0,57.0
2008,1,4,-22.5,-13.5,-4.4,0.0,-15.7,82.0,4.5,224.6,0.0,59.0
2008,1,5,-7.3,-4.1,-0.9,0.6,-5.7,83.7,3.0,173.8,0.6,59.0
2008,1,6,-2.9,-1.1,0.6,0.0,-1.5,94.5,1.1,253.6,0.0,59.0
2008,1,7,0.2,1.9,3.6,8.6,0.5,95.7,1.8,198.8,0.0,56.0
2008,1,8,0.9,3.0,5.0,14.0,2.6,94.2,5.5,179.2,0.0,52.0
2008,1,9,0.4,4.8,9.1,7.6,0.5,85.0,14.3,158.3,2.0,47.0
2008,1,10,-3.4,-0.3,2.7,1.0,-5.1,66.1,13.7,265.2,1.0,43.0
2008,1,11,-4.8,-1.1,2.5,10.5,-4.4,86.1,14.1,82.9,10.5,43.0
2008,1,12,-6.0,-1.6,2.8,0.0,-5.3,70.6,10.6,255.8,0.0,50.0
2008,1,13,-16.4,-10.4,-4.5,0.4,-15.3,71.5,4.3,239.0,0.4,50.0
2008,1,14,-11.1,-8.4,-5.5,1.0,-10.4,74.8,13.7,105.4,1.0,50.0
2008,1,15,-12.8,-8.4,-3.9,0.0,-12.8,72.2,7.7,300.0,0.0,50.0
2008,1,16,-16.7,-11.2,-5.6,0.0,-16.1,74.8,6.0,296.1,0.0,50.0
2008,1,17,-20.9,-12.2,-3.3,7.0,-17.3,69.3,5.6,166.3,7.0,50.0
2008,1,18,-7.3,-2.5,2.3,4.0,-5.3,80.8,12.4,170.0,4.0,54.0
2008,1,19,-12.3,-7.8,-3.3,0.0,-12.2,71.5,7.5,276.7,0.0,56.0
2008,1,20,-26.6,-20.9,-15.2,0.0,-25.5,59.7,9.8,292.6,0.0,56.0
2008,1,21,-31.4,-23.9,-16.6,1.0,-30.4,61.7,5.1,268.3,1.0,56.0
2008,1,22,-24.4,-17.1,-9.7,8.0,-17.3,82.3,6.5,86.3,8.0,57.0
2008,1,23,-22.9,-14.8,-6.5,0.6,-17.4,78.2,6.7,267.3,0.6,61.0
2008,1,24,-30.9,-22.9,-14.8,0.0,-29.2,66.7,2.5,266.7,0.0,61.0
2008,1,25,-32.8,-23.6,-14.2,0.4,-27.0,73.4,3.5,279.1,0.4,61.0
2008,1,26,-22.2,-14.2,-6.1,0.0,-19.9,73.3,3.2,235.0,0.0,62.0
2008,1,27,-21.1,-14.2,-7.2,0.0,-16.1,77.8,8.7,54.2,0.0,62.0
2008,1,28,-17.0,-10.4,-3.6,0.0,-14.2,76.4,5.3,151.4,0.0,62.0
2008,1,29,-14.6,-8.0,-1.3,7.0,-10.5,82.7,9.8,121.3,0.0,62.0
2008,1,30,-7.8,-2.8,2.3,10.0,-4.5,84.5,13.1,152.5,2.0,61.0
2008,1,31,-16.1,-11.1,-6.0,0.0,-16.7,62.4,10.3,252.3,0.0,61.0
2008,2,1,-18.9,-12.8,-6.8,30.0,-14.4,81.1,14.6,126.3,30.0,61.0
2008,2,2,-11.8,-7.6,-3.3,1.0,-8.7,83.7,13.8,224.6,1.0,83.0
2008,2,3,-19.4,-12.4,-5.3,0.6,-14.8,82.8,2.7,272.1,0.6,83.0
2008,2,4,-21.3,-12.7,-4.0,5.0,-17.0,77.3,2.8,169.5,5.0,82.0
2008,2,5,-11.6,-6.5,-1.5,6.0,-5.4,89.3,12.6,127.1,5.0,84.0
2008,2,6,-9.5,-5.8,-2.2,0.4,-9.3,79.3,9.6,321.7,0.4,91.0
2008,2,7,-13.4,-11.1,-8.8,1.2,-15.5,71.5,12.3,122.1,1.2,91.0
2008,2,8,-16.4,-11.2,-6.0,0.2,-13.0,80.0,6.6,155.4,0.2,92.0
2008,2,9,-20.2,-11.2,-2.1,4.0,-13.8,76.1,5.0,148.6,4.0,92.0
2008,2,10,-7.0,-3.4,0.2,8.0,-4.3,88.8,12.4,152.1,8.0,93.0
2008,2,11,-16.1,-12.6,-9.1,0.0,-17.4,66.4,14.5,259.2,0.0,100.0
2008,2,12,-22.9,-16.3,-9.7,6.0,-22.5,66.6,6.0,202.5,6.0,100.0
2008,2,13,-17.4,-11.2,-4.8,5.0,-10.2,83.8,13.7,107.1,5.0,105.0
2008,2,14,-13.4,-8.7,-4.0,7.0,-13.6,68.6,9.4,257.4,7.0,105.0
2008,2,15,-16.1,-9.7,-3.3,2.0,-13.4,72.2,9.6,194.6,2.0,111.0
2008,2,16,-28.2,-20.1,-11.8,0.4,-25.8,63.7,6.2,282.5,0.4,111.0
2008,2,17,-24.1,-12.0,0.3,8.6,-14.9,74.0,7.5,71.3,1.0,111.0
2008,2,18,-1.9,3.3,8.3,0.0,0.4,86.5,6.9,162.5,0.0,109.0
2008,2,19,-8.3,-4.4,-0.5,5.0,-6.6,79.0,9.1,249.2,5.0,98.0
2008,2,20,-23.1,-17.1,-11.2,0.0,-21.7,55.0,12.0,290.4,0.0,100.0
2008,2,21,-26.9,-19.1,-11.3,0.0,-25.4,64.5,5.5,281.5,0.0,99.0
2008,2,22,-27.3,-17.1,-7.0,0.0,-20.6,71.3,4.5,154.2,0.0,99.0
2008,2,23,-22.6,-13.5,-4.3,0.0,-17.9,71.8,4.1,240.0,0.0,99.0
2008,2,24,-18.4,-9.7,-0.8,0.0,-13.3,75.0,6.5,261.3,0.0,99.0
2008,2,25,-7.5,-3.8,0.1,0.0,-7.0,79.8,3.7,226.5,0.0,98.0
2008,2,26,-7.5,-4.8,-2.2,9.0,-5.4,88.1,6.6,141.7,9.0,97.0
2008,2,27,-11.8,-7.1,-2.4,1.0,-10.6,76.0,11.1,281.7,1.0,105.0
2008,2,28,-25.9,-17.9,-9.9,0.0,-25.8,49.8,10.0,310.4,0.0,105.0
2008,2,29,-30.2,-19.6,-9.1,4.0,-27.8,52.0,5.4,205.8,4.0,105.0
2008,3,1,-14.4,-9.6,-4.8,5.0,-10.1,82.6,15.4,100.0,5.0,110.0
2008,3,2,-13.8,-7.5,-1.1,0.0,-12.7,63.2,15.4,299.6,0.0,111.0
2008,3,3,-18.4,-8.9,0.7,2.2,-11.9,74.6,5.5,134.6,0.0,110.0
2008,3,4,-8.4,-3.5,1.3,10.0,-10.2,63.1,13.8,282.1,10.0,107.0
2008,3,5,-12.5,-10.1,-7.7,11.0,-12.4,79.2,21.0,116.3,11.0,110.0
2008,3,6,-19.3,-10.8,-2.3,0.0,-13.0,73.0,3.8,170.9,0.0,122.0
2008,3,7,-8.6,-1.9,4.8,6.0,-5.8,73.4,4.3,194.3,4.0,121.0
2008,3,8,-5.8,-3.0,-0.3,24.0,-5.1,87.8,15.9,176.7,24.0,123.0
2008,3,9,-14.6,-10.3,-6.0,3.0,-12.2,78.3,16.5,229.2,3.0,137.0
2008,3,10,-22.9,-14.3,-5.7,0.0,-19.3,68.6,4.6,272.0,0.0,137.0
2008,3,11,-25.2,-13.7,-2.0,2.0,-17.3,69.0,4.4,229.5,2.0,137.0
2008,3,12,-10.9,-4.6,1.9,1.0,-9.6,69.0,9.7,309.0,1.0,137.0
2008,3,13,-19.6,-12.3,-5.0,1.0,-21.0,44.7,8.5,204.6,1.0,134.0
2008,3,14,-10.8,-7.6,-4.4,0.6,-11.5,72.2,14.7,82.1,0.6,134.0
2008,3,15,-9.4,-4.8,-0.2,12.0,-6.1,83.4,12.2,98.3,12.0,135.0
2008,3,16,-4.8,-1.3,2.3,0.0,-4.6,80.1,12.5,300.9,0.0,145.0
2008,3,17,-13.4,-5.7,2.1,0.0,-14.1,50.8,13.2,299.6,0.0,139.0
2008,3,18,-18.6,-8.8,1.1,0.0,-15.3,54.5,7.0,150.0,0.0,137.0
2008,3,19,-3.5,-1.6,0.3,15.0,-3.8,81.7,15.7,97.9,15.0,136.0
2008,3,20,-4.5,-2.0,0.4,5.0,-1.9,93.8,13.0,163.8,5.0,145.0
2008,3,21,-12.0,-9.0,-6.0,0.0,-12.0,75.8,24.7,293.8,0.0,147.0
2008,3,22,-11.7,-6.8,-1.8,0.0,-12.6,62.6,18.1,285.8,0.0,143.0
2008,3,23,-19.4,-12.4,-5.3,0.0,-20.4,48.7,13.5,289.2,0.0,142.0
2008,3,24,-26.6,-16.1,-5.7,0.0,-24.0,55.3,5.2,285.5,0.0,141.0
2008,3,25,-23.6,-11.3,1.1,10.0,-17.0,57.2,6.5,196.7,10.0,141.0
2008,3,26,-7.6,-1.3,5.0,2.2,-3.7,78.6,11.0,226.7,2.0,147.0
2008,3,27,-10.3,-3.8,2.8,2.0,-6.9,83.6,5.0,209.6,2.0,139.0
2008,3,28,-11.4,-5.9,-0.3,0.0,-11.3,61.6,10.1,101.3,0.0,139.0
2008,3,29,-13.8,-7.5,-1.2,0.0,-16.3,45.7,19.1,310.4,0.0,138.0
2008,3,30,-14.3,-5.5,3.4,0.0,-12.4,54.2,4.9,228.7,0.0,137.0
2008,3,31,-8.1,-3.0,2.1,25.0,-5.0,78.2,6.4,109.2,6.0,137.0
2008,4,1,-0.2,3.3,6.7,6.0,0.6,92.0,11.1,103.8,0.0,144.0
2008,4,2,-7.2,-2.8,1.6,0.0,-10.8,50.9,22.2,279.2,0.0,135.0
2008,4,3,-11.5,-3.0,5.6,0.0,-7.8,64.4,6.3,251.0,0.0,134.0
2008,4,4,-8.2,-1.9,4.5,9.0,-4.8,74.8,6.0,118.6,1.0,130.0
2008,4,5,-0.3,3.4,7.0,1.2,0.7,86.8,9.4,111.7,0.4,127.0
2008,4,6,-2.5,1.8,5.9,0.0,0.0,79.4,12.4,95.4,0.0,124.0
2008,4,7,0.6,4.2,7.7,0.0,-2.1,61.1,13.6,93.3,0.0,117.0
2008,4,8,-1.2,3.8,8.7,0.0,-4.2,57.5,6.7,134.3,0.0,111.0
2008,4,9,-1.8,4.8,11.2,0.0,-2.6,59.0,6.0,90.9,0.0,107.0
2008,4,10,1.3,4.4,7.5,0.0,-1.5,63.9,12.4,266.7,0.0,101.0
2008,4,11,0.2,3.5,6.7,5.6,-3.5,65.0,10.4,255.8,5.0,96.0
2008,4,12,0.1,1.1,2.1,9.4,0.0,92.0,11.7,155.5,9.4,95.0
2008,4,13,-1.1,2.5,6.0,0.0,-1.8,76.3,13.5,311.7,0.0,88.0
2008,4,14,-2.5,2.9,8.1,0.0,-6.1,53.0,14.6,311.3,0.0,88.0
2008,4,15,-4.7,2.0,8.7,0.0,-7.1,55.8,5.8,277.8,0.0,85.0
2008,4,16,-4.2,5.0,14.3,0.0,-2.9,64.4,4.3,217.7,0.0,80.0
2008,4,17,-2.6,7.5,17.6,0.0,-2.2,58.6,4.2,234.8,0.0,70.0
2008,4,18,-1.2,6.4,14.0,0.0,-0.1,65.4,8.7,154.8,0.0,65.0
2008,4,19,0.9,4.5,8.1,0.0,-0.3,65.9,10.8,111.3,0.0,50.0
2008,4,20,3.0,7.3,11.6,0.0,0.1,60.1,11.3,102.9,0.0,45.0
2008,4,21,1.0,6.4,11.8,0.0,1.6,69.1,8.5,99.6,0.0,35.0
2008,4,22,-0.1,8.1,16.1,0.0,2.8,70.9,6.2,151.7,0.0,20.0
2008,4,23,1.3,10.1,18.9,0.2,3.6,79.8,6.5,110.9,0.0,5.0
2008,4,24,0.2,8.8,17.4,0.0,-0.8,59.2,10.8,265.0,0.0,0.0
2008,4,25,-1.4,6.2,13.7,0.0,-1.5,56.4,10.1,105.7,0.0,0.0
2008,4,26,4.3,10.3,16.2,1.0,-0.7,48.5,17.0,82.5,0.0,0.0
2008,4,27,6.8,11.7,16.5,0.0,5.0,68.2,11.6,92.5,0.0,0.0
2008,4,28,6.2,9.6,13.0,32.4,5.6,83.2,15.5,89.6,0.0,0.0
2008,4,29,1.3,4.5,7.6,14.0,3.6,90.9,12.4,182.5,0.0,0.0
2008,4,30,-1.6,3.8,9.1,0.0,-4.6,63.5,8.6,277.1,0.0,0.0
2008,5,1,-3.5,3.6,10.8,0.0,-5.5,58.4,7.6,225.7,0.0,0.0
2008,5,2,-3.4,4.5,12.3,0.0,-4.4,54.0,8.8,88.6,0.0,0.0
2008,5,3,3.4,6.5,9.7,0.8,2.1,72.5,15.8,90.8,0.0,0.0
2008,5,4,7.0,8.3,9.5,7.2,6.6,91.5,9.8,102.6,0.0,0.0
2008,5,5,2.8,10.0,17.2,0.0,3.6,70.7,5.8,263.3,0.0,0.0
2008,5,6,1.4,10.7,19.8,0.0,1.7,59.8,7.6,188.8,0.0,0.0
2008,5,7,1.6,9.1,16.5,13.2,0.3,59.5,7.0,237.8,0.0,0.0
2008,5,8,6.2,11.3,16.3,1.0,6.3,78.2,10.9,212.2,0.0,0.0
2008,5,9,1.8,9.6,17.2,0.0,0.9,54.8,8.2,221.7,0.0,0.0
2008,5,10,5.3,9.9,14.4,0.0,2.0,57.7,14.5,91.7,0.0,0.0
2008,5,11,1.1,8.4,15.7,0.0,2.1,64.1,13.6,100.4,0.0,0.0
2008,5,12,4.6,11.2,17.6,0.0,1.7,52.9,12.8,92.6,0.0,0.0
2008,5,13,4.0,12.8,21.5,0.0,2.2,54.1,5.4,167.8,0.0,0.0
2008,5,14,4.5,15.0,25.5,0.0,3.8,49.2,5.8,155.5,0.0,0.0
2008,5,15,7.5,12.7,17.9,5.0,6.2,65.0,9.2,228.7,0.0,0.0
2008,5,16,0.8,9.8,18.7,0.0,0.8,61.5,5.0,189.5,0.0,0.0
2008,5,17,1.1,10.5,19.9,1.2,1.3,53.9,8.0,137.9,0.0,0.0
2008,5,18,6.3,12.9,19.4,9.2,6.4,68.2,6.4,219.1,0.0,0.0
2008,5,19,7.3,9.2,11.1,1.0,7.3,90.9,4.5,233.6,0.0,0.0
2008,5,20,4.3,8.9,13.4,0.0,4.3,75.6,7.3,259.6,0.0,0.0
2008,5,21,3.5,10.2,16.9,1.2,5.5,77.8,6.2,173.6,0.0,0.0
2008,5,22,4.4,8.9,13.4,0.2,6.5,87.2,4.0,245.8,0.0,0.0
2008,5,23,6.1,11.7,17.3,0.0,6.0,72.8,10.4,271.3,0.0,0.0
2008,5,24,4.8,12.7,20.5,0.0,2.8,57.3,11.6,318.8,0.0,0.0
2008,5,25,0.7,12.1,23.4,0.0,2.4,51.4,6.7,226.0,0.0,0.0
2008,5,26,11.3,13.3,15.3,10.8,9.7,81.3,4.6,199.5,0.0,0.0
2008,5,27,4.5,9.3,14.1,0.0,4.9,74.8,13.1,289.6,0.0,0.0
2008,5,28,-0.4,8.3,16.9,0.0,0.0,55.8,9.8,262.7,0.0,0.0
2008,5,29,5.8,12.3,18.7,0.0,2.2,50.3,13.6,277.1,0.0,0.0
2008,5,30,0.5,9.4,18.2,2.2,1.9,62.2,4.5,255.3,0.0,0.0
2008,5,31,8.9,10.4,12.0,6.4,9.0,91.0,9.6,72.2,0.0,0.0
2008,6,1,9.6,11.6,13.5,4.8,-999.0,-999.0,6.5,101.5,0.0,0.0
2008,6,2,8.9,14.2,19.4,1.2,-999.0,-999.0,3.8,254.3,0.0,0.0
2008,6,3,7.8,13.4,19.0,1.0,-999.0,-999.0,3.3,250.6,0.0,0.0
2008,6,4,6.8,13.3,19.7,0.0,-999.0,-999.0,12.1,83.9,0.0,0.0
2008,6,5,7.5,14.8,22.1,0.0,-999.0,-999.0,12.0,87.1,0.0,0.0
2008,6,6,13.1,15.7,18.2,-999.0,-999.0,-999.0,4.5,121.5,-999.0,-999.0
2008,6,7,13.2,21.5,29.7,-999.0,-999.0,-999.0,4.8,164.1,-999.0,-999.0
2008,6,8,12.7,21.5,30.3,-999.0,-999.0,-999.0,4.5,241.1,-999.0,-999.0
2008,6,9,15.2,18.2,21.1,0.0,-999.0,-999.0,8.8,152.2,0.0,0.0
2008,6,10,14.2,21.9,29.4,3.4,-999.0,-999.0,6.3,129.6,0.0,0.0
2008,6,11,13.3,18.5,23.5,7.0,-999.0,-999.0,9.2,265.8,0.0,0.0
2008,6,12,6.5,14.2,21.8,0.0,-999.0,-999.0,10.7,296.7,0.0,0.0
2008,6,13,3.8,14.2,24.4,0.0,-999.0,-999.0,5.5,144.8,0.0,0.0
2008,6,14,12.4,18.1,23.8,14.8,-999.0,-999.0,12.5,89.2,0.0,0.0
2008,6,15,13.6,16.0,18.4,0.0,-999.0,-999.0,11.2,78.8,0.0,0.0
2008,6,16,14.2,16.9,19.6,27.9,-999.0,-999.0,11.2,93.8,0.0,0.0
2008,6,17,13.3,17.6,21.8,15.5,-999.0,-999.0,5.7,141.7,0.0,0.0
2008,6,18,13.2,16.3,19.4,5.7,-999.0,-999.0,5.9,130.4,0.0,0.0
2008,6,19,12.7,15.9,19.1,13.9,-999.0,-999.0,5.5,111.9,0.0,0.0
2008,6,20,10.4,15.5,20.6,0.3,-999.0,-999.0,4.3,204.2,0.0,0.0
2008,6,21,8.3,16.1,23.9,0.8,-999.0,-999.0,3.3,240.6,0.0,0.0
2008,6,22,10.8,15.9,21.1,8.9,-999.0,-999.0,6.3,113.6,0.0,0.0
2008,6,23,13.6,18.2,22.8,0.2,-999.0,-999.0,3.8,165.7,0.0,0.0
2008,6,24,10.5,17.5,24.4,1.2,-999.0,-999.0,9.0,296.3,0.0,0.0
2008,6,25,7.8,16.9,26.1,8.5,-999.0,-999.0,5.3,211.4,0.0,0.0
2008,6,26,13.3,16.1,18.8,7.9,-999.0,-999.0,1.9,197.1,0.0,0.0
2008,6,27,14.2,18.5,22.6,0.0,-999.0,-999.0,8.1,98.7,0.0,0.0
2008,6,28,13.7,16.9,20.1,40.3,-999.0,-999.0,14.9,78.3,0.0,0.0
2008,6,29,14.9,17.3,19.6,17.0,-999.0,-999.0,13.0,81.7,0.0,0.0
2008,6,30,15.3,20.2,24.9,0.6,-999.0,-999.0,6.4,194.2,0.0,0.0
2008,7,1,16.0,20.8,25.5,0.0,-999.0,-999.0,6.3,251.7,0.0,0.0
2008,7,2,12.0,19.3,26.5,3.4,-999.0,-999.0,3.9,215.3,0.0,0.0
2008,7,3,15.5,17.3,19.0,33.2,-999.0,-999.0,4.7,233.9,0.0,0.0
2008,7,4,7.5,15.8,24.0,1.6,-999.0,-999.0,4.0,211.5,0.0,0.0
2008,7,5,11.0,18.8,26.5,0.0,-999.0,-999.0,4.6,197.0,0.0,0.0
2008,7,6,11.5,19.3,27.0,0.0,-999.0,-999.0,4.2,244.7,0.0,0.0
2008,7,7,12.0,20.8,29.5,0.0,-999.0,-999.0,4.2,260.6,0.0,0.0
2008,7,8,17.0,23.5,30.0,3.1,-999.0,-999.0,4.0,214.8,0.0,0.0
2008,7,9,21.5,23.0,24.5,4.0,-999.0,-999.0,2.8,197.1,0.0,0.0
2008,7,10,18.5,21.0,23.5,0.4,-999.0,-999.0,9.2,269.2,0.0,0.0
2008,7,11,12.0,18.0,24.0,0.0,-999.0,-999.0,5.5,263.5,0.0,0.0
2008,7,12,10.0,18.0,26.0,8.4,-999.0,-999.0,3.9,165.0,0.0,0.0
2008,7,13,18.5,20.5,22.5,21.8,-999.0,-999.0,5.2,160.0,0.0,0.0
2008,7,14,19.0,21.8,24.5,0.0,-999.0,-999.0,5.7,206.3,0.0,0.0
2008,7,15,15.5,20.3,25.0,0.0,-999.0,-999.0,4.5,234.1,0.0,0.0
2008,7,16,13.0,19.0,25.0,2.4,-999.0,-999.0,4.0,203.2,0.0,0.0
2008,7,17,12.5,19.5,26.5,2.4,-999.0,-999.0,5.1,241.8,0.0,0.0
2008,7,18,16.0,18.3,20.5,10.4,-999.0,-999.0,5.5,120.9,0.0,0.0
2008,7,19,16.5,20.8,25.0,12.1,-999.0,-999.0,4.3,202.3,0.0,0.0
2008,7,20,13.0,18.0,23.0,0.0,-999.0,-999.0,2.3,237.6,0.0,0.0
2008,7,21,12.5,17.8,23.0,0.0,-999.0,-999.0,7.6,115.7,0.0,0.0
2008,7,22,16.0,19.5,23.0,0.4,-999.0,-999.0,13.3,85.4,0.0,0.0
2008,7,23,18.0,19.8,21.5,8.7,-999.0,-999.0,13.7,84.2,0.0,0.0
2008,7,24,18.5,21.3,24.0,26.6,-999.0,-999.0,12.2,95.0,0.0,0.0
2008,7,25,17.5,21.8,26.0,0.0,-999.0,-999.0,4.9,172.5,0.0,0.0
2008,7,26,14.5,21.3,28.0,8.8,-999.0,-999.0,4.0,198.4,0.0,0.0
2008,7,27,17.0,21.3,25.5,4.8,-999.0,-999.0,5.0,198.6,0.0,0.0
2008,7,28,15.0,19.0,23.0,2.2,-999.0,-999.0,2.9,216.7,0.0,0.0
2008,7,29,15.5,20.5,25.5,1.0,-999.0,-999.0,7.2,289.0,0.0,0.0
2008,7,30,13.0,19.0,25.0,9.0,-999.0,-999.0,2.8,225.0,0.0,0.0
2008,7,31,17.5,19.5,21.5,3.0,-999.0,-999.0,7.3,78.2,0.0,0.0
2008,8,1,18.1,21.6,25.1,4.2,18.5,90.4,7.3,119.2,0.0,0.0
2008,8,2,17.1,20.9,24.6,4.0,17.7,90.6,7.1,102.5,0.0,0.0
2008,8,3,16.2,18.2,20.2,0.6,16.7,93.8,7.0,88.8,0.0,0.0
2008,8,4,15.4,17.6,19.6,0.0,15.9,94.2,6.1,120.0,0.0,0.0
2008,8,5,14.6,18.1,21.5,0.0,14.0,81.3,9.9,86.3,0.0,0.0
2008,8,6,14.2,15.8,17.3,33.0,14.3,91.8,13.0,79.2,0.0,0.0
2008,8,7,14.9,15.9,16.8,6.6,14.0,90.2,13.6,78.3,0.0,0.0
2008,8,8,14.8,15.8,16.9,10.2,15.2,96.6,9.0,75.0,0.0,0.0
2008,8,9,14.8,19.1,23.4,0.0,15.5,87.9,4.7,117.1,0.0,0.0
2008,8,10,15.2,20.0,24.6,0.0,16.1,82.9,7.7,84.6,0.0,0.0
2008,8,11,14.3,19.5,24.8,12.1,15.9,87.9,5.9,87.1,0.0,0.0
2008,8,12,10.3,17.3,24.1,5.4,14.3,89.2,3.5,219.5,0.0,0.0
2008,8,13,12.6,17.9,23.1,0.0,14.5,88.5,3.3,256.0,0.0,0.0
2008,8,14,10.1,17.4,24.7,0.0,13.2,83.2,3.2,186.5,0.0,0.0
2008,8,15,12.3,18.9,25.4,0.0,13.9,81.8,3.8,171.0,0.0,0.0
2008,8,16,10.7,17.9,25.0,0.8,13.9,84.5,3.7,235.0,0.0,0.0
2008,8,17,11.9,17.1,22.4,0.0,12.3,77.5,8.0,270.9,0.0,0.0
2008,8,18,8.3,17.0,25.5,27.0,14.2,93.1,5.5,268.2,0.0,0.0
2008,8,19,8.8,13.3,17.6,0.0,9.2,78.5,12.1,306.3,0.0,0.0
2008,8,20,6.3,14.4,22.3,0.0,9.3,77.2,9.8,275.2,0.0,0.0
2008,8,21,9.9,17.9,25.8,0.0,13.6,82.3,4.0,238.2,0.0,0.0
2008,8,22,10.5,19.3,28.1,0.0,15.1,84.9,2.3,248.5,0.0,0.0
2008,8,23,12.5,20.6,28.5,0.0,17.0,86.6,3.1,203.3,0.0,0.0
2008,8,24,13.8,20.8,27.8,0.2,17.5,85.0,3.2,227.2,0.0,0.0
2008,8,25,11.9,15.7,19.4,0.0,12.1,77.3,13.5,305.8,0.0,0.0
2008,8,26,8.2,14.7,21.1,0.0,8.7,73.3,8.8,289.5,0.0,0.0
2008,8,27,6.4,16.4,26.3,0.0,11.2,78.2,3.5,232.6,0.0,0.0
2008,8,28,10.6,18.6,26.5,0.0,14.0,78.0,7.7,108.2,0.0,0.0
2008,8,29,14.9,19.8,24.6,1.0,15.6,82.9,10.6,99.2,0.0,0.0
2008,8,30,14.2,20.2,26.1,1.0,16.1,87.2,5.0,237.3,0.0,0.0
2008,8,31,10.9,17.8,24.6,0.0,11.7,76.0,10.5,306.7,0.0,0.0
2008,9,1,6.8,17.3,27.8,0.0,11.6,76.3,6.1,285.8,0.0,0.0
2008,9,2,12.1,20.4,28.9,0.0,15.6,79.0,3.0,185.6,0.0,0.0
2008,9,3,14.6,21.1,27.6,0.0,16.4,78.0,4.3,107.3,0.0,0.0
2008,9,4,13.4,18.4,23.3,0.0,13.4,80.0,9.0,291.4,0.0,0.0
2008,9,5,11.5,16.9,22.3,3.6,12.6,77.6,11.2,80.0,0.0,0.0
2008,9,6,15.9,18.5,20.9,1.0,17.7,96.8,3.8,223.3,0.0,0.0
2008,9,7,13.0,15.9,18.8,0.3,12.4,86.7,7.0,302.2,0.0,0.0
2008,9,8,9.9,14.8,19.6,11.8,12.0,91.3,4.6,249.5,0.0,0.0
2008,9,9,7.8,11.9,16.1,10.4,11.1,96.5,6.0,214.1,0.0,0.0
2008,9,10,4.0,10.3,16.5,0.0,5.1,81.5,6.5,308.0,0.0,0.0
2008,9,11,0.8,9.9,18.9,0.0,5.5,81.8,3.0,251.7,0.0,0.0
2008,9,12,7.7,11.0,14.3,10.0,10.8,95.6,3.7,68.1,0.0,0.0
2008,9,13,7.8,13.6,19.3,1.8,11.9,92.6,3.5,158.0,0.0,0.0
2008,9,14,10.7,16.3,21.9,40.8,16.0,98.9,5.9,107.3,0.0,0.0
2008,9,15,9.6,14.8,20.1,0.0,13.1,86.2,14.4,263.8,0.0,0.0
2008,9,16,2.0,9.6,17.1,0.8,5.3,82.2,3.4,231.9,0.0,0.0
2008,9,17,2.7,10.9,19.1,1.8,8.5,93.7,4.1,281.9,0.0,0.0
2008,9,18,-0.1,6.1,12.2,0.0,1.5,78.0,8.1,318.2,0.0,0.0
2008,9,19,-1.8,7.6,16.9,0.0,1.6,79.7,3.8,215.5,0.0,0.0
2008,9,20,1.9,11.2,20.4,2.4,8.4,83.8,4.7,258.9,0.0,0.0
2008,9,21,2.1,8.3,14.4,0.0,4.0,74.5,9.3,298.8,0.0,0.0
2008,9,22,-0.8,6.7,14.3,0.0,1.8,78.8,4.2,230.0,0.0,0.0
2008,9,23,-1.9,7.5,16.9,0.0,3.9,81.4,3.6,253.0,0.0,0.0
2008,9,24,7.8,14.3,20.6,0.0,10.6,86.8,2.5,228.8,0.0,0.0
2008,9,25,6.8,15.4,23.9,0.0,11.4,88.5,2.4,270.8,0.0,0.0
2008,9,26,8.2,14.8,21.2,7.0,10.6,83.9,2.2,211.3,0.0,0.0
2008,9,27,13.1,15.2,17.1,3.0,14.6,97.4,7.7,79.6,0.0,0.0
2008,9,28,13.5,15.2,16.8,1.2,14.8,98.5,4.3,138.4,0.0,0.0
2008,9,29,11.1,16.1,20.9,4.1,11.3,80.5,10.7,238.8,0.0,0.0
2008,9,30,10.9,13.8,16.6,3.4,10.5,86.4,11.8,88.8,0.0,0.0
2008,10,1,10.6,11.7,12.8,13.7,10.9,97.3,9.7,94.6,0.0,0.0
2008,10,2,5.0,9.3,13.8,1.6,7.8,89.5,7.3,235.9,0.0,0.0
2008,10,3,2.0,6.8,11.4,1.4,3.2,81.4,8.7,254.8,0.0,0.0
2008,10,4,3.0,7.7,12.3,0.0,3.4,77.9,8.9,271.7,0.0,0.0
2008,10,5,2.3,6.7,11.0,0.0,4.1,87.7,3.8,289.5,0.0,0.0
2008,10,6,-2.3,5.0,12.2,0.0,-0.4,80.0,6.5,308.9,0.0,0.0
2008,10,7,0.4,8.2,16.0,0.0,0.2,72.8,7.6,283.3,0.0,0.0
2008,10,8,-0.9,7.3,15.4,6.8,2.2,78.4,3.6,219.0,0.0,0.0
2008,10,9,7.3,13.2,19.1,2.0,9.0,86.8,6.8,197.3,0.0,0.0
2008,10,10,4.2,10.3,16.3,0.0,6.0,80.9,7.2,276.7,0.0,0.0
2008,10,11,-0.5,8.3,16.9,0.0,2.5,79.5,5.9,314.4,0.0,0.0
2008,10,12,-0.3,7.3,14.9,10.0,4.6,84.0,3.7,255.3,0.0,0.0
2008,10,13,9.2,10.7,12.3,0.2,9.5,94.9,5.3,75.0,0.0,0.0
2008,10,14,5.3,12.3,19.3,2.8,9.5,85.3,7.2,172.2,0.0,0.0
2008,10,15,2.4,7.0,11.7,0.8,4.7,86.0,2.8,255.6,0.0,0.0
2008,10,16,4.5,8.6,12.6,1.0,7.0,91.2,4.6,161.7,0.0,0.0
2008,10,17,-1.1,4.5,10.1,0.0,-1.4,69.8,10.8,314.3,0.0,0.0
2008,10,18,-3.4,2.8,8.9,0.0,-2.9,78.2,6.0,300.0,0.0,0.0
2008,10,19,-6.5,1.9,10.3,0.0,-3.9,78.0,3.4,224.7,0.0,0.0
2008,10,20,-4.0,1.9,7.8,4.0,0.0,85.8,1.7,241.4,0.0,0.0
2008,10,21,1.7,4.0,6.2,12.0,3.8,97.2,5.8,97.3,0.0,0.0
2008,10,22,-2.1,1.4,4.9,0.0,-0.6,88.3,5.0,195.5,0.0,0.0
2008,10,23,-6.2,1.1,8.4,0.0,-3.4,80.8,4.3,282.7,0.0,0.0
2008,10,24,-5.2,2.7,10.5,0.0,-2.1,84.4,3.2,241.4,0.0,0.0
2008,10,25,0.0,6.6,13.2,35.8,3.6,85.2,8.9,93.8,0.0,0.0
2008,10,26,7.8,10.9,13.8,1.0,7.5,84.9,6.0,175.2,0.0,0.0
2008,10,27,4.0,8.7,13.3,1.0,6.2,85.5,3.4,218.6,0.0,0.0
2008,10,28,5.1,7.8,10.3,9.0,6.8,91.5,6.9,207.4,0.0,0.0
2008,10,29,0.7,1.8,2.9,2.6,0.6,95.4,11.4,207.1,1.0,0.0
2008,10,30,-1.3,1.6,4.5,0.0,-1.4,82.2,9.7,266.1,0.0,0.0
2008,10,31,-3.6,3.2,9.9,0.0,0.4,83.6,5.0,235.3,0.0,0.0
2008,11,1,-3.9,0.7,5.3,-999.0,-5.2,66.8,9.0,287.9,-999.0,-999.0
2008,11,2,-7.7,-1.6,4.6,-999.0,-7.4,66.3,5.1,268.5,-999.0,-999.0
2008,11,3,-6.0,0.1,6.2,-999.0,-2.4,80.8,3.0,231.4,-999.0,-999.0
2008,11,4,2.6,7.2,11.7,-999.0,4.7,92.8,2.4,133.8,-999.0,-999.0
2008,11,5,1.9,9.5,17.1,-999.0,6.0,90.9,2.6,268.8,-999.0,-999.0
2008,11,6,-0.1,9.2,18.4,-999.0,5.3,91.0,2.6,293.0,-999.0,-999.0
2008,11,7,1.2,5.5,9.7,-999.0,5.1,94.0,10.0,102.9,-999.0,-999.0
2008,11,8,4.5,5.5,6.4,-999.0,5.2,98.6,12.5,90.4,-999.0,-999.0
2008,11,9,0.1,4.9,9.7,-999.0,4.7,94.8,3.2,224.4,-999.0,-999.0
2008,11,10,-2.6,1.7,5.9,-999.0,1.4,95.3,3.2,246.1,-999.0,-999.0
2008,11,11,-2.3,0.8,3.8,-999.0,-1.4,85.0,6.3,266.5,-999.0,-999.0
2008,11,12,-3.1,0.7,4.4,-999.0,-2.2,83.8,3.9,240.4,-999.0,-999.0
2008,11,13,-2.6,1.1,4.7,-999.0,-0.7,87.4,10.5,81.4,-999.0,-999.0
2008,11,14,3.6,6.6,9.5,-999.0,6.1,93.8,10.0,70.4,-999.0,-999.0
2008,11,15,6.8,9.1,11.3,-999.0,9.2,97.3,8.5,90.0,-999.0,-999.0
2008,11,16,0.6,5.8,11.0,-999.0,5.5,94.4,8.8,217.9,-999.0,-999.0
2008,11,17,-3.1,-0.8,1.6,-999.0,-4.9,71.1,10.5,263.8,-999.0,-999.0
2008,11,18,-8.3,-5.1,-1.8,-999.0,-10.1,64.5,11.3,286.3,-999.0,-999.0
2008,11,19,-7.2,-5.3,-3.4,-999.0,-13.0,55.4,10.3,345.0,-999.0,-999.0
2008,11,20,-6.9,-5.9,-4.9,-999.0,-13.9,53.3,16.4,317.9,-999.0,-999.0
2008,11,21,-7.9,-5.1,-2.2,-999.0,-13.2,54.2,10.4,293.3,-999.0,-999.0
2008,11,22,-7.1,-5.3,-3.5,-999.0,-12.8,58.0,18.1,307.1,-999.0,-999.0
2008,11,23,-15.3,-8.8,-2.2,-999.0,-15.1,51.1,15.0,273.8,-999.0,-999.0
2008,11,24,-16.7,-8.9,-1.0,-999.0,-10.8,78.5,6.6,86.1,-999.0,-999.0
2008,11,25,-2.3,-0.3,1.8,-999.0,-2.4,89.5,24.8,77.5,-999.0,-999.0
2008,11,26,0.9,2.7,4.5,-999.0,1.0,91.9,14.4,91.3,-999.0,-999.0
2008,11,27,-1.4,0.2,1.7,-999.0,-0.9,90.8,4.9,157.8,-999.0,-999.0
2008,11,28,-1.4,-0.3,0.8,-999.0,-0.3,98.6,5.4,120.9,-999.0,-999.0
2008,11,29,-6.6,-2.9,0.8,-999.0,-1.8,95.6,5.1,266.8,-999.0,-999.0
2008,11,30,-4.6,-1.6,1.4,-999.0,-3.3,91.2,6.1,87.1,-999.0,-999.0
2008,12,1,-0.9,0.6,2.1,-999.0,-0.1,97.7,13.2,106.1,-999.0,-999.0
2008,12,2,-3.0,-0.2,2.7,-999.0,-1.0,85.6,7.1,236.7,-999.0,-999.0
2008,12,3,-3.0,-0.9,1.3,-999.0,-3.5,80.2,3.5,183.9,-999.0,-999.0
2008,12,4,-6.5,-2.1,2.4,-999.0,-2.1,91.3,7.1,229.0,-999.0,-999.0
2008,12,5,-16.2,-10.7,-5.1,-999.0,-13.8,73.4,6.5,280.0,-999.0,-999.0
2008,12,6,-16.1,-8.8,-1.5,-999.0,-11.0,77.2,4.5,165.0,-999.0,-999.0
2008,12,7,-18.3,-9.7,-1.1,-999.0,-7.2,85.6,10.4,201.7,-999.0,-999.0
2008,12,8,-24.2,-18.3,-12.4,-999.0,-22.9,67.0,8.3,257.0,-999.0,-999.0
2008,12,9,-24.0,-15.1,-6.2,-999.0,-15.9,85.7,8.0,102.9,-999.0,-999.0
2008,12,10,-21.7,-13.4,-5.0,-999.0,-9.1,94.6,8.1,233.3,-999.0,-999.0
2008,12,11,-24.6,-16.3,-7.9,-999.0,-17.4,85.8,9.3,151.8,-999.0,-999.0
2008,12,12,-13.9,-8.0,-2.1,-999.0,-8.2,88.2,10.5,211.3,-999.0,-999.0
2008,12,13,-25.3,-18.9,-12.4,-999.0,-21.7,73.0,7.7,279.5,-999.0,-999.0
2008,12,14,-18.3,-10.2,-2.0,-999.0,-12.1,87.9,5.5,87.0,-999.0,-999.0
2008,12,15,-2.1,2.8,7.6,-999.0,0.9,94.2,5.6,165.3,-999.0,-999.0
2008,12,16,-16.8,-8.0,0.9,-999.0,-15.5,58.9,10.6,246.5,-999.0,-999.0
2008,12,17,-12.9,-10.7,-8.5,-999.0,-12.4,83.5,10.4,93.2,-999.0,-999.0
2008,12,18,-18.2,-11.3,-4.3,-999.0,-13.1,85.7,4.8,278.6,-999.0,-999.0
2008,12,19,-23.9,-18.6,-13.3,-999.0,-22.4,66.1,8.6,199.6,-999.0,-999.0
2008,12,20,-25.4,-19.6,-13.8,-999.0,-21.3,74.5,7.8,100.8,-999.0,-999.0
2008,12,21,-23.7,-17.9,-12.0,-999.0,-19.0,80.8,16.8,69.2,-999.0,-999.0
2008,12,22,-21.0,-15.5,-10.0,-999.0,-15.9,78.8,11.7,260.0,-999.0,-999.0
2008,12,23,-28.0,-19.8,-11.5,-999.0,-22.6,74.8,4.8,206.5,-999.0,-999.0
2008,12,24,-11.6,-5.0,1.6,-999.0,-7.2,93.1,4.5,98.6,-999.0,-999.0
2008,12,25,-22.4,-9.2,4.0,-999.0,-10.4,66.6,16.9,283.9,-999.0,-999.0
2008,12,26,-26.7,-17.5,-8.3,-999.0,-21.7,68.7,4.1,179.5,-999.0,-999.0
2008,12,27,-8.3,-4.4,-0.5,-999.0,-7.0,87.2,11.5,80.0,-999.0,-999.0
2008,12,28,-0.6,2.7,6.0,-999.0,0.1,92.4,6.3,220.0,-999.0,-999.0
2008,12,29,-11.6,-5.2,1.3,-999.0,-8.6,72.7,9.8,240.0,-999.0,-999.0
2008,12,30,-18.6,-10.7,-2.7,-999.0,-10.8,81.4,12.2,178.3,-999.0,-999.0
2008,12,31,-25.9,-20.7,-15.5,-999.0,-24.5,67.8,12.3,296.1,-999.0,-999.0
2009,1,1,-22.7,-19.1,-15.5,-999.0,-25.1,62.6,15.4,286.7,-999.0,-999.0
2009,1,2,-26.7,-19.9,-13.1,-999.0,-23.0,69.7,2.7,250.0,-999.0,-999.0
2009,1,3,-18.9,-15.0,-11.1,-999.0,-19.1,65.9,13.4,278.8,-999.0,-999.0
2009,1,4,-14.9,-11.2,-7.4,-999.0,-15.9,73.5,8.3,269.1,-999.0,-999.0
2009,1,5,-14.0,-8.5,-3.0,-999.0,-11.3,83.9,6.0,258.2,-999.0,-999.0
2009,1,6,-21.3,-13.7,-6.0,-999.0,-16.7,76.4,5.8,291.9,-999.0,-999.0
2009,1,7,-20.5,-14.6,-8.6,-999.0,-14.7,81.5,16.3,80.5,-999.0,-999.0
2009,1,8,-13.5,-10.5,-7.4,-999.0,-11.1,87.1,9.2,196.3,-999.0,-999.0
2009,1,9,-16.9,-14.1,-11.2,-999.0,-17.9,73.0,10.2,275.4,-999.0,-999.0
2009,1,10,-26.8,-19.4,-11.9,-999.0,-22.5,74.2,5.8,251.6,-999.0,-999.0
2009,1,11,-26.9,-17.3,-7.6,-999.0,-21.4,76.6,2.3,243.1,-999.0,-999.0
2009,1,12,-23.2,-16.3,-9.4,-999.0,-19.1,82.0,2.0,260.0,-999.0,-999.0
2009,1,13,-13.2,-7.2,-1.1,-999.0,-7.9,90.4,5.4,103.6,-999.0,-999.0
2009,1,14,-33.1,-17.9,-2.6,-999.0,-25.3,67.5,10.5,271.1,-999.0,-999.0
2009,1,15,-37.9,-29.5,-21.0,-999.0,-35.3,64.5,2.0,286.4,-999.0,-999.0
2009,1,16,-40.2,-31.7,-23.1,-999.0,-36.8,65.3,3.0,291.4,-999.0,-999.0
2009,1,17,-37.4,-27.7,-17.9,-999.0,-30.0,71.5,5.0,73.0,-999.0,-999.0
2009,1,18,-20.0,-15.9,-11.8,-999.0,-17.9,79.7,20.8,80.8,-999.0,-999.0
2009,1,19,-12.7,-9.8,-6.9,-999.0,-13.9,78.3,7.7,144.0,-999.0,-999.0
2009,1,20,-25.3,-16.7,-8.1,-999.0,-17.1,82.7,2.3,256.0,-999.0,-999.0
2009,1,21,-27.4,-20.1,-12.7,-999.0,-21.4,81.9,3.4,281.7,-999.0,-999.0
2009,1,22,-22.0,-12.2,-2.4,-999.0,-12.1,78.8,9.8,287.6,-999.0,-999.0
2009,1,23,-27.8,-18.5,-9.1,-999.0,-20.1,78.5,9.3,129.0,-999.0,-999.0
2009,1,24,-31.0,-20.1,-9.1,-999.0,-23.3,68.7,13.6,281.3,-999.0,-999.0
2009,1,25,-34.9,-26.1,-17.2,-999.0,-30.2,65.3,6.7,321.2,-999.0,-999.0
2009,1,26,-39.0,-27.9,-16.8,-999.0,-33.5,64.5,1.2,205.6,-999.0,-999.0
2009,1,27,-33.8,-22.4,-10.9,-999.0,-28.3,69.4,3.2,283.1,-999.0,-999.0
2009,1,28,-29.0,-18.4,-7.8,-999.0,-17.9,83.2,11.8,85.0,-999.0,-999.0
2009,1,29,-14.3,-10.6,-6.9,-999.0,-11.3,86.7,6.0,231.5,-999.0,-999.0
2009,1,30,-12.8,-8.8,-4.7,-999.0,-9.7,90.5,2.8,111.1,-999.0,-999.0
2009,1,31,-27.4,-16.5,-5.5,-999.0,-12.9,89.3,5.3,231.0,-999.0,-999.0
2009,2,1,-27.3,-18.1,-9.1,3.0,-18.6,84.9,5.9,60.5,3.0,68.0
2009,2,2,-16.5,-9.7,-2.8,0.0,-10.1,88.4,4.6,273.8,0.0,72.0
2009,2,3,-22.8,-14.4,-5.9,0.0,-17.7,75.8,6.6,256.8,0.0,72.0
2009,2,4,-18.6,-14.7,-10.7,0.0,-20.0,65.8,13.3,305.4,0.0,69.0
2009,2,5,-25.8,-18.5,-11.3,0.0,-23.4,67.9,8.3,287.6,0.0,68.0
2009,2,6,-24.7,-17.4,-10.1,0.2,-21.3,78.6,3.3,273.6,0.2,68.0
2009,2,7,-22.6,-11.4,-0.1,1.8,-13.9,81.1,3.5,180.0,0.0,67.0
2009,2,8,-14.2,-7.0,0.2,0.0,-10.5,70.4,19.8,298.8,0.0,66.0
2009,2,9,-25.3,-16.7,-8.1,0.0,-22.2,67.6,6.8,276.5,0.0,66.0
2009,2,10,-22.6,-13.4,-4.1,0.0,-17.8,66.3,8.3,108.4,0.0,66.0
2009,2,11,-6.0,-1.3,3.5,8.8,-2.7,95.0,3.8,127.1,0.0,66.0
2009,2,12,-6.7,-1.9,2.8,4.8,-1.1,91.7,13.7,140.0,0.0,64.0
2009,2,13,-16.9,-11.7,-6.4,0.0,-17.2,59.8,19.6,293.8,0.0,57.0
2009,2,14,-11.8,-7.8,-3.9,0.0,-13.8,64.0,16.8,295.4,0.0,58.0
2009,2,15,-10.3,-6.5,-2.8,0.0,-11.6,67.9,10.2,276.3,0.0,58.0
2009,2,16,-12.8,-6.5,-0.2,0.0,-10.5,71.4,7.5,292.1,0.0,58.0
2009,2,17,-13.6,-6.9,-0.3,0.0,-11.2,70.7,4.6,287.0,0.0,57.0
2009,2,18,-15.7,-8.3,-0.8,5.0,-11.2,73.7,11.8,114.3,5.0,57.0
2009,2,19,-3.6,-2.6,-1.6,23.0,-3.2,93.1,19.6,86.3,23.0,59.0
2009,2,20,-10.8,-8.4,-5.9,5.0,-9.7,93.3,8.3,224.6,5.0,80.0
2009,2,21,-13.5,-9.1,-4.5,0.0,-11.4,83.1,6.0,241.4,0.0,83.0
2009,2,22,-14.2,-8.2,-2.2,8.5,-8.2,88.8,11.3,74.2,8.5,75.0
2009,2,23,-6.5,-4.7,-2.9,0.0,-6.2,88.0,16.7,310.8,0.0,86.0
2009,2,24,-14.9,-9.4,-4.0,0.0,-13.9,68.5,13.6,286.1,0.0,84.0
2009,2,25,-19.8,-11.8,-3.6,0.5,-15.4,76.3,3.8,209.0,0.5,82.0
2009,2,26,-9.8,-4.5,1.0,0.0,-6.3,82.2,3.5,117.9,0.0,82.0
2009,2,27,-6.5,0.8,8.2,-999.0,0.6,88.9,11.5,165.0,-999.0,81.0
2009,2,28,-21.1,-14.3,-7.3,0.0,-20.3,61.9,13.5,309.5,0.0,72.0
2009,3,1,-22.2,-13.9,-5.7,0.0,-19.2,71.8,6.5,158.6,0.0,72.0
2009,3,2,-15.5,-11.3,-7.2,0.0,-15.7,68.6,12.2,329.1,0.0,72.0
2009,3,3,-17.6,-11.6,-5.5,0.0,-20.4,50.2,14.0,301.3,0.0,72.0
2009,3,4,-22.6,-14.2,-5.5,0.0,-21.1,55.6,11.1,289.6,0.0,72.0
2009,3,5,-17.9,-10.9,-3.9,22.0,-18.0,61.7,5.0,223.0,22.0,-999.0
2009,3,6,-7.7,-3.0,1.7,4.1,-3.7,96.4,9.7,107.1,0.0,88.0
2009,3,7,-0.6,2.5,5.5,0.0,0.0,86.0,6.9,233.2,0.0,85.0
2009,3,8,-5.0,0.0,5.0,0.0,-5.2,71.6,11.6,266.1,0.0,81.0
2009,3,9,-10.5,-5.2,0.1,0.0,-9.5,69.8,10.9,86.5,0.0,75.0
2009,3,10,-15.3,-6.2,3.0,4.0,-9.7,70.2,3.1,172.6,1.0,75.0
2009,3,11,-6.4,0.3,7.0,3.5,-1.3,82.0,14.5,158.8,0.0,74.0
2009,3,12,-18.5,-13.1,-7.7,0.0,-22.4,46.4,14.6,282.5,0.0,71.0
2009,3,13,-25.1,-14.7,-4.2,0.0,-20.3,60.0,5.7,243.2,0.0,71.0
2009,3,14,-13.1,-5.0,3.2,0.0,-9.5,68.3,6.9,255.5,0.0,71.0
2009,3,15,-3.6,0.1,3.9,0.0,-4.2,76.3,7.0,158.6,0.0,70.0
2009,3,16,-11.2,-5.8,-0.3,0.0,-14.1,50.3,7.8,78.3,0.0,70.0
2009,3,17,-11.2,-1.9,7.5,0.0,-9.6,60.0,4.2,153.6,0.0,69.0
2009,3,18,-4.5,2.8,10.2,0.0,-0.3,85.0,3.7,230.5,0.0,67.0
2009,3,19,-6.7,-2.2,2.3,0.0,-9.9,58.0,13.3,302.5,0.0,65.0
2009,3,20,-15.3,-7.4,0.7,0.0,-16.4,52.2,6.5,286.2,0.0,64.0
2009,3,21,-16.2,-6.7,3.0,0.3,-11.9,61.5,4.7,243.9,0.3,64.0
2009,3,22,-8.0,-4.4,-0.8,0.0,-11.1,57.0,17.3,298.8,0.0,63.0
2009,3,23,-15.1,-7.6,-0.1,0.0,-17.4,50.2,14.9,320.0,0.0,61.0
2009,3,24,-11.9,-4.3,3.5,0.0,-10.9,55.9,8.5,201.7,0.0,61.0
2009,3,25,-9.0,-1.1,7.0,0.0,-7.8,64.0,8.3,115.0,0.0,61.0
2009,3,26,-3.4,1.4,6.0,7.9,-5.2,61.2,8.5,95.9,0.0,59.0
2009,3,27,-1.9,2.3,6.3,0.0,0.8,95.3,4.6,184.5,0.0,56.0
2009,3,28,-3.3,3.9,11.0,0.0,-0.6,77.1,4.1,147.0,0.0,53.0
2009,3,29,-0.6,3.0,6.5,12.2,0.5,80.3,18.2,91.3,0.0,50.0
2009,3,30,-0.4,1.6,3.5,-999.0,0.4,86.3,16.3,91.7,-999.0,44.0
2009,3,31,-0.4,2.4,5.1,0.0,-1.1,81.8,5.3,168.3,0.0,0.0
2009,4,1,-0.9,2.6,6.0,9.7,-0.6,79.7,10.0,97.9,0.0,0.0
2009,4,2,-0.2,6.1,12.4,0.0,0.2,74.7,4.5,230.0,0.0,0.0
2009,4,3,-0.8,5.3,11.3,-999.0,2.6,75.4,15.4,80.9,-999.0,0.0
2009,4,4,2.4,4.2,6.0,4.4,4.0,97.4,8.5,114.5,0.0,5.0
2009,4,5,1.5,4.1,6.7,0.4,3.4,94.2,5.9,274.3,0.0,4.0
2009,4,6,1.1,3.1,5.0,16.7,1.7,93.4,13.0,84.8,0.0,3.0
2009,4,7,0.1,2.1,4.2,7.7,1.5,97.5,12.5,143.3,2.5,0.0
2009,4,8,-1.7,0.3,2.4,0.0,-1.1,91.5,7.3,212.9,0.0,2.0
2009,4,9,-0.6,2.5,5.5,1.9,-0.4,85.8,6.6,236.5,0.0,0.0
2009,4,10,-2.6,1.9,6.4,0.0,-4.4,69.5,7.8,270.9,0.0,0.0
2009,4,11,-5.8,0.4,6.6,0.0,-6.6,63.1,10.7,315.7,0.0,0.0
2009,4,12,-3.1,1.1,5.2,0.0,-8.3,52.1,19.0,325.4,0.0,0.0
2009,4,13,-2.3,4.0,10.3,0.0,-8.1,47.9,18.9,309.6,0.0,0.0
2009,4,14,-5.9,3.0,11.8,0.0,-9.6,41.0,8.2,292.2,0.0,0.0
2009,4,15,-3.5,5.2,13.8,0.0,-7.5,44.5,8.8,179.6,0.0,0.0
2009,4,16,-5.0,4.5,14.0,0.0,-7.7,49.3,6.4,266.4,0.0,0.0
2009,4,17,-1.3,8.3,17.9,0.0,-1.8,54.1,12.1,282.4,0.0,0.0
2009,4,18,-2.1,5.4,12.9,0.0,-7.1,47.1,8.7,294.8,0.0,0.0
2009,4,19,-3.4,4.7,12.7,0.0,-7.2,46.5,7.5,162.9,0.0,0.0
2009,4,20,-3.3,5.9,15.1,2.3,-7.6,41.6,12.8,92.1,0.0,0.0
2009,4,21,3.2,4.8,6.3,5.4,1.4,80.3,18.3,80.0,0.0,0.0
2009,4,22,4.5,9.0,13.4,6.0,5.4,87.5,7.6,144.2,0.0,0.0
2009,4,23,3.5,6.8,10.2,0.0,2.5,76.3,16.8,285.8,0.0,0.0
2009,4,24,-2.4,7.8,17.9,0.0,-1.0,60.8,6.0,228.2,0.0,0.0
2009,4,25,3.4,15.7,27.9,-999.0,7.8,60.7,6.9,205.2,-999.0,0.0
2009,4,26,6.1,11.7,17.3,0.0,-2.3,43.7,14.1,210.4,0.0,0.0
2009,4,27,7.5,14.4,21.1,0.0,2.8,53.3,11.4,100.4,0.0,0.0
2009,4,28,6.3,13.5,20.8,4.3,7.5,65.2,11.3,269.2,0.0,0.0
2009,4,29,-0.5,7.2,14.7,0.0,-4.5,47.8,11.2,298.8,0.0,0.0
2009,4,30,-3.0,7.8,18.5,16.7,-2.8,48.2,4.7,177.7,0.0,0.0
2009,5,1,8.0,14.6,21.1,2.6,9.9,81.2,10.1,203.3,0.0,0.0
2009,5,2,3.3,8.0,12.6,0.0,1.0,64.8,9.9,247.5,0.0,0.0
2009,5,3,2.0,9.4,16.9,0.0,2.0,61.8,5.6,231.7,0.0,0.0
2009,5,4,2.6,10.4,18.0,0.0,-0.2,49.8,9.5,280.4,0.0,0.0
2009,5,5,1.9,9.7,17.6,0.0,-1.4,44.3,11.8,76.7,0.0,0.0
2009,5,6,8.3,11.1,13.9,2.8,6.1,76.9,10.3,90.0,0.0,0.0
2009,5,7,7.0,9.2,11.3,9.0,7.9,92.6,11.1,64.6,0.0,0.0
2009,5,8,8.1,11.7,15.3,1.4,10.2,96.7,3.4,126.2,0.0,0.0
2009,5,9,5.0,11.9,18.9,9.4,10.7,87.1,4.9,144.3,0.0,0.0
2009,5,10,4.0,6.6,9.1,2.9,6.1,92.6,9.3,290.0,0.0,0.0
2009,5,11,1.3,8.9,16.4,0.0,0.2,64.4,7.8,292.4,0.0,0.0
2009,5,12,-0.2,8.9,18.1,0.0,-1.9,53.3,6.0,156.4,0.0,0.0
2009,5,13,-0.5,10.4,21.1,0.0,0.9,60.5,4.7,237.1,0.0,0.0
2009,5,14,6.4,12.8,19.3,5.4,7.7,71.4,9.7,179.1,0.0,0.0
2009,5,15,4.8,11.2,17.4,0.0,4.9,68.5,9.3,284.1,0.0,0.0
2009,5,16,3.2,9.1,14.9,12.4,6.2,77.5,11.4,95.0,0.0,0.0
2009,5,17,6.5,10.2,13.8,0.0,3.1,63.8,11.2,248.3,0.0,0.0
2009,5,18,0.7,7.2,13.7,0.0,-1.7,59.3,7.6,273.9,0.0,0.0
2009,5,19,-1.8,7.4,16.5,0.2,1.8,69.3,7.3,265.5,0.0,0.0
2009,5,20,1.1,5.8,10.3,0.2,0.5,74.5,5.1,234.3,0.0,0.0
2009,5,21,1.1,15.4,29.6,1.0,5.7,55.0,8.3,243.5,0.0,0.0
2009,5,22,6.5,13.6,20.6,0.0,5.6,58.2,12.5,300.4,0.0,0.0
2009,5,23,-0.2,9.9,20.1,0.0,2.5,65.0,3.7,196.8,0.0,0.0
2009,5,24,5.5,13.2,20.8,0.0,6.2,66.5,8.9,253.3,0.0,0.0
2009,5,25,1.6,7.5,13.3,0.0,-2.2,53.9,16.7,314.2,0.0,0.0
2009,5,26,-3.3,5.9,15.2,0.0,-1.5,60.2,4.3,242.6,0.0,0.0
2009,5,27,4.0,9.1,14.2,7.2,6.1,79.7,8.4,70.9,0.0,0.0
2009,5,28,8.2,13.4,18.7,22.0,8.5,76.8,13.1,85.0,0.0,0.0
2009,5,29,10.4,13.1,15.7,16.4,12.4,99.7,8.2,141.7,0.0,0.0
2009,5,30,7.2,11.6,15.8,3.8,10.5,95.1,5.7,271.5,0.0,0.0
2009,5,31,3.3,10.0,16.8,0.8,5.0,73.0,9.0,244.1,0.0,0.0
2009,6,1,1.6,9.5,17.3,1.6,4.2,71.3,9.2,250.8,0.0,0.0
2009,6,2,5.8,12.4,19.1,0.0,6.2,74.3,7.6,267.8,0.0,0.0
2009,6,3,4.8,12.3,19.9,0.0,4.8,63.8,7.4,253.0,0.0,0.0
2009,6,4,3.9,11.4,18.9,0.0,3.5,63.1,5.6,275.2,0.0,0.0
2009,6,5,2.1,12.9,23.6,0.0,4.7,65.8,4.5,245.6,0.0,0.0
2009,6,6,6.1,15.2,24.3,0.0,7.0,63.0,8.2,256.7,0.0,0.0
2009,6,7,3.3,11.6,19.9,0.0,3.7,61.2,9.5,303.5,0.0,0.0
2009,6,8,5.1,12.4,19.6,0.0,4.4,64.3,9.1,298.3,0.0,0.0
2009,6,9,4.8,10.3,15.7,10.7,6.7,77.3,14.8,103.3,0.0,0.0
2009,6,10,10.6,12.0,13.3,-999.0,11.9,99.2,6.2,115.0,-999.0,0.0
2009,6,11,11.4,16.6,21.8,4.3,13.2,83.6,5.2,119.2,0.0,0.0
2009,6,12,12.1,16.0,19.8,0.2,13.5,86.8,7.3,93.5,0.0,0.0
2009,6,13,7.8,15.8,23.9,0.0,10.6,73.8,3.8,202.2,0.0,0.0
2009,6,14,10.1,17.9,25.7,0.0,12.2,74.8,5.6,118.7,0.0,0.0
2009,6,15,10.8,17.1,23.4,2.2,12.3,77.1,8.6,110.5,0.0,0.0
2009,6,16,9.8,17.1,24.4,0.0,11.9,77.3,4.1,240.0,0.0,0.0
2009,6,17,8.8,17.8,26.7,0.0,12.5,76.5,4.2,239.1,0.0,0.0
2009,6,18,9.4,16.3,23.0,16.1,11.8,80.5,3.6,229.4,0.0,0.0
2009,6,19,14.1,17.1,20.1,1.0,15.0,94.9,8.1,78.8,0.0,0.0
2009,6,20,15.6,18.7,21.8,1.9,16.7,88.9,10.0,65.0,0.0,0.0
2009,6,21,15.3,19.8,24.1,0.3,16.8,87.2,10.5,83.5,0.0,0.0
2009,6,22,10.1,17.3,24.5,0.0,13.1,77.0,10.2,104.3,0.0,0.0
2009,6,23,9.2,18.1,26.9,0.0,11.5,66.3,8.7,136.1,0.0,0.0
2009,6,24,11.8,20.0,28.1,0.0,15.5,74.5,5.8,100.5,0.0,0.0
2009,6,25,15.6,22.9,30.1,3.8,18.9,83.6,4.3,194.3,0.0,0.0
2009,6,26,16.4,21.4,26.3,1.4,18.0,89.6,5.0,132.2,0.0,0.0
2009,6,27,15.4,18.4,21.3,10.0,17.0,97.7,5.0,150.4,0.0,0.0
2009,6,28,15.8,19.5,23.1,-999.0,17.1,91.7,12.8,87.5,-999.0,0.0
2009,6,29,16.1,18.9,21.6,12.7,16.8,95.7,13.3,88.3,0.0,0.0
2009,6,30,15.8,19.9,24.1,0.0,16.8,87.3,12.7,90.8,0.0,0.0
2009,7,1,14.7,18.3,21.9,1.5,16.2,91.7,11.9,92.1,0.0,0.0
2009,7,2,16.1,19.1,22.1,-999.0,16.7,93.5,12.3,90.0,-999.0,0.0
2009,7,3,16.4,19.1,21.8,0.4,16.6,96.4,8.7,96.3,0.0,0.0
2009,7,4,14.3,15.7,16.9,11.2,14.7,96.8,7.3,191.3,0.0,0.0
2009,7,5,11.4,16.0,20.5,0.0,12.6,84.9,7.3,290.0,0.0,0.0
2009,7,6,9.6,15.4,21.1,8.8,13.2,90.9,10.2,96.1,0.0,0.0
2009,7,7,12.0,15.8,19.7,18.4,13.6,94.1,12.8,79.6,0.0,0.0
2009,7,8,12.0,16.1,20.1,0.0,13.1,88.1,8.5,67.5,0.0,0.0
2009,7,9,8.9,17.6,26.4,0.0,12.2,76.3,3.3,223.3,0.0,0.0
2009,7,10,9.1,17.8,26.4,0.0,12.9,77.0,3.9,264.4,0.0,0.0
2009,7,11,12.4,19.3,26.1,28.5,15.4,89.1,4.0,163.8,0.0,0.0
2009,7,12,12.8,17.3,21.6,0.6,13.3,82.1,5.3,247.4,0.0,0.0
2009,7,13,12.0,16.0,20.0,6.2,11.4,88.9,4.5,252.2,0.0,0.0
2009,7,14,7.0,12.6,18.1,2.8,11.1,92.6,4.7,251.3,0.0,0.0
2009,7,15,8.4,14.7,20.8,0.0,10.6,81.4,5.9,274.5,0.0,0.0
2009,7,16,12.2,16.1,20.1,18.2,14.0,89.3,5.5,75.2,0.0,0.0
2009,7,17,15.6,20.3,25.0,14.0,16.9,89.0,5.2,122.2,0.0,0.0
2009,7,18,13.8,18.4,23.1,10.2,16.3,95.5,7.1,155.0,0.0,0.0
2009,7,19,12.1,17.4,22.7,0.4,14.6,89.1,5.0,242.4,0.0,0.0
2009,7,20,10.9,18.1,25.4,0.0,14.5,83.9,3.7,244.8,0.0,0.0
2009,7,21,12.3,19.8,27.4,0.0,15.3,77.8,3.8,154.3,0.0,0.0
2009,7,22,14.8,18.4,21.9,1.4,16.0,89.1,5.5,114.6,0.0,0.0
2009,7,23,12.8,18.9,24.9,0.0,14.9,78.8,9.7,78.3,0.0,0.0
2009,7,24,16.8,18.9,20.9,0.0,15.2,82.1,10.8,85.8,0.0,0.0
2009,7,25,14.7,17.0,19.3,0.7,14.1,85.8,10.8,81.7,0.0,0.0
2009,7,26,14.3,15.4,16.4,11.4,14.0,94.5,14.7,82.5,0.0,0.0
2009,7,27,15.5,19.3,23.0,1.2,16.6,94.0,6.0,132.6,0.0,0.0
2009,7,28,15.3,21.6,27.9,12.0,17.1,81.8,4.1,244.7,0.0,0.0
2009,7,29,17.8,23.3,28.8,3.8,19.3,89.1,4.8,176.7,0.0,0.0
2009,7,30,16.8,22.3,27.7,0.0,17.4,79.8,3.8,263.7,0.0,0.0
2009,7,31,14.5,18.6,22.6,0.2,15.5,85.3,2.8,227.8,0.0,0.0
2009,8,1,15.6,21.5,27.4,0.0,16.8,82.4,3.4,236.0,0.0,0.0
2009,8,2,16.1,20.6,25.2,13.1,17.7,91.4,4.7,157.1,0.0,0.0
2009,8,3,15.5,19.9,24.1,0.0,14.6,79.9,4.2,249.4,0.0,0.0
2009,8,4,15.2,21.8,28.4,0.0,16.9,79.8,3.5,185.0,0.0,0.0
2009,8,5,14.2,19.3,24.4,0.0,14.0,72.4,8.3,272.3,0.0,0.0
2009,8,6,10.3,15.6,20.8,6.3,12.3,83.6,3.0,270.7,0.0,0.0
2009,8,7,9.9,15.0,20.1,-999.0,11.3,86.3,7.4,266.1,-999.0,0.0
2009,8,8,5.4,14.4,23.4,0.0,9.1,75.2,4.4,267.8,0.0,0.0
2009,8,9,9.4,16.4,23.3,-999.0,13.6,83.4,2.5,158.0,-999.0,0.0
2009,8,10,17.0,22.1,27.2,-999.0,18.9,89.1,4.5,259.5,-999.0,0.0
2009,8,11,14.6,20.6,26.6,0.0,16.1,75.2,5.6,102.5,0.0,0.0
2009,8,12,12.3,20.7,29.1,0.0,15.2,76.4,4.2,175.7,0.0,0.0
2009,8,13,12.6,21.1,29.4,0.0,15.8,77.3,3.0,225.2,0.0,0.0
2009,8,14,13.3,21.8,30.3,0.0,17.2,80.8,3.2,268.7,0.0,0.0
2009,8,15,14.8,22.4,30.0,0.0,18.4,83.1,3.8,252.4,0.0,0.0
2009,8,16,16.3,23.2,30.0,0.0,19.1,85.1,3.6,225.0,0.0,0.0
2009,8,17,18.1,24.5,30.9,6.0,20.7,84.7,4.1,187.7,0.0,0.0
2009,8,18,20.3,24.9,29.6,0.0,21.4,85.5,4.3,239.5,0.0,0.0
2009,8,19,15.8,21.4,27.1,0.0,16.3,75.7,7.1,275.4,0.0,0.0
2009,8,20,10.3,17.8,25.1,3.8,14.1,81.5,4.1,133.5,0.0,0.0
2009,8,21,18.4,22.6,26.8,1.3,19.2,88.2,8.2,106.1,0.0,0.0
2009,8,22,18.9,23.8,28.5,0.0,20.0,85.5,3.8,216.0,0.0,0.0
2009,8,23,16.1,20.0,23.8,0.0,16.9,83.5,4.9,128.2,0.0,0.0
2009,8,24,10.8,17.9,25.0,0.0,12.5,75.3,5.3,248.6,0.0,0.0
2009,8,25,8.0,16.0,24.0,0.0,12.2,82.5,3.3,210.5,0.0,0.0
2009,8,26,10.6,16.9,23.1,0.0,10.7,66.5,12.8,277.9,0.0,0.0
2009,8,27,3.5,10.8,18.1,0.0,3.7,70.6,8.0,309.6,0.0,0.0
2009,8,28,4.0,11.6,19.1,0.0,5.0,71.5,4.6,267.5,0.0,0.0
2009,8,29,9.6,12.6,15.6,10.0,9.2,79.4,16.7,86.3,0.0,0.0
2009,8,30,11.3,16.9,22.4,0.0,12.8,88.9,8.1,160.0,0.0,0.0
2009,8,31,5.5,12.9,20.1,0.0,7.6,74.7,8.8,291.8,0.0,0.0
2009,9,1,2.9,12.5,22.1,0.0,7.6,77.9,4.1,221.5,0.0,0.0
2009,9,2,8.1,16.6,25.0,0.0,12.5,81.0,3.9,249.4,0.0,0.0
2009,9,3,10.7,18.0,25.3,0.0,13.4,83.2,4.0,258.5,0.0,0.0
2009,9,4,9.8,17.9,25.9,0.0,10.5,70.9,7.4,306.5,0.0,0.0
2009,9,5,5.8,12.4,18.9,0.0,6.1,70.0,9.8,237.5,0.0,0.0
2009,9,6,1.1,10.7,20.3,0.0,4.9,73.7,4.3,213.2,0.0,0.0
2009,9,7,1.9,12.4,22.9,0.0,8.9,81.0,4.0,260.0,0.0,0.0
2009,9,8,11.6,18.0,24.4,0.0,11.9,71.9,7.3,272.7,0.0,0.0
2009,9,9,4.5,12.7,20.8,0.0,6.1,65.2,6.6,123.8,0.0,0.0
2009,9,10,5.0,14.6,24.0,0.0,7.7,71.3,4.5,126.8,0.0,0.0
2009,9,11,5.6,14.6,23.4,0.0,9.1,80.7,2.8,229.4,0.0,0.0
2009,9,12,4.5,14.8,25.1,3.0,8.1,77.1,3.0,265.6,0.0,0.0
2009,9,13,7.8,14.1,20.3,0.0,9.8,80.6,9.0,317.1,0.0,0.0
2009,9,14,7.0,12.1,17.1,0.0,9.8,86.8,4.3,269.0,0.0,0.0
2009,9,15,5.5,12.2,18.9,0.0,7.1,75.3,8.2,227.4,0.0,0.0
2009,9,16,5.1,10.7,16.1,0.0,5.0,72.1,7.3,77.5,0.0,0.0
2009,9,17,0.9,10.2,19.4,12.4,5.2,76.5,4.1,230.4,0.0,0.0
2009,9,18,7.5,11.4,15.3,0.2,7.2,77.5,13.7,295.0,0.0,0.0
2009,9,19,4.0,10.1,16.1,0.0,3.4,68.3,11.4,302.9,0.0,0.0
2009,9,20,0.1,10.1,20.1,0.0,5.4,82.3,3.9,232.2,0.0,0.0
2009,9,21,5.9,15.4,24.7,1.8,9.0,80.3,2.5,230.0,0.0,0.0
2009,9,22,8.5,13.9,19.1,4.0,13.3,98.3,2.4,216.3,0.0,0.0
2009,9,23,13.8,17.3,20.8,5.2,17.7,96.4,5.8,256.3,0.0,0.0
2009,9,24,6.0,12.4,18.7,0.0,7.7,76.4,7.6,304.1,0.0,0.0
2009,9,25,2.9,9.4,16.0,0.0,3.4,73.5,7.7,247.8,0.0,0.0
2009,9,26,-1.2,8.1,17.3,2.9,3.7,79.6,3.1,240.0,0.0,0.0
2009,9,27,8.7,11.5,14.3,41.7,11.3,96.8,6.0,113.5,0.0,0.0
2009,9,28,11.8,15.7,19.6,4.0,13.7,92.1,6.8,169.6,0.0,0.0
2009,9,29,10.2,13.3,16.3,12.0,10.9,92.2,2.6,155.0,0.0,0.0
2009,9,30,7.3,8.9,10.6,0.8,7.7,91.6,5.2,250.8,0.0,0.0
2009,10,1,5.8,7.4,8.9,3.2,6.0,94.2,5.3,261.7,0.0,0.0
2009,10,2,5.8,7.7,9.4,4.8,6.0,92.0,3.9,152.9,0.0,0.0
2009,10,3,6.9,9.1,11.2,5.3,7.9,93.1,13.8,82.1,0.0,0.0
2009,10,4,10.3,12.1,13.8,2.6,10.3,91.7,9.4,102.9,0.0,0.0
2009,10,5,6.2,11.0,15.8,1.2,8.9,93.4,3.2,241.4,0.0,0.0
2009,10,6,5.3,10.0,14.7,4.3,6.9,87.8,4.1,244.2,0.0,0.0
2009,10,7,6.5,8.7,10.8,19.1,8.3,96.1,8.2,100.5,0.0,0.0
2009,10,8,5.5,9.2,12.9,5.8,6.2,85.0,5.8,295.3,0.0,0.0
2009,10,9,5.3,8.1,10.9,7.2,8.5,97.6,2.1,168.8,0.0,0.0
2009,10,10,0.4,6.0,11.6,0.4,2.6,81.4,8.1,305.0,0.0,0.0
2009,10,11,-0.9,5.1,11.1,0.2,-1.3,75.6,7.9,251.4,0.0,0.0
2009,10,12,0.2,5.7,11.2,2.2,-0.5,72.9,7.2,282.2,0.0,0.0
2009,10,13,0.4,3.8,7.2,1.0,1.5,90.1,5.1,220.5,0.0,0.0
2009,10,14,-0.8,2.6,5.9,0.0,-2.8,73.7,11.0,315.4,0.0,0.0
2009,10,15,-2.5,1.9,6.3,0.0,-5.4,63.6,5.5,231.4,0.0,0.0
2009,10,16,-4.0,2.0,7.9,0.0,-5.1,62.5,9.1,57.5,0.0,0.0
2009,10,17,-3.8,2.3,8.3,0.0,-5.1,65.3,7.5,116.3,0.0,0.0
2009,10,18,-4.1,2.0,8.2,0.0,-3.8,71.6,6.8,88.3,0.0,0.0
2009,10,19,-6.8,1.5,9.7,-999.0,-3.2,75.1,3.2,238.9,-999.0,-999.0
2009,10,20,-0.1,4.4,8.8,0.5,3.4,87.9,3.7,245.0,0.0,0.0
2009,10,21,-0.8,3.9,8.5,6.0,-1.6,70.9,8.2,290.9,1.0,0.0
2009,10,22,-0.8,0.8,2.2,17.3,-0.2,92.3,9.9,147.7,3.2,1.0
2009,10,23,-2.4,0.7,3.6,11.8,-2.1,83.0,8.5,179.6,0.0,0.0
2009,10,24,1.1,3.8,6.6,5.2,2.7,94.3,15.9,89.2,0.0,0.0
2009,10,25,2.3,6.5,10.7,0.0,1.9,74.8,10.6,267.5,0.0,0.0
2009,10,26,-1.8,3.4,8.6,0.2,-3.5,66.2,6.2,271.0,0.0,0.0
2009,10,27,2.0,3.5,5.1,0.2,-0.1,78.8,13.8,77.5,0.0,0.0
2009,10,28,3.2,4.7,6.1,0.0,0.7,77.2,16.9,80.8,0.0,0.0
2009,10,29,1.4,4.6,7.8,0.0,1.6,78.2,7.1,86.5,0.0,0.0
2009,10,30,0.1,5.0,9.9,3.4,4.3,90.0,5.1,119.1,0.0,0.0
2009,10,31,7.0,11.2,15.2,6.4,9.1,93.3,8.3,174.8,0.0,0.0
2009,11,1,0.3,5.8,11.3,0.0,1.1,76.0,8.3,285.0,0.0,0.0
2009,11,2,-1.8,3.5,8.8,0.0,-1.6,70.9,9.7,101.3,0.0,0.0
2009,11,3,0.3,2.6,4.8,4.0,1.2,87.2,5.7,167.9,0.0,0.0
2009,11,4,-4.1,-0.3,3.6,0.0,-3.9,76.1,6.6,280.0,0.0,0.0
2009,11,5,-4.3,-0.7,3.0,0.0,-4.0,78.4,8.3,88.8,0.0,0.0
2009,11,6,-2.0,2.0,6.0,0.0,-2.6,74.8,9.2,270.8,0.0,0.0
2009,11,7,-6.2,-1.6,3.1,0.0,-4.5,77.7,4.6,137.0,0.0,0.0
2009,11,8,-1.2,7.1,15.3,0.0,-1.0,69.5,5.1,262.2,0.0,0.0
2009,11,9,-1.4,5.1,11.7,0.0,2.0,79.7,3.4,218.0,0.0,0.0
2009,11,10,-0.4,6.5,13.3,0.0,1.0,65.1,9.3,289.1,0.0,0.0
2009,11,11,-4.2,3.4,10.8,0.0,-2.3,80.5,3.8,291.1,0.0,0.0
2009,11,12,-6.8,1.3,9.4,0.0,-4.7,82.4,2.5,268.2,0.0,0.0
2009,11,13,-6.6,2.1,10.8,0.0,-6.0,63.7,4.8,158.4,0.0,0.0
2009,11,14,0.0,5.3,10.4,7.5,-1.9,58.9,8.5,77.9,0.0,0.0
2009,11,15,6.8,9.1,11.3,0.4,9.5,97.9,6.3,174.2,0.0,0.0
2009,11,16,0.6,4.3,7.8,0.0,-0.8,68.7,10.9,279.2,0.0,0.0
2009,11,17,-2.8,2.5,7.8,0.0,-3.4,71.0,6.0,306.5,0.0,0.0
2009,11,18,-6.5,-0.1,6.3,0.0,-4.0,87.0,2.8,278.4,0.0,0.0
2009,11,19,-6.6,1.1,8.9,13.4,-3.5,86.3,2.2,228.8,0.0,0.0
2009,11,20,-1.1,3.4,7.8,5.4,3.7,93.8,7.2,149.2,0.0,0.0
2009,11,21,-0.6,3.8,8.0,0.0,2.5,87.8,7.3,282.5,0.0,0.0
2009,11,22,-2.7,1.6,5.8,0.0,-1.9,84.8,5.5,151.7,0.0,0.0
2009,11,23,-3.0,2.4,7.8,0.0,-1.6,86.1,3.9,139.1,0.0,0.0
2009,11,24,-3.1,1.6,6.2,0.0,0.9,88.4,3.0,151.5,0.0,0.0
2009,11,25,3.5,4.2,4.8,8.2,3.0,91.5,14.5,86.3,0.0,0.0
2009,11,26,3.8,6.0,8.3,1.2,5.4,96.2,4.5,118.6,0.0,0.0
2009,11,27,4.3,5.4,6.5,21.7,4.8,93.4,8.2,187.0,0.0,0.0
2009,11,28,2.0,4.0,5.8,0.0,-0.5,72.2,22.8,308.8,0.0,0.0
2009,11,29,-0.8,2.0,4.8,3.0,-4.0,69.2,7.4,261.0,3.0,0.0
2009,11,30,-2.9,-0.6,1.8,0.0,-2.3,87.6,6.8,223.8,0.0,3.0
2009,12,1,-6.8,-3.0,0.9,0.0,-3.4,91.3,3.6,202.4,0.0,1.0
2009,12,2,-5.7,-1.4,2.9,18.0,-1.5,92.8,3.9,174.8,0.0,1.0
2009,12,3,0.8,3.0,5.2,10.4,2.3,93.7,13.6,92.1,0.0,0.0
2009,12,4,-0.7,2.8,6.2,0.0,-0.1,83.3,5.5,214.3,0.0,0.0
2009,12,5,-3.5,-0.7,2.4,0.0,-3.1,88.0,2.0,163.8,0.0,0.0
2009,12,6,-4.1,-0.9,2.2,1.0,-4.9,79.0,5.3,263.3,1.0,0.0
2009,12,7,-9.4,-5.9,-2.4,0.0,-9.3,80.8,3.4,295.5,0.0,1.0
2009,12,8,-11.8,-6.8,-1.8,0.0,-10.4,80.0,5.5,291.0,0.0,1.0
2009,12,9,-13.2,-8.4,-3.7,7.0,-10.0,83.0,18.3,97.1,7.0,0.0
2009,12,10,-6.1,-2.7,0.8,1.0,-5.9,82.1,13.1,182.9,1.0,11.0
2009,12,11,-10.3,-8.2,-6.0,0.0,-14.7,58.1,16.4,268.3,0.0,7.0
2009,12,12,-19.8,-13.2,-6.5,0.0,-17.8,63.6,8.4,273.5,0.0,7.0
2009,12,13,-14.8,-8.6,-2.3,3.0,-9.0,82.9,3.6,168.0,3.0,7.0
2009,12,14,-9.9,-6.3,-2.5,2.0,-6.4,89.0,3.9,218.7,2.0,8.0
2009,12,15,-6.2,-4.4,-2.5,1.0,-5.4,85.2,13.4,140.4,1.0,9.0
2009,12,16,-18.8,-14.8,-10.7,0.0,-20.1,61.7,13.3,289.2,0.0,9.0
2009,12,17,-22.9,-18.1,-13.3,0.0,-23.8,59.9,11.0,270.4,0.0,9.0
2009,12,18,-22.8,-16.8,-10.7,0.0,-23.1,64.2,6.7,263.8,0.0,9.0
2009,12,19,-22.5,-15.0,-7.4,0.0,-23.0,63.8,5.5,261.7,0.0,9.0
2009,12,20,-18.6,-12.1,-5.5,0.0,-15.9,69.7,10.1,300.8,0.0,9.0
2009,12,21,-10.8,-8.8,-6.9,0.0,-12.8,72.5,12.8,289.6,0.0,9.0
2009,12,22,-11.5,-10.8,-10.0,5.0,-13.6,80.5,9.8,267.9,5.0,9.0
2009,12,23,-11.4,-9.0,-6.5,2.5,-10.6,90.3,3.4,244.5,2.5,16.0
2009,12,24,-9.8,-5.5,-1.1,0.0,-5.9,94.0,3.3,288.6,0.0,9.0
2009,12,25,-12.9,-7.6,-2.2,0.0,-6.6,91.0,7.9,98.3,0.0,9.0
2009,12,26,-4.5,-2.0,0.5,33.0,-6.2,80.5,18.1,92.5,14.0,9.0
2009,12,27,-2.5,-0.6,1.4,11.8,-0.2,96.1,14.3,116.3,2.0,21.0
2009,12,28,-5.7,-3.0,-0.2,0.0,-2.6,94.4,3.7,223.8,0.0,19.0
2009,12,29,-16.8,-12.9,-9.2,0.0,-17.9,66.1,20.3,302.9,0.0,18.0
2009,12,30,-20.8,-16.5,-12.1,0.0,-20.5,72.8,6.3,191.3,0.0,18.0
2009,12,31,-14.8,-9.5,-4.0,1.0,-10.7,78.8,7.8,68.3,1.0,18.0
2010,1,1,-5.3,-4.1,-2.9,6.0,-5.8,86.5,16.2,80.0,6.0,19.0
2010,1,2,-4.8,-2.5,-0.2,1.0,-6.5,80.6,12.2,198.8,1.0,20.0
2010,1,3,-4.5,-0.1,4.2,1.0,-2.9,75.6,14.8,304.2,0.0,15.0
2010,1,4,-3.1,-0.4,2.3,2.5,-3.7,82.0,10.4,275.0,2.5,15.0
2010,1,5,-5.8,-4.3,-2.6,0.0,-5.3,93.0,5.9,234.2,0.0,19.0
2010,1,6,-4.3,-2.8,-1.1,0.0,-5.3,81.7,9.8,276.3,0.0,19.0
2010,1,7,-6.0,-4.1,-2.3,0.0,-8.2,71.2,13.5,285.4,0.0,19.0
2010,1,8,-9.7,-5.8,-1.9,0.0,-10.1,70.3,12.3,307.5,0.0,18.0
2010,1,9,-17.9,-14.3,-10.6,0.0,-19.9,60.4,14.2,305.0,0.0,18.0
2010,1,10,-21.3,-16.6,-11.8,2.5,-18.9,73.6,3.8,223.5,2.5,18.0
2010,1,11,-16.6,-10.6,-4.5,0.0,-13.3,76.8,6.0,278.2,0.0,19.0
2010,1,12,-15.8,-12.2,-8.5,0.0,-17.0,61.2,12.9,311.7,0.0,19.0
2010,1,13,-20.9,-15.1,-9.3,0.0,-21.9,62.8,6.3,268.7,0.0,18.0
2010,1,14,-22.8,-14.2,-5.6,0.0,-17.9,72.8,3.3,167.7,0.0,18.0
2010,1,15,-7.4,-2.6,2.3,0.0,-5.5,80.5,5.7,272.9,0.0,18.0
2010,1,16,-7.0,-2.2,2.8,0.0,-4.0,79.0,8.5,262.5,0.0,18.0
2010,1,17,-13.0,-9.1,-5.2,0.0,-16.2,56.3,13.7,95.0,0.0,18.0
2010,1,18,-7.0,-5.0,-3.0,2.0,-9.0,71.5,14.3,82.5,2.0,-999.0
2010,1,19,-4.5,-3.3,-2.0,1.5,-4.4,91.0,5.8,81.3,1.5,19.0
2010,1,20,-6.8,-2.4,2.1,0.0,-4.6,84.5,4.6,153.0,0.0,19.0
2010,1,21,-8.5,-5.0,-1.4,0.0,-7.6,78.6,8.7,270.8,0.0,18.0
2010,1,22,-13.3,-6.6,0.3,0.0,-11.5,71.5,6.7,274.2,0.0,18.0
2010,1,23,-19.9,-11.4,-2.9,0.0,-17.9,63.3,4.0,272.9,0.0,19.0
2010,1,24,-12.8,-5.7,1.4,11.0,-12.4,60.5,7.0,137.1,0.0,18.0
2010,1,25,-2.5,2.5,7.5,30.4,1.8,92.2,11.4,108.8,0.0,18.0
2010,1,26,0.5,1.4,2.2,4.5,0.1,92.1,8.5,236.3,3.5,12.0
2010,1,27,-8.8,-4.5,-0.1,2.0,-3.7,91.7,1.4,258.3,2.0,14.0
2010,1,28,-9.9,-5.8,-1.8,9.0,-5.8,88.3,5.8,158.8,9.0,15.0
2010,1,29,-18.6,-14.2,-9.8,0.5,-17.6,84.9,17.7,282.9,0.5,14.0
2010,1,30,-25.8,-19.4,-12.9,0.0,-22.8,74.0,7.3,257.7,0.0,12.0
2010,1,31,-26.1,-17.7,-9.2,0.0,-21.7,75.4,2.7,287.2,0.0,12.0
2010,2,1,-21.1,-16.1,-11.2,0.0,-19.3,67.2,9.5,277.8,0.0,12.0
2010,2,2,-27.9,-19.3,-10.6,0.0,-25.7,66.8,3.5,250.5,0.0,12.0
2010,2,3,-25.3,-16.1,-6.7,0.0,-19.9,71.8,2.7,283.0,0.0,12.0
2010,2,4,-17.6,-12.5,-7.3,0.0,-17.3,65.5,10.1,287.5,0.0,12.0
2010,2,5,-20.8,-15.2,-9.6,0.0,-19.6,69.3,8.0,291.5,0.0,12.0
2010,2,6,-21.1,-14.5,-7.8,0.0,-17.9,67.0,10.5,323.8,0.0,12.0
2010,2,7,-12.2,-8.9,-5.5,1.0,-13.0,68.2,15.7,306.3,1.0,12.0
2010,2,8,-8.9,-6.4,-4.0,0.0,-10.5,70.0,12.3,282.5,0.0,12.0
2010,2,9,-9.7,-4.4,1.0,0.0,-7.6,75.5,7.7,258.8,0.0,12.0
2010,2,10,-15.8,-8.2,-0.4,0.0,-12.0,77.4,5.1,173.9,0.0,12.0
2010,2,11,-15.3,-7.8,-0.1,0.0,-11.2,72.3,5.8,286.2,0.0,12.0
2010,2,12,-7.5,-6.1,-4.7,0.0,-10.2,73.9,8.0,251.3,0.0,0.0
2010,2,13,-7.5,-4.0,-0.4,0.0,-8.2,78.4,7.5,246.7,0.0,13.0
2010,2,14,-6.2,-3.7,-1.1,0.0,-8.1,73.1,11.6,272.5,0.0,13.0
2010,2,15,-6.4,-4.0,-1.5,0.0,-7.8,78.0,5.8,222.9,0.0,13.0
2010,2,16,-5.2,-2.1,1.0,1.0,-5.5,80.6,3.3,231.4,1.0,-999.0
2010,2,17,-5.0,-1.9,1.4,0.0,-3.2,90.8,3.9,220.5,0.0,14.0
2010,2,18,-2.1,1.5,5.0,5.0,-2.6,77.4,11.2,277.9,5.0,-999.0
2010,2,19,-4.8,-1.1,2.5,0.0,-4.8,77.7,10.9,271.3,0.0,12.0
2010,2,20,-4.2,-0.6,3.0,0.2,-5.4,70.2,10.9,280.4,0.2,12.0
2010,2,21,-5.5,-1.6,2.4,0.0,-5.6,73.5,8.2,272.1,0.0,12.0
2010,2,22,-5.2,-0.7,3.8,-999.0,-3.0,77.5,7.1,196.7,-999.0,12.0
2010,2,23,0.4,2.3,4.2,-999.0,-1.2,77.4,12.1,103.3,-999.0,11.0
2010,2,24,0.3,1.4,2.3,-999.0,-0.6,86.1,16.2,92.1,-999.0,-999.0
2010,2,25,-0.8,0.9,2.5,0.0,-0.1,93.2,26.7,79.6,0.0,16.0
2010,2,26,0.7,2.5,4.5,0.0,-2.1,67.9,25.2,80.4,0.0,0.0
2010,2,27,1.5,3.2,4.8,2.0,-0.5,73.8,18.9,81.3,2.0,-999.0
2010,2,28,-0.8,1.4,3.5,0.0,-0.3,89.0,8.6,99.0,0.0,8.0
2010,3,1,-1.4,2.8,6.8,0.0,-1.7,77.3,6.7,273.3,0.0,8.0
2010,3,2,-4.8,0.1,4.8,0.0,-3.9,75.0,5.4,127.1,0.0,4.0
2010,3,3,-7.8,-2.7,2.5,0.0,-5.9,73.7,6.1,110.9,0.0,4.0
2010,3,4,-8.3,-2.8,2.8,0.0,-7.3,70.2,6.8,132.7,0.0,4.0
2010,3,5,-11.4,-4.4,2.6,0.0,-11.0,62.1,5.0,203.9,0.0,4.0
2010,3,6,-10.3,-1.7,7.0,0.0,-9.3,61.3,4.7,285.2,0.0,4.0
2010,3,7,-7.0,-0.6,5.8,0.0,-3.9,76.1,4.9,264.5,0.0,4.0
2010,3,8,-1.8,2.7,7.0,0.0,-6.4,56.3,13.7,294.6,0.0,4.0
2010,3,9,-5.6,-1.8,2.1,0.0,-9.4,54.3,13.1,317.4,0.0,4.0
2010,3,10,-8.3,-1.7,5.0,0.0,-9.1,64.8,6.1,287.0,0.0,4.0
2010,3,11,-5.5,0.8,7.0,0.0,-7.7,57.7,6.3,111.3,0.0,4.0
2010,3,12,-3.1,1.8,6.8,0.0,-9.2,44.5,12.3,81.7,0.0,4.0
2010,3,13,-0.6,4.3,9.3,0.0,-9.0,38.2,14.6,87.1,0.0,0.0
2010,3,14,-1.1,3.8,8.7,0.0,-7.9,42.6,16.1,84.6,0.0,0.0
2010,3,15,-2.5,3.8,10.0,0.0,-5.5,57.9,8.8,125.0,0.0,0.0
2010,3,16,-5.4,5.3,15.9,0.0,-5.3,56.7,5.9,280.0,0.0,0.0
2010,3,17,-5.0,3.5,11.8,0.0,-3.2,63.2,5.0,265.9,0.0,0.0
2010,3,18,-0.7,5.8,12.2,0.0,-3.1,58.1,9.1,265.2,0.0,0.0
2010,3,19,0.3,3.4,6.3,0.0,-2.9,63.0,9.0,89.6,0.0,0.0
2010,3,20,-0.7,3.3,7.1,0.0,-4.0,63.3,10.3,311.4,0.0,0.0
2010,3,21,-5.5,-0.4,4.8,0.0,-9.4,54.0,4.3,166.7,0.0,0.0
2010,3,22,-1.6,4.2,9.9,0.0,-3.5,66.1,4.6,239.5,0.0,0.0
2010,3,23,-1.8,0.3,2.4,11.5,-3.5,76.7,18.8,83.3,11.5,0.0
2010,3,24,-2.6,1.8,6.3,0.0,-1.6,87.0,11.7,319.6,0.0,14.0
2010,3,25,-8.1,1.9,11.8,0.0,-6.5,61.4,10.8,253.2,0.0,13.0
2010,3,26,-13.6,-9.1,-4.5,0.0,-21.0,37.5,15.0,325.8,0.0,5.0
2010,3,27,-16.8,-9.3,-1.9,0.0,-18.0,48.4,5.0,221.0,0.0,5.0
2010,3,28,-4.3,1.5,7.2,2.0,-8.5,47.6,9.6,120.8,2.0,5.0
2010,3,29,-0.8,2.0,4.7,22.8,1.6,95.8,9.2,162.5,0.0,2.0
2010,3,30,-1.9,2.3,6.5,0.0,-0.5,80.3,11.1,94.2,0.0,0.0
2010,3,31,2.2,4.8,7.2,0.0,1.9,85.1,11.8,96.7,0.0,0.0
2010,4,1,0.9,6.3,11.8,0.0,2.0,84.8,6.0,95.4,0.0,0.0
2010,4,2,0.5,9.7,18.8,0.0,3.7,77.0,6.1,135.7,0.0,0.0
2010,4,3,1.0,13.1,25.1,0.0,6.5,70.6,4.2,208.7,0.0,0.0
2010,4,4,3.4,11.2,19.1,0.0,1.4,56.9,8.9,266.5,0.0,0.0
2010,4,5,-0.3,5.6,11.3,3.1,3.0,85.5,3.6,183.0,0.0,0.0
2010,4,6,3.0,9.8,16.6,2.7,4.6,74.9,4.5,226.5,0.0,0.0
2010,4,7,5.0,9.7,14.3,2.0,7.1,85.5,7.1,198.3,0.0,0.0
2010,4,8,-0.2,4.0,8.2,6.4,-3.3,55.5,13.6,135.2,0.0,0.0
2010,4,9,5.0,7.0,8.9,0.8,3.0,76.3,10.3,178.8,0.0,0.0
2010,4,10,3.0,7.1,11.1,0.0,-3.5,51.5,16.3,274.6,0.0,0.0
2010,4,11,-0.3,6.2,12.7,0.0,-1.8,58.7,13.6,272.1,0.0,0.0
2010,4,12,-1.9,5.0,11.8,0.0,-4.0,57.5,10.5,291.3,0.0,0.0
2010,4,13,-4.3,4.8,13.8,0.0,-7.0,50.0,5.0,269.1,0.0,0.0
2010,4,14,-2.8,6.6,16.0,0.0,-7.2,41.1,12.8,277.4,0.0,0.0
2010,4,15,-3.1,3.5,10.1,0.0,-4.7,52.6,10.2,112.2,0.0,0.0
2010,4,16,3.5,6.3,9.1,14.4,0.5,71.6,16.7,103.3,0.0,0.0
2010,4,17,0.9,2.3,3.7,10.3,1.1,94.0,14.0,133.5,0.0,0.0
2010,4,18,0.3,4.1,7.9,2.6,2.6,92.0,5.8,240.8,0.0,0.0
2010,4,19,1.3,8.4,15.5,1.6,4.4,77.4,8.0,246.1,0.0,0.0
2010,4,20,1.8,10.6,19.2,0.0,1.7,60.5,10.9,319.6,0.0,0.0
2010,4,21,0.8,8.4,16.0,0.4,0.3,56.0,6.8,278.3,0.0,0.0
2010,4,22,4.6,9.4,14.1,1.5,3.7,71.4,6.7,263.8,0.0,0.0
2010,4,23,0.9,8.2,15.3,0.0,-0.6,60.4,6.4,289.5,0.0,0.0
2010,4,24,-2.7,6.9,16.5,4.4,0.8,66.8,6.2,232.6,0.0,0.0
2010,4,25,0.8,9.4,18.0,0.0,2.8,69.3,6.8,275.8,0.0,0.0
2010,4,26,0.6,6.0,11.3,0.0,-1.9,55.5,12.5,102.5,0.0,0.0
2010,4,27,0.5,2.6,4.7,-999.0,-1.6,80.4,7.1,112.1,-999.0,0.0
2010,4,28,-0.1,7.3,14.6,6.0,-1.1,59.5,12.5,300.0,0.0,0.0
2010,4,29,0.5,6.2,11.9,0.0,-1.9,58.0,17.4,305.8,0.0,0.0
2010,4,30,2.4,10.9,19.5,0.0,-1.2,44.5,15.0,291.7,0.0,0.0
2010,5,1,-0.4,9.9,20.2,0.0,0.3,53.5,4.4,255.9,0.0,0.0
2010,5,2,8.4,16.6,24.6,3.1,12.0,75.5,3.0,212.5,0.0,0.0
2010,5,3,10.3,16.6,23.0,0.8,13.9,82.0,8.7,227.1,0.0,0.0
2010,5,4,5.3,13.6,21.8,1.4,9.3,80.8,4.2,250.0,0.0,0.0
2010,5,5,4.6,11.7,18.7,4.6,7.6,71.5,6.0,178.3,0.0,0.0
2010,5,6,8.4,14.1,19.7,5.8,9.2,85.0,11.0,208.3,0.0,0.0
2010,5,7,2.7,8.0,13.2,0.0,0.6,59.9,14.3,286.7,0.0,0.0
2010,5,8,1.7,4.9,8.1,7.5,2.6,84.6,8.9,118.2,0.0,0.0
2010,5,9,2.5,5.1,7.6,0.0,1.2,77.3,18.0,296.3,0.0,0.0
2010,5,10,-1.6,3.0,7.5,0.0,-4.2,63.5,14.3,312.6,0.0,0.0
2010,5,11,-4.6,5.8,16.1,0.0,-3.0,58.3,6.8,224.3,0.0,0.0
2010,5,12,-2.0,6.8,15.4,0.0,-3.5,49.9,8.7,195.4,0.0,0.0
2010,5,13,-3.4,8.2,19.7,0.0,-3.7,48.8,11.1,305.0,0.0,0.0
2010,5,14,3.8,9.9,16.1,0.2,4.4,65.2,5.3,154.2,0.0,0.0
2010,5,15,5.0,11.4,17.8,0.0,6.7,75.6,5.2,159.2,0.0,0.0
2010,5,16,1.9,12.2,22.3,0.0,-3.1,45.3,13.0,325.0,0.0,0.0
2010,5,17,0.6,13.3,26.1,0.0,1.2,50.4,7.3,260.4,0.0,0.0
2010,5,18,4.0,15.9,27.6,0.0,4.9,58.6,4.2,237.3,0.0,0.0
2010,5,19,7.8,16.3,24.8,0.0,7.4,63.1,4.5,195.9,0.0,0.0
2010,5,20,5.2,15.2,25.1,0.0,5.0,55.4,12.4,278.8,0.0,0.0
2010,5,21,0.9,10.8,20.5,0.0,-0.5,52.8,4.4,241.1,0.0,0.0
2010,5,22,2.1,14.6,27.1,0.0,6.6,59.2,4.2,135.5,0.0,0.0
2010,5,23,9.8,19.1,28.5,0.0,12.6,66.7,4.8,247.7,0.0,0.0
2010,5,24,11.2,21.1,30.9,0.0,15.5,74.0,4.5,263.2,0.0,0.0
2010,5,25,14.2,23.4,32.6,19.0,19.1,81.8,4.8,207.0,0.0,0.0
2010,5,26,14.7,22.6,30.4,0.0,14.3,65.0,10.3,195.2,0.0,0.0
2010,5,27,7.8,14.6,21.3,0.0,7.1,60.0,8.9,87.5,0.0,0.0
2010,5,28,5.3,13.6,21.9,0.0,7.2,62.6,7.5,116.5,0.0,0.0
2010,5,29,11.0,17.6,24.1,0.0,9.9,63.4,8.2,216.3,0.0,0.0
2010,5,30,8.3,15.2,22.0,0.0,2.4,47.9,12.1,309.2,0.0,0.0
2010,5,31,2.9,11.0,19.1,26.5,3.2,57.4,5.6,224.2,0.0,0.0
2010,6,1,11.6,16.5,21.3,4.8,13.4,90.8,6.1,127.0,0.0,0.0
2010,6,2,12.8,17.6,22.4,16.2,15.1,91.9,5.0,203.3,0.0,0.0
2010,6,3,11.6,13.7,15.7,-999.0,12.4,88.5,6.8,127.1,-999.0,-999.0
2010,6,4,10.6,17.7,24.8,0.0,12.7,78.0,3.7,230.0,0.0,0.0
2010,6,5,10.3,14.0,17.6,3.0,10.1,79.8,8.0,127.4,0.0,0.0
2010,6,6,10.5,11.9,13.3,11.4,11.0,95.8,4.8,185.8,0.0,0.0
2010,6,7,6.8,13.3,19.7,1.0,8.4,73.3,12.8,307.1,0.0,0.0
2010,6,8,3.6,11.5,19.3,0.0,7.1,74.8,9.1,292.9,0.0,0.0
2010,6,9,4.4,13.6,22.8,0.0,7.7,65.2,4.5,201.8,0.0,0.0
2010,6,10,8.6,15.3,22.0,0.0,9.5,70.8,6.5,173.8,0.0,0.0
2010,6,11,4.6,14.1,23.5,0.0,10.5,76.0,4.7,222.3,0.0,0.0
2010,6,12,10.8,17.6,24.4,0.0,14.0,84.0,3.5,194.5,0.0,0.0
2010,6,13,8.3,16.8,25.3,0.0,12.8,77.0,4.4,206.1,0.0,0.0
2010,6,14,4.2,12.3,20.3,1.5,10.8,82.1,5.3,258.8,0.0,0.0
2010,6,15,1.9,12.7,23.5,0.0,3.2,58.3,8.9,310.5,0.0,0.0
2010,6,16,2.5,12.5,22.5,3.4,8.9,74.7,3.0,178.0,0.0,0.0
2010,6,17,11.8,20.6,29.3,0.0,13.6,72.4,7.0,170.8,0.0,0.0
2010,6,18,9.8,19.7,29.6,0.0,14.3,69.3,4.9,241.0,0.0,0.0
2010,6,19,13.5,21.4,29.3,-999.0,17.0,81.0,4.9,209.0,-999.0,0.0
2010,6,20,12.8,20.3,27.7,-999.0,17.4,76.8,8.6,276.8,-999.0,-999.0
2010,6,21,7.1,17.0,26.8,0.0,9.5,62.8,8.0,275.0,0.0,0.0
2010,6,22,5.4,16.8,28.2,0.0,9.8,63.1,3.8,178.6,0.0,0.0
2010,6,23,16.2,20.8,25.4,17.2,16.4,75.1,4.5,129.6,0.0,0.0
2010,6,24,9.2,16.7,24.2,0.2,17.0,87.3,7.7,255.5,0.0,0.0
2010,6,25,6.1,14.4,22.6,-999.0,9.9,72.8,6.8,286.4,-999.0,0.0
2010,6,26,9.2,16.9,24.6,0.0,12.2,79.2,4.2,236.5,0.0,0.0
2010,6,27,8.7,17.0,25.3,0.0,12.3,75.4,6.1,149.2,0.0,0.0
2010,6,28,14.0,15.2,16.3,8.9,12.5,85.1,12.8,91.3,0.0,0.0
2010,6,29,7.7,14.1,20.4,1.2,13.6,88.9,5.5,237.1,0.0,0.0
2010,6,30,4.2,11.2,18.1,5.8,9.5,87.8,5.8,285.2,0.0,0.0
2010,7,1,4.1,12.3,20.5,3.2,9.0,84.6,7.8,293.6,0.0,0.0
2010,7,2,4.2,15.1,26.0,2.0,10.3,67.9,6.8,274.5,0.0,0.0
2010,7,3,15.4,21.8,28.1,0.0,16.0,71.9,6.4,233.6,0.0,0.0
2010,7,4,18.2,22.1,26.0,1.4,18.2,81.7,4.5,187.7,0.0,0.0
2010,7,5,16.6,24.4,32.1,4.6,20.8,81.2,4.2,202.8,0.0,0.0
2010,7,6,20.1,27.1,34.1,0.0,21.4,77.0,4.1,231.0,0.0,0.0
2010,7,7,19.6,26.7,33.7,0.0,22.6,79.0,3.8,232.9,0.0,0.0
2010,7,8,20.2,26.9,33.6,0.0,21.4,77.4,5.0,152.5,0.0,0.0
2010,7,9,19.5,25.2,30.8,31.7,21.6,87.8,4.0,206.0,0.0,0.0
2010,7,10,16.6,23.3,29.9,0.0,20.2,85.5,4.0,244.3,0.0,0.0
2010,7,11,15.0,23.0,31.0,0.0,17.9,75.3,4.3,164.1,0.0,0.0
2010,7,12,14.6,22.7,30.7,4.6,18.2,76.0,4.6,172.9,0.0,0.0
2010,7,13,18.3,21.5,24.7,18.5,19.3,93.1,5.0,186.1,0.0,0.0
2010,7,14,15.2,22.4,29.5,0.0,19.1,83.1,3.8,94.8,0.0,0.0
2010,7,15,13.8,22.6,31.3,3.8,17.8,74.8,3.5,162.5,0.0,0.0
2010,7,16,17.0,22.1,27.2,4.0,20.9,91.8,4.7,195.2,0.0,0.0
2010,7,17,17.4,23.3,29.2,4.0,19.4,85.2,5.8,246.8,0.0,0.0
2010,7,18,13.0,19.4,25.7,0.0,16.8,80.5,7.5,276.7,0.0,0.0
2010,7,19,11.5,17.3,23.1,-999.0,15.8,92.0,2.4,214.7,-999.0,0.0
2010,7,20,11.8,19.5,27.2,0.0,14.2,76.5,5.0,271.0,0.0,0.0
2010,7,21,10.4,18.2,25.9,7.8,15.8,87.5,3.5,207.5,0.0,0.0
2010,7,22,9.8,19.1,28.4,0.0,13.5,70.5,10.8,312.1,0.0,0.0
2010,7,23,8.1,17.1,26.0,5.8,12.8,77.0,4.0,185.5,0.0,0.0
2010,7,24,16.7,20.7,24.6,0.6,18.0,87.4,4.5,119.1,0.0,0.0
2010,7,25,12.3,18.2,24.1,0.0,15.3,77.4,9.6,292.2,0.0,0.0
2010,7,26,9.7,18.0,26.3,0.0,11.3,64.0,14.0,287.1,0.0,0.0
2010,7,27,8.9,19.0,29.1,0.0,14.4,73.4,5.2,258.8,0.0,0.0
2010,7,28,14.2,21.3,28.3,0.8,17.5,81.6,4.7,235.0,0.0,0.0
2010,7,29,7.3,14.2,21.1,0.0,12.3,71.9,11.0,297.1,0.0,0.0
2010,7,30,5.6,12.8,20.0,0.0,10.9,82.1,6.3,287.7,0.0,0.0
2010,7,31,6.9,16.1,25.2,0.0,10.1,73.0,2.9,233.7,0.0,0.0
2010,8,1,7.3,16.9,26.5,0.0,10.9,71.1,3.3,188.6,0.0,0.0
2010,8,2,10.6,19.8,28.9,7.4,15.9,78.3,4.9,155.5,0.0,0.0
2010,8,3,17.2,20.8,24.4,24.8,19.5,95.7,2.9,159.5,0.0,0.0
2010,8,4,18.6,23.7,28.8,1.5,20.8,89.6,5.1,243.6,0.0,0.0
2010,8,5,15.7,22.9,30.0,0.8,20.1,86.4,4.3,203.2,0.0,0.0
2010,8,6,4.6,12.5,20.3,0.0,10.1,75.5,9.3,286.1,0.0,0.0
2010,8,7,2.3,11.6,20.8,0.0,6.2,71.5,5.1,270.0,0.0,0.0
2010,8,8,7.3,15.6,23.8,4.0,13.7,82.7,4.4,215.5,0.0,0.0
2010,8,9,13.7,20.5,27.2,0.2,18.2,85.7,4.5,234.8,0.0,0.0
2010,8,10,10.6,17.5,24.3,1.0,15.3,87.4,3.9,281.4,0.0,0.0
2010,8,11,10.3,18.2,26.0,0.0,12.4,72.7,6.1,136.5,0.0,0.0
2010,8,12,9.7,17.2,24.7,0.0,10.0,65.1,7.7,87.5,0.0,0.0
2010,8,13,9.0,18.6,28.1,0.0,11.7,67.0,5.8,110.4,0.0,0.0
2010,8,14,12.4,19.5,26.6,0.0,16.6,80.4,4.5,142.4,0.0,0.0
2010,8,15,13.9,21.1,28.3,18.6,17.3,78.5,3.8,175.8,0.0,0.0
2010,8,16,16.4,21.5,26.5,8.8,19.2,94.8,4.3,172.9,0.0,0.0
2010,8,17,11.7,18.4,25.1,4.2,15.6,85.6,5.0,254.1,0.0,0.0
2010,8,18,9.9,17.3,24.7,0.0,13.4,82.7,3.5,220.0,0.0,0.0
2010,8,19,8.1,17.3,26.4,0.0,13.8,81.6,4.5,206.1,0.0,0.0
2010,8,20,6.4,14.7,23.0,0.0,9.9,74.6,7.5,283.5,0.0,0.0
2010,8,21,4.7,13.6,22.5,0.2,10.6,82.9,3.8,239.0,0.0,0.0
2010,8,22,12.0,14.2,16.4,2.0,13.8,92.3,10.1,71.7,0.0,0.0
2010,8,23,11.4,17.7,24.0,0.0,14.6,77.9,11.3,87.5,0.0,0.0
2010,8,24,8.9,17.6,26.2,0.0,13.0,76.8,5.1,128.7,0.0,0.0
2010,8,25,11.9,16.0,20.1,0.6,14.2,84.5,6.8,85.4,0.0,0.0
2010,8,26,13.5,18.7,23.9,2.2,15.8,91.3,6.3,249.6,0.0,0.0
2010,8,27,7.2,14.7,22.2,0.0,10.8,76.1,5.6,271.4,0.0,0.0
2010,8,28,9.2,17.0,24.7,1.4,15.1,85.4,3.6,248.4,0.0,0.0
2010,8,29,15.1,22.6,30.1,0.0,18.5,79.8,5.2,250.9,0.0,0.0
2010,8,30,12.5,21.4,30.3,0.0,17.7,83.3,4.3,264.3,0.0,0.0
2010,8,31,15.4,23.9,32.4,0.0,20.0,81.9,5.0,276.3,0.0,0.0
2010,9,1,17.5,24.8,32.0,-999.0,20.4,79.7,4.5,244.5,-999.0,0.0
2010,9,2,19.0,23.2,27.3,-999.0,19.8,85.0,4.7,251.8,-999.0,0.0
2010,9,3,18.4,22.4,26.4,-999.0,19.0,88.0,8.2,93.3,-999.0,0.0
2010,9,4,13.0,18.5,24.0,-999.0,14.7,78.9,7.1,205.4,-999.0,0.0
2010,9,5,8.1,12.6,17.1,-999.0,9.1,78.0,8.5,246.1,-999.0,0.0
2010,9,6,6.2,14.3,22.3,-999.0,10.8,82.3,5.9,240.9,-999.0,0.0
2010,9,7,14.2,16.3,18.3,-999.0,15.6,97.4,5.2,174.5,-999.0,0.0
2010,9,8,12.4,16.0,19.6,-999.0,15.1,94.7,7.9,145.8,-999.0,0.0
2010,9,9,11.7,13.7,15.6,-999.0,11.9,92.2,5.7,165.0,-999.0,0.0
2010,9,10,6.9,14.2,21.5,-999.0,10.3,77.5,8.3,281.3,-999.0,-999.0
2010,9,11,2.8,12.2,21.6,-999.0,7.5,71.0,6.1,140.0,-999.0,-999.0
2010,9,12,9.7,14.1,18.4,-999.0,10.4,78.6,10.9,102.5,-999.0,-999.0
2010,9,13,9.3,12.8,16.3,-999.0,12.7,96.5,3.6,191.0,-999.0,-999.0
2010,9,14,10.2,14.1,18.0,-999.0,11.8,92.5,5.0,233.2,-999.0,-999.0
2010,9,15,6.0,10.8,15.6,-999.0,8.0,83.2,8.5,299.5,-999.0,-999.0
2010,9,16,2.4,7.7,13.0,-999.0,7.5,91.9,3.1,246.2,-999.0,0.0
2010,9,17,2.2,10.7,19.1,-999.0,6.4,76.9,6.0,200.4,-999.0,0.0
2010,9,18,0.7,10.2,19.7,-999.0,7.8,86.9,2.9,247.1,-999.0,0.0
2010,9,19,4.1,11.9,19.6,-999.0,8.2,77.7,6.1,285.7,-999.0,0.0
2010,9,20,0.2,9.0,17.8,-999.0,3.7,76.7,7.7,310.5,-999.0,0.0
2010,9,21,-0.1,5.2,10.5,-999.0,6.1,95.9,4.6,200.9,-999.0,0.0
2010,9,22,4.5,13.6,22.6,-999.0,11.3,83.5,6.8,270.5,-999.0,0.0
2010,9,23,0.6,8.0,15.3,-999.0,5.4,81.0,4.6,284.7,-999.0,0.0
2010,9,24,8.0,9.1,10.2,-999.0,8.6,95.5,11.4,81.3,-999.0,0.0
2010,9,25,8.1,11.7,15.3,-999.0,10.5,97.0,8.9,89.6,-999.0,0.0
2010,9,26,7.8,10.1,12.3,-999.0,6.5,79.5,12.1,76.3,-999.0,0.0
2010,9,27,9.8,14.7,19.6,-999.0,11.2,85.4,8.0,97.1,-999.0,0.0
2010,9,28,14.0,16.9,19.8,-999.0,15.8,98.7,6.3,102.9,-999.0,0.0
2010,9,29,12.9,15.2,17.5,-999.0,13.7,89.1,5.1,215.8,-999.0,0.0
2010,9,30,10.7,13.2,15.7,-999.0,13.4,97.8,6.6,126.2,-999.0,0.0
2010,10,1,13.0,14.3,15.5,7.0,-999.0,-999.0,7.8,284.2,0.0,0.0
2010,10,2,4.0,9.0,14.0,0.0,-999.0,-999.0,9.5,292.1,0.0,0.0
2010,10,3,0.5,7.5,14.5,0.0,-999.0,-999.0,6.4,259.5,0.0,0.0
2010,10,4,-0.5,7.3,15.0,0.0,-999.0,-999.0,5.4,119.5,0.0,0.0
2010,10,5,0.0,10.0,20.0,0.0,-999.0,-999.0,4.5,206.4,0.0,0.0
2010,10,6,4.0,9.0,14.0,6.0,-999.0,-999.0,10.0,73.3,0.0,0.0
2010,10,7,9.0,12.8,16.5,2.8,-999.0,-999.0,10.3,250.4,0.0,0.0
2010,10,8,-999.0,-999.0,-999.0,0.0,-999.0,-999.0,9.1,269.0,0.0,0.0
2010,10,9,2.0,6.5,11.0,0.0,-999.0,-999.0,12.2,289.6,0.0,0.0
2010,10,10,0.0,7.0,14.0,0.0,-999.0,-999.0,7.0,270.8,0.0,0.0
2010,10,11,1.0,6.5,12.0,0.0,-999.0,-999.0,9.2,295.7,0.0,0.0
2010,10,12,1.5,7.0,12.5,0.0,-999.0,-999.0,6.9,301.8,0.0,0.0
2010,10,13,2.0,7.5,13.0,0.0,-999.0,-999.0,4.8,271.8,0.0,0.0
2010,10,14,2.0,6.5,11.0,0.8,-999.0,-999.0,8.1,62.5,0.0,0.0
2010,10,15,5.5,7.5,9.5,41.4,-999.0,-999.0,14.2,55.0,0.0,0.0
2010,10,16,5.5,8.8,12.0,0.0,-999.0,-999.0,10.4,330.0,0.0,0.0
2010,10,17,1.5,7.3,13.0,0.2,-999.0,-999.0,7.6,282.5,0.0,0.0
2010,10,18,0.0,5.0,10.0,0.2,-999.0,-999.0,8.3,282.6,0.0,0.0
2010,10,19,-3.0,3.8,10.5,0.0,-999.0,-999.0,4.3,229.1,0.0,0.0
2010,10,20,2.5,7.8,13.0,1.8,-999.0,-999.0,6.1,202.5,0.0,0.0
2010,10,21,5.0,6.5,8.0,12.9,-999.0,-999.0,5.6,95.5,0.0,0.0
2010,10,22,1.5,4.0,6.5,0.0,-999.0,-999.0,-999.0,-999.0,0.0,0.0
2010,10,23,0.0,4.0,8.0,0.0,-999.0,-999.0,-999.0,-999.0,0.0,0.0
2010,10,24,-4.5,2.0,8.5,3.6,-999.0,-999.0,-999.0,-999.0,0.0,0.0
2010,10,25,-2.4,1.8,6.0,9.7,-999.0,-999.0,-999.0,-999.0,0.0,0.0
2010,10,26,-999.0,-999.0,-999.0,6.2,-999.0,-999.0,-999.0,-999.0,0.0,0.0
2010,10,27,6.5,12.5,18.5,0.0,-999.0,-999.0,-999.0,-999.0,0.0,0.0
2010,10,28,3.5,9.8,16.0,0.0,-999.0,-999.0,6.3,257.3,0.0,0.0
2010,10,29,4.0,6.0,8.0,0.6,-999.0,-999.0,6.5,277.0,0.0,0.0
2010,10,30,-1.5,1.8,5.0,0.0,-999.0,-999.0,6.3,254.2,0.0,0.0
2010,10,31,-4.0,-0.3,3.5,0.0,-999.0,-999.0,7.3,254.2,0.0,0.0
2010,11,1,0.5,4.0,7.5,0.0,-999.0,-999.0,9.4,295.2,0.0,0.0
2010,11,2,0.0,4.5,9.0,0.0,-2.3,71.1,6.6,329.0,0.0,0.0
2010,11,3,-5.3,1.1,7.4,0.0,-2.7,90.0,3.2,188.5,0.0,0.0
2010,11,4,-1.9,2.1,6.2,14.0,0.6,86.9,8.9,71.7,0.0,0.0
2010,11,5,3.1,4.0,4.9,14.0,3.5,96.8,9.4,116.3,0.0,0.0
2010,11,6,-3.5,1.5,6.4,0.0,0.5,88.4,6.5,281.3,0.0,0.0
2010,11,7,-5.2,-0.1,4.9,0.8,-2.9,86.1,5.7,280.5,0.0,0.0
2010,11,8,-2.4,1.5,5.3,1.0,-1.0,86.3,4.8,299.0,0.0,0.0
2010,11,9,-0.2,3.6,7.3,1.6,1.4,83.5,5.1,243.0,0.0,0.0
2010,11,10,-3.5,2.1,7.7,0.0,-1.5,83.5,5.9,174.8,0.0,0.0
2010,11,11,-2.5,3.1,8.8,0.0,-2.2,82.8,5.3,123.6,0.0,0.0
2010,11,12,-4.1,3.3,10.6,0.0,-3.6,78.8,2.6,202.6,0.0,0.0
2010,11,13,-3.9,3.0,9.8,0.0,-0.6,84.1,3.5,233.9,0.0,0.0
2010,11,14,1.8,4.5,7.3,2.0,-1.7,62.4,16.8,84.2,0.0,0.0
2010,11,15,-2.7,3.6,9.9,0.0,1.7,86.8,5.1,145.0,0.0,0.0
2010,11,16,-0.7,4.1,8.8,18.4,1.9,92.7,2.6,138.3,0.0,0.0
2010,11,17,2.5,4.9,7.3,26.6,4.8,94.2,15.7,109.2,0.0,0.0
2010,11,18,-1.6,2.2,5.9,0.0,-1.0,75.6,14.8,278.3,0.0,0.0
2010,11,19,-8.2,-3.3,1.6,3.5,-8.2,67.8,8.9,272.3,3.5,0.0
2010,11,20,-5.2,-1.2,2.8,0.0,-4.8,79.5,12.9,225.2,0.0,3.0
2010,11,21,-10.8,-5.3,0.3,2.0,-10.9,66.9,6.0,243.0,2.0,3.0
2010,11,22,-5.4,-2.7,0.0,15.8,-3.5,89.2,9.5,81.7,1.0,2.0
2010,11,23,-0.6,1.1,2.8,7.2,0.4,96.8,7.0,119.6,0.0,1.0
2010,11,24,-7.2,-3.2,0.8,0.0,-7.6,68.1,20.3,297.9,0.0,1.0
2010,11,25,-9.7,-5.5,-1.4,-999.0,-10.7,74.1,7.4,251.4,-999.0,1.0
2010,11,26,-7.1,-3.3,0.5,6.0,-5.2,90.0,9.7,162.5,6.0,2.0
2010,11,27,-8.2,-4.2,-0.1,2.0,-3.9,92.0,8.3,225.4,2.0,10.0
2010,11,28,-13.7,-7.3,-0.9,0.0,-6.5,91.2,3.3,258.5,0.0,12.0
2010,11,29,-9.4,-3.6,2.3,0.0,-5.5,89.8,2.9,206.2,0.0,12.0
2010,11,30,-7.0,-1.9,3.3,17.0,-3.0,86.3,11.1,80.4,0.0,4.0
2010,12,1,1.7,3.3,4.8,31.8,2.5,91.8,19.5,91.3,0.0,4.0
2010,12,2,-0.9,0.6,2.0,0.0,-0.1,95.2,3.7,198.1,0.0,0.0
2010,12,3,-3.4,0.7,4.7,3.0,-1.5,87.7,7.7,298.3,3.0,0.0
2010,12,4,-3.9,-1.4,1.1,6.0,-1.7,95.3,11.5,295.0,6.0,3.0
2010,12,5,-5.8,-4.8,-3.8,2.5,-5.4,95.0,5.0,215.4,2.5,5.0
2010,12,6,-5.8,-3.8,-1.7,22.0,-4.6,95.3,9.3,273.6,22.0,6.0
2010,12,7,-7.3,-4.9,-2.5,4.0,-4.6,95.7,10.0,238.8,4.0,10.0
2010,12,8,-10.4,-8.5,-6.6,0.0,-9.3,92.0,9.6,255.0,0.0,10.0
2010,12,9,-22.1,-15.4,-8.6,0.0,-13.7,88.2,6.3,272.1,0.0,10.0
2010,12,10,-25.1,-16.9,-8.6,4.0,-18.4,82.6,5.3,145.2,4.0,10.0
2010,12,11,-14.5,-8.1,-1.6,1.5,-9.3,91.1,3.6,169.1,1.5,14.0
2010,12,12,-9.3,-3.4,2.5,35.4,-5.4,91.1,17.2,77.1,14.0,14.0
2010,12,13,-5.0,0.2,5.3,9.0,1.5,94.9,10.5,182.1,5.0,13.0
2010,12,14,-18.4,-11.7,-5.0,1.0,-11.8,88.7,5.3,216.5,1.0,14.0
2010,12,15,-19.2,-14.9,-10.6,4.0,-16.6,86.3,6.2,263.2,4.0,14.0
2010,12,16,-18.0,-13.8,-9.5,1.5,-15.4,86.6,2.5,146.0,1.5,10.0
2010,12,17,-23.7,-16.0,-8.3,0.0,-19.1,83.0,2.8,249.4,0.0,11.0
2010,12,18,-18.2,-12.2,-6.1,0.0,-11.8,88.3,3.2,76.2,0.0,11.0
2010,12,19,-17.0,-11.0,-4.9,0.0,-10.0,89.4,3.6,285.0,0.0,11.0
2010,12,20,-18.4,-11.5,-4.6,0.0,-12.7,86.1,3.6,249.0,0.0,11.0
2010,12,21,-4.8,-1.1,2.7,0.0,-5.1,82.3,8.2,318.7,0.0,11.0
2010,12,22,-3.1,-1.3,0.5,-999.0,-3.6,84.7,10.2,320.0,-999.0,11.0
2010,12,23,-9.4,-5.2,-1.0,0.0,-7.0,77.5,16.5,322.1,0.0,13.0
2010,12,24,-15.1,-9.0,-2.9,0.0,-12.3,75.3,10.4,308.3,0.0,13.0
2010,12,25,-14.9,-9.4,-3.9,0.0,-14.3,71.1,7.3,274.3,0.0,13.0
2010,12,26,-16.9,-11.2,-5.4,0.0,-15.1,75.5,4.8,263.7,0.0,13.0
2010,12,27,-12.2,-10.7,-9.1,0.0,-15.8,64.4,18.3,332.1,0.0,13.0
2010,12,28,-14.8,-9.4,-3.9,0.0,-15.8,61.5,16.5,305.8,0.0,13.0
2010,12,29,-16.2,-9.0,-1.8,0.0,-13.2,71.0,5.9,251.7,0.0,12.0
2010,12,30,-9.4,-4.3,0.9,0.0,-6.6,89.2,3.2,258.2,0.0,12.0
2010,12,31,-4.7,-2.0,0.7,0.0,-2.1,94.8,1.3,155.7,0.0,12.0
