Year,Month,Day,Tmin,Tair,Tmax,Prcp,Tdew,RelH,WndS,WndD,Pres,Snow,SnDh
2008,1,1,-9.0,-6.8,-4.5,0.3,-9.2,83.2,14.3,141.9,1006.0,0.4,43.0
2008,1,2,-20.6,-14.0,-7.4,0.0,-20.2,55.2,17.6,251.5,1006.1,0.0,43.0
2008,1,3,-24.8,-20.9,-16.9,0.0,-27.5,55.0,15.3,265.2,1023.5,0.0,43.0
2008,1,4,-20.1,-12.1,-4.1,2.0,-15.9,77.4,14.3,251.8,1015.6,2.0,44.0
2008,1,5,-4.9,-3.4,-1.8,0.0,-6.1,82.7,6.5,202.2,1013.3,0.0,44.0
2008,1,6,-3.4,-1.2,1.1,2.3,-1.9,92.1,5.3,196.5,1009.3,1.8,43.0
2008,1,7,0.2,1.8,3.4,2.5,0.9,93.8,5.1,219.7,1007.3,0.0,42.0
2008,1,8,0.6,3.1,5.6,13.6,1.8,94.5,8.8,124.3,1002.8,0.0,35.0
2008,1,9,0.0,3.2,6.4,8.3,-0.9,83.8,31.3,141.1,989.6,3.0,29.0
2008,1,10,-6.1,-2.0,2.1,0.5,-5.3,68.3,32.5,258.8,1003.9,1.0,27.0
2008,1,11,-6.4,-3.5,-0.5,13.3,-5.3,84.4,21.4,93.2,1001.5,16.8,25.0
2008,1,12,-8.2,-2.7,2.8,0.8,-5.8,69.5,25.5,239.4,1001.7,0.8,27.0
2008,1,13,-13.1,-9.9,-6.6,0.0,-14.3,68.5,14.6,197.9,1015.8,0.0,27.0
2008,1,14,-7.7,-6.7,-5.7,0.0,-10.7,74.1,23.1,71.5,1010.0,0.0,27.0
2008,1,15,-9.1,-7.1,-5.0,0.0,-11.8,69.8,11.6,225.6,1000.3,0.0,27.0
2008,1,16,-15.9,-11.5,-7.0,0.0,-14.5,68.5,11.6,254.4,1012.3,0.0,27.0
2008,1,17,-18.8,-11.9,-4.9,0.0,-15.7,69.8,3.5,133.3,1016.2,0.0,27.0
2008,1,18,-7.7,-2.9,2.0,15.1,-6.2,79.3,24.5,160.9,997.5,17.2,29.0
2008,1,19,-14.8,-9.7,-4.6,0.3,-12.1,69.4,17.3,260.9,1001.3,0.3,43.0
2008,1,20,-24.3,-19.2,-14.0,0.0,-26.0,56.3,17.5,273.1,1007.0,0.0,43.0
2008,1,21,-28.3,-23.2,-18.0,0.0,-29.4,55.8,15.8,253.3,1021.5,0.0,42.0
2008,1,22,-21.5,-15.3,-9.0,8.8,-17.3,77.5,7.3,56.6,1009.0,9.0,43.0
2008,1,23,-22.0,-14.4,-6.8,1.2,-15.2,76.0,19.9,247.2,1000.5,2.2,52.0
2008,1,24,-28.3,-22.1,-15.9,0.0,-26.6,60.8,8.2,228.9,1009.5,0.0,51.0
2008,1,25,-28.9,-20.9,-12.8,0.0,-22.8,70.2,11.8,248.7,1009.4,0.0,51.0
2008,1,26,-17.8,-12.7,-7.5,0.0,-17.4,70.7,8.6,204.7,1013.8,0.0,50.0
2008,1,27,-19.1,-13.2,-7.3,0.2,-16.4,74.3,9.8,47.8,1015.7,0.2,52.0
2008,1,28,-17.5,-11.0,-4.4,0.0,-14.1,75.8,5.9,135.7,1012.8,0.0,53.0
2008,1,29,-13.0,-8.3,-3.6,0.0,-10.3,80.6,13.1,94.6,1001.8,0.0,53.0
2008,1,30,-10.1,-4.4,1.4,18.4,-5.2,81.8,23.5,145.9,989.7,3.0,52.0
2008,1,31,-16.0,-11.8,-7.6,0.0,-16.0,63.2,28.1,250.0,1019.3,0.0,46.0
2008,2,1,-17.5,-12.4,-7.3,27.6,-13.9,78.7,21.5,62.4,1023.9,41.1,46.0
2008,2,2,-12.7,-8.5,-4.3,5.4,-9.2,82.3,24.9,185.7,1003.3,2.0,83.0
2008,2,3,-17.9,-12.1,-6.2,0.0,-13.6,80.7,10.3,242.5,1012.5,0.0,78.0
2008,2,4,-18.3,-11.8,-5.3,1.4,-14.4,79.9,6.0,196.4,1018.9,2.8,77.0
2008,2,5,-10.2,-6.0,-1.8,13.8,-6.5,87.0,17.7,103.0,1004.0,17.0,78.0
2008,2,6,-10.7,-7.0,-3.3,0.6,-9.1,78.3,5.7,256.4,1000.3,0.4,83.0
2008,2,7,-11.6,-10.8,-10.0,0.1,-14.9,73.0,18.9,70.3,1004.5,0.2,87.0
2008,2,8,-17.3,-12.2,-7.0,0.9,-12.9,79.3,8.4,173.9,1007.3,0.8,87.0
2008,2,9,-18.6,-11.2,-3.7,5.5,-12.3,81.2,5.3,149.3,1006.3,11.0,86.0
2008,2,10,-8.1,-5.2,-2.3,11.6,-5.4,87.5,19.2,121.5,990.8,11.1,95.0
2008,2,11,-16.4,-12.3,-8.1,0.2,-15.9,76.2,35.0,251.7,1001.1,0.2,105.0
2008,2,12,-19.9,-16.7,-13.4,2.6,-21.6,65.1,20.5,214.4,1017.9,5.2,105.0
2008,2,13,-14.8,-9.8,-4.7,10.0,-10.8,82.1,19.3,82.7,1002.8,12.1,105.0
2008,2,14,-13.7,-9.0,-4.3,2.9,-13.3,66.8,15.1,267.6,1003.9,5.0,115.0
2008,2,15,-19.2,-11.1,-2.9,3.0,-13.2,73.8,16.0,218.2,1002.3,1.6,119.0
2008,2,16,-23.4,-18.5,-13.6,0.3,-24.9,58.2,15.6,230.8,1014.7,0.6,119.0
2008,2,17,-21.1,-11.1,-1.0,11.0,-15.1,70.7,8.6,65.3,1008.4,10.6,116.0
2008,2,18,-1.0,2.4,5.8,1.3,-0.9,84.5,15.3,136.3,987.7,0.0,120.0
2008,2,19,-10.1,-4.4,1.3,2.9,-6.7,79.1,23.3,247.5,990.9,3.7,118.0
2008,2,20,-18.9,-14.5,-10.1,0.0,-20.0,61.8,23.4,269.8,1003.5,0.0,119.0
2008,2,21,-21.5,-17.1,-12.6,0.0,-23.4,58.4,17.6,244.0,1014.6,0.0,119.0
2008,2,22,-22.9,-14.7,-6.5,0.9,-18.5,67.6,5.3,132.2,1012.6,1.0,119.0
2008,2,23,-18.6,-12.4,-6.1,0.0,-15.6,72.5,13.7,226.2,1005.6,0.0,120.0
2008,2,24,-14.0,-7.8,-1.5,0.0,-11.6,73.7,21.8,251.1,1003.6,0.0,120.0
2008,2,25,-5.6,-3.0,-0.3,0.0,-7.0,74.8,12.9,241.6,1000.8,0.0,120.0
2008,2,26,-5.6,-4.0,-2.4,5.3,-6.3,82.9,15.9,121.7,998.5,9.0,120.0
2008,2,27,-12.8,-8.5,-4.2,2.6,-9.4,77.8,17.1,123.8,990.7,2.6,120.0
2008,2,28,-19.4,-14.6,-9.8,0.0,-22.4,51.3,16.3,290.8,1006.0,0.0,102.0
2008,2,29,-26.4,-18.4,-10.3,1.8,-25.6,48.3,8.4,190.0,1021.6,3.5,102.0
2008,3,1,-12.2,-8.6,-4.9,4.3,-11.2,79.5,21.9,67.3,1007.0,5.4,106.0
2008,3,2,-11.4,-6.5,-1.5,0.3,-12.4,58.9,17.1,298.8,1009.3,0.0,102.0
2008,3,3,-16.8,-7.1,2.6,1.4,-11.6,71.6,7.9,108.0,1005.9,0.0,98.0
2008,3,4,-8.5,-2.8,2.9,4.2,-8.6,63.4,19.6,264.0,1004.0,5.4,94.0
2008,3,5,-11.8,-10.1,-8.3,22.1,-12.8,78.3,35.4,106.0,1001.1,27.2,94.0
2008,3,6,-14.8,-8.0,-1.2,0.0,-12.6,70.1,12.4,219.2,1011.5,0.0,119.0
2008,3,7,-8.8,-2.1,4.7,3.1,-6.2,68.9,4.5,133.8,1013.7,5.0,119.0
2008,3,8,-7.9,-3.8,0.3,18.3,-5.3,84.8,26.0,95.7,1001.3,25.4,117.0
2008,3,9,-13.4,-9.9,-6.3,7.7,-12.5,75.2,24.6,157.1,998.1,12.3,110.0
2008,3,10,-20.3,-13.5,-6.6,0.0,-17.8,63.0,12.9,248.9,1014.4,0.0,110.0
2008,3,11,-18.6,-10.6,-2.5,0.2,-14.3,68.4,12.1,252.2,1005.4,0.4,110.0
2008,3,12,-12.1,-5.3,1.5,0.0,-9.1,69.5,10.3,245.2,995.7,0.0,110.0
2008,3,13,-17.5,-11.9,-6.3,0.0,-19.3,50.1,10.9,210.3,1006.7,0.0,110.0
2008,3,14,-9.1,-7.2,-5.2,0.7,-12.3,66.8,22.9,75.0,1003.8,1.0,105.0
2008,3,15,-6.6,-4.2,-1.7,13.9,-6.8,79.6,17.4,76.3,1001.2,14.9,106.0
2008,3,16,-5.6,-1.0,3.6,0.1,-5.3,73.8,14.3,275.6,1006.9,0.0,123.0
2008,3,17,-10.7,-5.3,0.2,0.0,-12.8,54.9,14.8,232.8,1023.0,0.0,117.0
2008,3,18,-12.6,-5.3,2.0,0.0,-13.7,53.1,7.7,95.2,1020.9,0.0,115.0
2008,3,19,-3.9,-2.1,-0.3,20.0,-4.6,80.9,19.8,74.6,1003.3,27.8,113.0
2008,3,20,-5.5,-3.1,-0.6,11.7,-3.5,88.0,14.9,114.7,989.8,7.7,124.0
2008,3,21,-11.4,-8.5,-5.5,0.1,-12.8,71.0,33.4,277.1,991.8,0.2,126.0
2008,3,22,-12.1,-7.8,-3.5,0.0,-13.4,64.5,29.2,274.4,996.1,0.0,131.0
2008,3,23,-18.0,-12.6,-7.2,0.0,-19.1,52.0,25.4,271.3,1008.0,0.0,129.0
2008,3,24,-23.8,-15.4,-6.9,0.0,-22.6,47.8,11.3,212.5,1015.7,0.0,129.0
2008,3,25,-20.2,-9.6,1.1,1.6,-16.0,53.8,8.4,128.8,1012.3,3.2,124.0
2008,3,26,-8.1,-2.3,3.5,5.3,-4.3,75.4,17.3,217.8,999.2,4.0,126.0
2008,3,27,-10.7,-4.7,1.3,3.6,-7.9,76.0,8.8,179.8,1005.5,3.5,125.0
2008,3,28,-10.4,-5.9,-1.3,1.6,-11.1,63.1,11.6,91.7,1008.0,2.0,121.0
2008,3,29,-14.1,-7.5,-0.9,0.2,-13.9,55.5,15.4,308.1,1015.7,0.0,124.0
2008,3,30,-9.9,-3.9,2.2,0.0,-11.8,54.0,9.8,261.1,1028.0,0.0,114.0
2008,3,31,-5.4,-1.2,3.1,13.2,-5.8,72.1,7.8,103.5,1019.2,13.0,110.0
2008,4,1,-0.1,2.8,5.6,16.9,-0.9,88.0,18.0,84.5,996.7,0.0,115.0
2008,4,2,-5.7,-1.6,2.5,0.0,-9.7,56.6,39.2,275.4,1004.5,0.0,111.0
2008,4,3,-8.0,-1.9,4.3,0.0,-7.4,61.7,22.4,241.3,1013.3,0.0,110.0
2008,4,4,-4.6,0.6,5.7,9.9,-5.2,64.5,8.4,140.5,1007.2,10.6,108.0
2008,4,5,0.4,2.0,3.6,3.0,-0.5,85.9,11.9,75.7,1006.5,0.6,97.0
2008,4,6,-0.4,2.5,5.3,0.0,-0.6,79.8,14.1,68.2,1021.2,0.0,97.0
2008,4,7,0.8,3.8,6.8,0.0,-2.1,68.5,16.1,73.6,1022.3,0.0,96.0
2008,4,8,-0.3,4.2,8.7,0.0,-3.7,59.1,10.9,65.5,1018.0,0.0,92.0
2008,4,9,-0.6,5.2,10.9,0.0,-2.6,61.5,8.3,55.9,1010.8,0.0,87.0
2008,4,10,1.9,4.7,7.5,0.0,-1.4,68.8,25.8,259.5,1006.5,0.0,85.0
2008,4,11,0.5,3.3,6.0,1.8,-3.0,66.7,12.2,238.1,1007.3,2.2,85.0
2008,4,12,-0.2,0.8,1.7,11.6,-0.2,94.5,20.0,93.8,994.0,10.6,85.0
2008,4,13,-2.0,1.3,4.6,0.3,-1.5,79.9,10.5,232.4,994.8,0.0,62.0
2008,4,14,-2.2,3.1,8.3,0.0,-6.3,53.0,12.4,302.3,1003.1,0.0,58.0
2008,4,15,-4.8,1.4,7.5,0.0,-6.5,54.8,13.8,246.9,1010.3,0.0,57.0
2008,4,16,-3.3,4.7,12.6,0.0,-3.3,56.5,10.7,231.4,1011.5,0.0,55.0
2008,4,17,-1.3,8.9,19.1,0.0,-2.5,49.0,6.7,222.8,1009.5,0.0,52.0
2008,4,18,2.8,7.5,12.1,0.0,0.2,58.0,13.2,92.7,1009.4,0.0,34.0
2008,4,19,2.6,5.1,7.6,0.0,-0.3,65.9,19.7,76.5,1011.7,0.0,28.0
2008,4,20,2.6,7.1,11.6,0.0,-0.4,63.3,17.6,73.3,1014.0,0.0,16.0
2008,4,21,3.2,7.6,12.0,0.0,1.6,71.5,14.8,74.0,1018.1,0.0,9.0
2008,4,22,4.1,9.3,14.5,0.0,2.5,69.3,9.3,69.2,1014.8,0.0,0.0
2008,4,23,2.4,8.3,14.2,0.6,2.9,80.3,12.2,71.7,1009.3,0.0,0.0
2008,4,24,1.5,9.3,17.1,0.0,-0.3,58.8,12.9,223.5,1012.0,0.0,0.0
2008,4,25,1.9,7.1,12.2,0.0,-1.5,54.2,13.7,79.6,1013.5,0.0,0.0
2008,4,26,3.9,9.3,14.7,0.3,0.1,57.0,20.6,70.0,1013.0,0.0,0.0
2008,4,27,5.8,9.3,12.8,0.2,4.6,74.3,16.3,74.6,1012.2,0.0,0.0
2008,4,28,5.5,9.0,12.4,27.5,5.3,85.3,21.1,76.0,1007.0,0.0,0.0
2008,4,29,0.4,4.0,7.6,26.5,4.6,94.3,15.8,151.1,996.8,0.2,0.0
2008,4,30,-0.3,3.5,7.2,0.0,-3.1,67.7,17.0,233.2,1004.0,0.0,0.0
2008,5,1,-1.4,3.9,9.1,0.0,-4.5,58.5,9.6,200.2,1012.3,-999.0,-999.0
2008,5,2,-0.9,5.1,11.1,0.0,-3.3,55.3,11.3,67.3,1013.8,-999.0,-999.0
2008,5,3,3.3,6.5,9.6,0.0,2.1,73.4,21.9,82.3,1011.3,-999.0,-999.0
2008,5,4,6.3,7.5,8.7,7.5,6.0,89.3,10.8,79.6,1006.3,-999.0,-999.0
2008,5,5,6.3,11.4,16.4,0.0,4.3,67.4,12.9,213.3,1007.5,-999.0,-999.0
2008,5,6,3.9,12.3,20.6,0.0,2.5,54.3,13.0,189.8,1003.5,-999.0,-999.0
2008,5,7,5.1,10.6,16.1,6.6,-0.4,46.3,10.8,257.3,1001.8,-999.0,-999.0
2008,5,8,6.1,10.9,15.6,8.6,6.2,80.2,16.6,180.0,992.5,-999.0,-999.0
2008,5,9,4.5,10.7,16.8,0.0,1.1,54.1,13.1,206.7,1001.5,-999.0,-999.0
2008,5,10,5.5,9.4,13.3,0.0,2.6,63.1,20.6,74.0,1003.0,-999.0,-999.0
2008,5,11,5.2,10.3,15.3,0.0,3.1,67.0,19.1,69.5,1005.0,-999.0,-999.0
2008,5,12,7.1,12.3,17.5,0.0,2.1,54.2,17.9,70.3,1005.8,-999.0,-999.0
2008,5,13,6.3,13.6,20.8,0.0,1.3,45.3,8.1,120.6,1009.4,-999.0,-999.0
2008,5,14,6.7,16.0,25.2,0.0,2.5,41.9,10.2,75.6,1006.3,-999.0,-999.0
2008,5,15,6.7,12.0,17.2,0.9,6.0,59.3,12.9,220.7,1003.3,-999.0,-999.0
2008,5,16,4.2,11.1,18.0,0.0,1.1,51.1,9.3,208.2,1000.1,-999.0,-999.0
2008,5,17,4.2,11.6,18.9,0.0,1.4,50.6,11.6,113.7,988.2,-999.0,-999.0
2008,5,18,8.3,14.0,19.7,2.3,4.8,57.3,14.3,257.2,982.5,-999.0,-999.0
2008,5,19,7.1,9.1,11.0,3.7,6.7,83.4,18.2,240.0,980.0,-999.0,-999.0
2008,5,20,5.5,10.1,14.7,0.0,3.5,69.2,21.2,266.8,985.6,-999.0,-999.0
2008,5,21,5.9,10.8,15.7,11.5,5.8,76.8,9.8,151.1,986.8,-999.0,-999.0
2008,5,22,6.5,9.2,11.8,3.8,6.6,85.0,6.0,176.8,991.2,-999.0,-999.0
2008,5,23,7.0,11.8,16.5,0.0,5.3,65.7,12.8,259.3,996.8,-999.0,-999.0
2008,5,24,6.1,12.9,19.6,0.0,1.7,49.8,14.4,300.4,1002.2,-999.0,-999.0
2008,5,25,4.9,13.8,22.7,0.0,2.7,45.9,18.5,240.0,1004.1,-999.0,-999.0
2008,5,26,11.3,13.3,15.2,4.3,8.8,74.2,12.4,195.1,997.9,-999.0,-999.0
2008,5,27,4.0,9.2,14.3,9.0,4.8,67.0,18.5,284.3,999.3,-999.0,-999.0
2008,5,28,1.7,9.1,16.4,0.0,-0.2,51.1,23.0,261.3,1008.7,-999.0,-999.0
2008,5,29,5.7,12.0,18.3,0.0,1.4,46.5,28.0,277.6,1002.8,-999.0,-999.0
2008,5,30,2.8,10.5,18.2,0.0,1.2,50.4,11.4,234.2,1008.8,-999.0,-999.0
2008,5,31,9.5,10.7,11.9,8.2,7.6,81.6,15.2,76.9,997.3,-999.0,-999.0
2008,6,1,9.2,10.6,11.9,4.6,9.1,92.4,9.6,99.9,995.0,-999.0,-999.0
2008,6,2,9.2,14.0,18.8,6.5,9.3,79.0,9.6,179.0,999.7,-999.0,-999.0
2008,6,3,7.5,13.0,18.4,1.9,9.1,77.2,9.4,239.9,1003.8,-999.0,-999.0
2008,6,4,7.9,13.4,18.9,0.0,3.8,55.4,17.9,91.8,1007.2,-999.0,-999.0
2008,6,5,9.4,15.5,21.6,0.0,4.5,51.3,15.5,74.6,1010.7,-999.0,-999.0
2008,6,6,12.9,15.8,18.7,0.0,11.2,73.0,8.0,150.6,1009.2,-999.0,-999.0
2008,6,7,15.7,22.5,29.3,0.9,16.9,78.5,9.4,197.7,1001.9,-999.0,-999.0
2008,6,8,16.8,23.6,30.3,18.5,18.7,77.7,16.6,237.1,997.2,-999.0,-999.0
2008,6,9,14.3,17.2,20.1,0.0,12.1,68.7,13.8,112.1,1000.8,-999.0,-999.0
2008,6,10,13.4,21.1,28.7,10.3,15.3,79.6,8.6,95.6,999.9,-999.0,-999.0
2008,6,11,11.7,17.1,22.4,1.7,14.0,78.0,19.6,259.6,1002.8,-999.0,-999.0
2008,6,12,8.9,16.0,23.0,0.0,5.3,52.5,14.2,291.3,1013.7,-999.0,-999.0
2008,6,13,8.0,16.0,23.9,0.0,5.7,48.2,8.3,160.4,1014.2,-999.0,-999.0
2008,6,14,13.5,18.9,24.2,6.8,8.4,55.9,15.0,69.2,1006.4,-999.0,-999.0
2008,6,15,12.2,15.4,18.6,46.6,12.9,86.4,17.4,71.3,1001.9,-999.0,-999.0
2008,6,16,13.6,15.7,17.7,6.4,13.8,88.8,16.3,74.6,997.8,-999.0,-999.0
2008,6,17,13.6,16.7,19.7,2.3,14.1,87.5,11.3,101.0,995.5,-999.0,-999.0
2008,6,18,13.2,16.0,18.7,13.4,12.7,87.0,9.7,137.1,997.0,-999.0,-999.0
2008,6,19,12.8,15.1,17.3,32.5,12.6,88.9,10.7,106.8,1001.3,-999.0,-999.0
2008,6,20,13.0,17.2,21.4,1.1,12.9,81.2,8.3,227.9,1004.5,-999.0,-999.0
2008,6,21,12.6,17.9,23.1,0.0,13.7,80.3,8.4,248.5,1005.6,-999.0,-999.0
2008,6,22,12.9,16.2,19.5,4.8,14.8,89.9,8.9,80.2,1005.0,-999.0,-999.0
2008,6,23,14.7,18.8,22.8,8.0,15.7,87.3,5.8,138.4,1003.9,-999.0,-999.0
2008,6,24,12.3,18.6,24.8,0.4,13.1,72.7,18.0,261.7,1003.8,-999.0,-999.0
2008,6,25,10.3,17.9,25.4,9.2,11.8,66.6,16.8,248.5,1005.8,-999.0,-999.0
2008,6,26,14.5,17.4,20.2,3.2,15.8,91.3,6.0,203.9,999.7,-999.0,-999.0
2008,6,27,13.6,17.1,20.6,0.0,13.9,84.9,14.1,83.2,1001.6,-999.0,-999.0
2008,6,28,13.3,16.0,18.7,25.9,13.7,89.0,22.1,74.8,1003.7,-999.0,-999.0
2008,6,29,14.1,15.5,16.8,23.9,14.1,93.3,19.8,76.0,999.0,-999.0,-999.0
2008,6,30,14.4,19.5,24.6,2.3,14.8,77.1,15.2,192.3,995.4,-999.0,-999.0
2008,7,1,15.1,19.9,24.6,0.0,12.9,66.5,13.6,244.4,1001.0,-999.0,-999.0
2008,7,2,12.7,19.6,26.4,0.0,12.9,64.3,10.9,235.3,1002.4,-999.0,-999.0
2008,7,3,10.5,16.1,21.7,28.9,13.3,79.3,11.2,254.4,999.3,-999.0,-999.0
2008,7,4,9.1,16.3,23.5,1.9,11.2,74.5,12.2,212.8,1007.0,-999.0,-999.0
2008,7,5,11.9,18.9,25.8,0.0,12.7,68.2,12.4,217.3,1006.9,-999.0,-999.0
2008,7,6,12.8,19.8,26.7,0.0,13.9,67.1,12.5,237.3,1006.8,-999.0,-999.0
2008,7,7,14.5,21.9,29.2,0.4,15.6,65.3,15.1,249.9,1004.8,-999.0,-999.0
2008,7,8,17.6,23.7,29.8,0.0,18.1,71.0,10.1,235.4,1000.1,-999.0,-999.0
2008,7,9,20.9,21.9,22.9,12.6,20.5,90.3,9.4,220.4,995.2,-999.0,-999.0
2008,7,10,12.6,17.8,23.0,8.3,15.1,76.9,20.1,258.9,998.8,-999.0,-999.0
2008,7,11,12.5,17.8,23.1,0.0,11.2,68.0,13.3,249.6,1008.2,-999.0,-999.0
2008,7,12,10.9,18.5,26.0,0.0,12.1,64.5,6.5,162.4,1008.8,-999.0,-999.0
2008,7,13,18.0,20.0,22.0,42.0,18.0,88.3,14.8,158.0,996.8,-999.0,-999.0
2008,7,14,15.4,19.7,23.9,0.0,16.1,76.2,17.2,230.4,997.3,-999.0,-999.0
2008,7,15,15.2,19.7,24.1,0.4,14.9,76.6,14.6,247.9,1006.1,-999.0,-999.0
2008,7,16,13.2,19.0,24.8,0.8,14.6,75.4,6.3,239.9,1009.7,-999.0,-999.0
2008,7,17,13.2,19.8,26.4,0.8,14.2,71.2,9.1,222.8,1009.9,-999.0,-999.0
2008,7,18,15.7,17.5,19.2,1.9,15.4,85.5,7.2,84.6,1006.0,-999.0,-999.0
2008,7,19,14.9,19.8,24.7,13.5,16.3,81.5,9.4,243.4,1003.0,-999.0,-999.0
2008,7,20,13.3,18.2,23.1,0.0,15.8,84.7,4.8,222.2,1004.0,-999.0,-999.0
2008,7,21,15.4,18.4,21.4,0.0,15.1,81.7,15.1,83.2,1003.0,-999.0,-999.0
2008,7,22,15.6,18.8,22.0,0.4,15.2,84.4,21.1,74.2,1006.3,-999.0,-999.0
2008,7,23,17.1,19.2,21.2,5.0,15.9,84.1,23.6,73.0,1008.8,-999.0,-999.0
2008,7,24,17.1,21.0,24.8,13.1,17.7,88.0,16.1,79.0,1006.8,-999.0,-999.0
2008,7,25,15.6,20.4,25.2,3.1,16.3,76.3,11.3,198.1,1006.8,-999.0,-999.0
2008,7,26,15.4,21.5,27.6,2.2,16.4,77.1,8.3,211.7,1002.0,-999.0,-999.0
2008,7,27,15.9,20.7,25.5,0.9,16.4,76.3,12.6,206.2,997.7,-999.0,-999.0
2008,7,28,15.2,19.3,23.4,3.3,15.9,84.9,5.8,189.1,998.4,-999.0,-999.0
2008,7,29,15.9,20.5,25.0,1.2,15.8,77.1,13.5,274.4,999.5,-999.0,-999.0
2008,7,30,13.7,18.9,24.1,0.0,14.8,74.5,9.1,253.7,999.5,-999.0,-999.0
2008,7,31,17.0,19.2,21.4,9.1,17.1,87.8,12.1,85.8,994.7,-999.0,-999.0
2008,8,1,17.7,20.3,22.9,3.7,17.6,88.3,14.0,78.8,995.8,-999.0,-999.0
2008,8,2,15.8,19.4,22.9,6.9,16.7,88.6,13.2,76.9,998.3,-999.0,-999.0
2008,8,3,15.2,17.3,19.3,1.4,15.2,91.1,14.6,72.8,1001.0,-999.0,-999.0
2008,8,4,15.0,16.6,18.2,1.5,14.6,90.0,12.3,70.7,1004.8,-999.0,-999.0
2008,8,5,14.7,18.0,21.2,0.0,13.1,76.8,15.2,79.2,1007.8,-999.0,-999.0
2008,8,6,14.6,16.6,18.5,6.2,13.6,84.8,17.8,72.9,1002.0,-999.0,-999.0
2008,8,7,14.5,16.0,17.5,11.0,13.7,86.0,18.4,77.1,999.5,-999.0,-999.0
2008,8,8,14.6,15.5,16.4,17.2,14.6,94.3,14.1,70.2,997.0,-999.0,-999.0
2008,8,9,14.8,18.7,22.5,0.0,14.6,82.8,6.5,81.0,999.7,-999.0,-999.0
2008,8,10,15.2,19.3,23.4,0.0,15.4,81.2,11.3,63.8,1004.5,-999.0,-999.0
2008,8,11,13.4,18.6,23.7,30.0,15.7,87.1,9.9,109.5,1002.7,-999.0,-999.0
2008,8,12,14.1,18.2,22.2,0.2,14.8,86.2,6.3,197.4,998.0,-999.0,-999.0
2008,8,13,12.9,18.1,23.2,0.0,13.8,80.8,8.4,224.3,998.9,-999.0,-999.0
2008,8,14,11.9,18.0,24.0,0.0,12.9,75.6,6.4,139.5,1001.7,-999.0,-999.0
2008,8,15,12.7,18.8,24.9,0.0,13.2,71.9,7.5,193.2,1006.0,-999.0,-999.0
2008,8,16,12.1,18.5,24.8,0.0,14.1,77.5,11.1,261.5,1002.5,-999.0,-999.0
2008,8,17,11.4,16.5,21.6,1.1,12.2,71.7,16.7,261.9,999.3,-999.0,-999.0
2008,8,18,9.9,17.3,24.6,29.9,14.0,85.5,10.8,223.4,998.8,-999.0,-999.0
2008,8,19,9.0,13.5,18.0,0.0,8.5,69.4,16.1,292.4,1004.5,-999.0,-999.0
2008,8,20,7.5,14.6,21.6,0.0,8.3,65.9,14.8,289.6,1009.8,-999.0,-999.0
2008,8,21,11.9,18.6,25.2,0.0,13.6,74.0,12.9,211.9,1013.3,-999.0,-999.0
2008,8,22,12.5,20.0,27.4,0.0,15.4,75.8,7.9,240.9,1017.0,-999.0,-999.0
2008,8,23,14.3,21.3,28.2,0.0,17.0,77.8,5.1,246.5,1013.5,-999.0,-999.0
2008,8,24,16.2,22.1,27.9,0.0,17.3,73.8,9.9,251.3,1003.8,-999.0,-999.0
2008,8,25,10.9,16.0,21.0,0.5,12.3,70.5,16.7,283.4,1000.7,-999.0,-999.0
2008,8,26,11.1,16.6,22.1,0.0,7.5,59.3,13.5,298.4,1007.8,-999.0,-999.0
2008,8,27,9.3,17.2,25.1,0.0,11.3,68.5,6.3,224.9,1011.0,-999.0,-999.0
2008,8,28,13.5,20.1,26.6,0.0,13.8,71.3,13.1,59.0,1011.1,-999.0,-999.0
2008,8,29,14.2,18.9,23.5,0.0,14.3,79.9,14.8,77.1,1007.5,-999.0,-999.0
2008,8,30,14.5,19.7,24.9,2.2,15.0,80.5,8.4,199.4,1004.5,-999.0,-999.0
2008,8,31,10.6,17.4,24.2,0.0,11.1,63.8,12.9,303.4,1008.9,-999.0,-999.0
2008,9,1,9.1,18.5,27.8,0.0,11.1,63.0,10.0,259.4,1011.1,-999.0,-999.0
2008,9,2,15.1,22.1,29.0,0.0,14.1,62.9,6.0,125.6,1009.3,-999.0,-999.0
2008,9,3,16.5,22.0,27.5,0.0,15.3,68.5,6.2,118.3,1004.3,-999.0,-999.0
2008,9,4,12.4,18.2,23.9,0.0,12.8,69.1,11.4,266.6,1004.5,-999.0,-999.0
2008,9,5,11.2,16.2,21.1,0.0,10.9,71.0,16.2,74.6,1006.7,-999.0,-999.0
2008,9,6,15.9,18.8,21.7,1.8,17.5,88.3,5.5,262.0,1001.8,-999.0,-999.0
2008,9,7,12.6,15.6,18.5,0.4,12.7,83.8,14.9,222.1,1001.6,-999.0,-999.0
2008,9,8,11.2,15.9,20.5,8.2,11.9,84.8,15.1,245.3,1006.7,-999.0,-999.0
2008,9,9,8.3,12.4,16.4,9.2,11.1,90.9,10.7,167.2,1003.3,-999.0,-999.0
2008,9,10,5.3,10.6,15.9,0.0,4.9,71.1,12.7,284.6,1014.2,-999.0,-999.0
2008,9,11,2.9,10.8,18.7,0.0,6.1,74.1,6.8,231.0,1017.9,-999.0,-999.0
2008,9,12,8.4,11.5,14.6,7.6,9.8,86.8,5.2,118.1,1007.2,-999.0,-999.0
2008,9,13,10.4,14.7,19.0,0.0,12.1,85.2,4.9,163.6,1004.8,-999.0,-999.0
2008,9,14,11.9,15.5,19.1,52.6,14.6,94.3,8.9,58.2,994.2,-999.0,-999.0
2008,9,15,7.4,14.6,21.8,5.3,13.2,81.3,18.6,246.4,991.7,-999.0,-999.0
2008,9,16,5.5,11.2,16.9,0.0,6.8,75.5,7.6,218.8,1010.8,-999.0,-999.0
2008,9,17,5.0,11.5,17.9,2.1,9.1,87.0,9.3,266.2,1008.5,-999.0,-999.0
2008,9,18,2.6,7.3,11.9,0.0,1.1,66.8,10.4,290.7,1017.4,-999.0,-999.0
2008,9,19,0.7,8.5,16.3,0.0,1.8,68.0,7.1,204.7,1021.3,-999.0,-999.0
2008,9,20,4.2,12.6,20.9,0.5,8.6,74.9,10.1,211.3,1012.3,-999.0,-999.0
2008,9,21,4.4,10.2,16.0,0.0,4.3,63.4,10.3,237.3,1016.5,-999.0,-999.0
2008,9,22,2.2,7.8,13.3,0.0,1.4,66.0,8.8,161.8,1023.8,-999.0,-999.0
2008,9,23,1.2,8.8,16.3,0.0,3.6,71.9,10.8,236.9,1023.3,-999.0,-999.0
2008,9,24,7.0,13.8,20.5,0.5,9.5,79.7,4.7,202.3,1020.7,-999.0,-999.0
2008,9,25,7.1,15.3,23.5,0.0,12.2,84.2,6.3,253.2,1021.0,-999.0,-999.0
2008,9,26,10.0,15.7,21.3,0.5,10.7,75.8,4.3,184.7,1020.8,-999.0,-999.0
2008,9,27,13.6,14.7,15.7,10.9,13.8,94.3,12.1,68.1,1012.3,-999.0,-999.0
2008,9,28,12.2,13.9,15.5,0.9,13.4,95.2,9.5,80.0,1005.8,-999.0,-999.0
2008,9,29,12.4,15.3,18.1,0.0,11.2,81.4,10.5,200.4,1006.5,-999.0,-999.0
2008,9,30,10.2,13.0,15.7,0.0,9.2,82.0,18.5,76.0,1004.5,-999.0,-999.0
2008,10,1,9.9,10.6,11.2,21.0,9.6,93.6,17.3,79.4,995.5,-999.0,-999.0
2008,10,2,2.3,7.9,13.4,5.0,7.9,88.4,16.6,232.1,988.2,-999.0,-999.0
2008,10,3,3.0,7.1,11.1,2.6,3.3,80.5,26.0,251.4,995.2,-999.0,-999.0
2008,10,4,2.8,7.3,11.7,0.0,3.5,74.5,22.9,264.8,1007.2,-999.0,-999.0
2008,10,5,1.5,6.2,10.9,1.2,3.5,81.3,8.4,270.5,1015.3,-999.0,-999.0
2008,10,6,-0.4,5.7,11.7,0.6,0.0,70.0,10.8,279.7,1017.0,-999.0,-999.0
2008,10,7,-0.2,8.1,16.4,0.0,0.0,61.4,17.6,262.9,1014.8,-999.0,-999.0
2008,10,8,3.1,9.3,15.5,0.0,2.7,66.5,14.1,213.1,1008.1,-999.0,-999.0
2008,10,9,7.6,12.6,17.6,5.4,8.1,83.7,11.1,174.2,997.8,-999.0,-999.0
2008,10,10,4.6,10.0,15.3,0.0,6.2,77.5,18.0,256.3,1008.8,-999.0,-999.0
2008,10,11,1.8,8.7,15.5,0.0,2.8,69.6,10.6,284.9,1020.3,-999.0,-999.0
2008,10,12,1.2,7.8,14.3,1.8,4.3,73.6,11.2,251.4,1022.8,-999.0,-999.0
2008,10,13,9.1,11.0,12.9,4.9,8.3,87.2,9.6,101.0,1018.2,-999.0,-999.0
2008,10,14,5.2,12.8,20.4,1.7,8.8,79.4,12.4,153.9,1007.4,-999.0,-999.0
2008,10,15,4.4,7.9,11.3,0.0,3.8,74.9,9.9,250.7,1009.8,-999.0,-999.0
2008,10,16,5.3,8.3,11.2,1.1,6.4,85.3,7.1,201.9,1003.7,-999.0,-999.0
2008,10,17,-0.9,4.7,10.2,0.0,-2.0,61.1,13.9,292.9,1010.8,-999.0,-999.0
2008,10,18,-1.1,3.8,8.6,0.0,-3.5,64.3,8.3,299.9,1017.0,-999.0,-999.0
2008,10,19,-3.1,3.3,9.7,0.0,-3.6,65.1,5.6,222.6,1021.0,-999.0,-999.0
2008,10,20,-3.0,2.9,8.7,0.6,-1.1,71.8,4.9,241.2,1012.9,-999.0,-999.0
2008,10,21,1.0,3.6,6.1,9.2,2.6,88.5,16.0,115.2,1006.3,-999.0,-999.0
2008,10,22,-4.6,-0.7,3.3,0.0,-3.3,73.1,23.6,80.0,1021.7,-999.0,-999.0
2008,10,23,-5.7,0.8,7.3,0.0,-3.3,75.0,10.6,244.8,1028.1,-999.0,-999.0
2008,10,24,-1.3,4.6,10.5,0.0,-1.6,70.1,14.1,224.2,1020.3,-999.0,-999.0
2008,10,25,0.7,6.6,12.5,29.5,1.8,75.0,12.6,73.2,1009.3,-999.0,-999.0
2008,10,26,5.9,9.6,13.2,1.3,7.0,83.1,10.9,189.1,998.5,-999.0,-999.0
2008,10,27,4.2,9.4,14.5,1.2,5.4,75.2,6.4,231.1,1003.8,-999.0,-999.0
2008,10,28,6.8,8.3,9.7,14.9,6.4,90.7,14.3,106.3,990.3,-999.0,-999.0
2008,10,29,0.0,3.7,7.4,3.7,0.3,90.2,27.3,214.8,982.0,-999.0,-999.0
2008,10,30,-1.9,1.0,3.8,0.0,-1.5,79.3,21.2,270.0,1010.1,-999.0,-999.0
2008,10,31,-2.6,3.3,9.1,0.0,-0.2,81.5,11.1,266.8,1012.3,-999.0,-999.0
2008,11,1,-2.3,1.2,4.7,0.3,-6.0,61.2,18.0,292.3,1015.0,0.0,0.0
2008,11,2,-5.1,-0.5,4.1,0.0,-7.8,59.7,10.9,280.0,1023.7,0.0,0.0
2008,11,3,-4.4,1.4,7.1,0.0,-2.8,70.6,8.8,214.1,1019.3,0.0,0.0
2008,11,4,3.8,7.2,10.6,0.0,4.7,89.2,5.0,230.3,1015.8,0.0,0.0
2008,11,5,4.5,10.8,17.0,0.0,7.3,87.0,6.8,216.2,1012.0,0.0,0.0
2008,11,6,1.1,9.6,18.1,0.0,6.5,86.5,4.8,207.8,1011.8,0.0,0.0
2008,11,7,3.8,6.1,8.3,1.1,5.1,92.9,20.0,66.5,1006.7,0.0,0.0
2008,11,8,3.8,4.8,5.7,10.4,4.4,97.3,19.4,77.7,996.7,0.0,0.0
2008,11,9,2.8,5.9,9.0,1.6,4.4,91.5,10.9,222.4,994.0,0.0,0.0
2008,11,10,-0.3,2.7,5.6,0.3,1.8,88.9,10.4,247.3,1000.6,0.2,0.0
2008,11,11,-0.7,1.5,3.7,0.0,-1.4,81.9,16.7,252.9,1009.2,0.0,0.0
2008,11,12,-3.7,0.4,4.5,0.0,-2.6,79.2,13.3,248.9,1018.1,0.0,0.0
2008,11,13,-3.9,0.2,4.3,5.4,-2.2,83.7,12.9,65.9,1014.0,0.0,0.0
2008,11,14,3.4,5.8,8.1,1.1,4.9,93.0,15.4,64.0,1004.8,0.0,0.0
2008,11,15,7.0,8.7,10.4,17.8,8.2,95.7,11.9,64.0,993.8,0.0,0.0
2008,11,16,0.7,5.4,10.1,9.9,5.1,92.3,22.5,195.2,980.2,0.0,0.0
2008,11,17,-3.7,-1.5,0.8,0.1,-4.8,72.3,24.1,255.3,999.5,0.2,0.0
2008,11,18,-6.6,-4.3,-1.9,0.0,-10.6,59.5,14.2,257.1,1010.1,0.0,0.0
2008,11,19,-8.5,-6.0,-3.4,0.3,-13.9,52.2,11.7,253.2,1009.5,0.0,0.0
2008,11,20,-7.6,-6.4,-5.2,0.0,-14.4,53.0,16.7,312.5,998.4,0.0,0.0
2008,11,21,-8.4,-5.5,-2.5,0.0,-13.4,53.8,17.7,284.8,1005.0,0.0,0.0
2008,11,22,-7.0,-5.2,-3.4,0.0,-13.9,52.3,21.4,316.1,1008.5,0.0,0.0
2008,11,23,-10.3,-6.4,-2.4,0.0,-14.8,51.3,29.1,269.8,1008.6,0.0,0.0
2008,11,24,-13.4,-7.7,-1.9,1.0,-11.0,74.5,11.3,119.9,1015.8,1.4,0.0
2008,11,25,-2.6,-0.9,0.9,4.0,-3.5,85.3,34.9,70.6,1008.7,4.5,1.0
2008,11,26,0.8,2.3,3.7,3.9,0.3,88.0,25.1,86.5,1000.7,0.0,1.0
2008,11,27,-1.2,1.0,3.2,1.3,-1.3,85.3,7.2,164.3,1002.1,1.7,1.0
2008,11,28,-1.3,-0.4,0.6,4.0,-0.9,95.8,7.5,101.8,997.0,3.9,1.0
2008,11,29,-5.3,-2.3,0.7,0.0,-2.0,91.0,13.0,249.3,999.2,0.0,1.0
2008,11,30,-5.0,-2.4,0.3,4.3,-4.4,84.9,8.4,107.0,1004.7,8.2,1.0
2008,12,1,-1.5,0.2,1.9,10.3,-1.4,94.0,20.3,88.9,990.5,5.8,8.0
2008,12,2,-2.4,0.4,3.2,0.3,-1.6,79.7,22.8,240.8,998.8,0.6,10.0
2008,12,3,-2.7,-0.7,1.3,0.8,-4.3,75.3,9.6,249.2,1008.5,1.2,8.0
2008,12,4,-6.9,-2.2,2.5,4.5,-2.7,86.4,13.7,227.3,1001.5,3.8,7.0
2008,12,5,-12.9,-9.5,-6.1,0.0,-13.3,69.8,14.0,254.7,1010.2,0.0,7.0
2008,12,6,-13.6,-8.1,-2.5,1.4,-10.8,73.3,5.8,115.8,1007.7,2.0,7.0
2008,12,7,-15.0,-8.6,-2.2,1.7,-7.3,83.3,12.7,175.7,995.2,1.3,8.0
2008,12,8,-20.0,-16.3,-12.6,0.0,-22.2,61.7,22.5,259.6,1013.3,0.0,10.0
2008,12,9,-19.3,-12.7,-6.1,21.9,-15.4,81.7,8.3,68.3,1015.0,26.5,10.0
2008,12,10,-13.6,-8.9,-4.2,10.6,-8.8,86.5,13.4,187.2,1004.8,6.8,35.0
2008,12,11,-17.0,-12.5,-7.9,2.9,-14.8,79.2,14.8,104.8,1013.5,5.2,37.0
2008,12,12,-10.0,-6.0,-2.0,8.8,-8.2,86.1,20.2,160.6,996.0,7.9,37.0
2008,12,13,-21.8,-15.9,-10.0,0.5,-20.5,69.2,16.9,254.4,1014.1,0.9,40.0
2008,12,14,-18.1,-10.7,-3.2,7.8,-12.9,83.4,5.0,55.4,1017.2,9.2,40.0
2008,12,15,-3.2,2.6,8.3,9.8,0.3,89.8,16.8,111.2,1004.7,0.0,44.0
2008,12,16,-14.5,-6.7,1.1,0.0,-14.7,57.8,23.8,249.4,1020.3,0.0,34.0
2008,12,17,-12.5,-10.8,-9.0,5.8,-12.8,80.8,15.1,82.4,1013.8,8.6,27.0
2008,12,18,-13.2,-9.5,-5.7,0.0,-11.8,80.9,18.6,256.9,1012.2,0.0,36.0
2008,12,19,-22.1,-17.6,-13.0,0.1,-22.8,58.6,13.2,179.9,1018.8,0.0,33.0
2008,12,20,-21.7,-18.1,-14.5,0.1,-20.6,71.1,14.4,63.8,1017.8,0.3,33.0
2008,12,21,-22.1,-17.0,-11.8,6.6,-19.8,76.7,24.5,54.4,1005.1,10.4,33.0
2008,12,22,-19.4,-14.3,-9.1,0.6,-15.8,76.8,21.7,240.4,995.0,0.0,34.0
2008,12,23,-22.6,-17.4,-12.2,4.0,-23.0,66.5,16.3,207.3,1021.3,6.8,30.0
2008,12,24,-12.2,-6.3,-0.3,16.8,-8.3,89.3,5.8,95.3,1005.8,4.1,38.0
2008,12,25,-19.8,-7.9,4.1,3.2,-10.4,67.5,29.1,263.8,1004.1,0.2,36.0
2008,12,26,-23.1,-16.0,-8.8,0.3,-20.9,64.2,5.5,184.8,1025.7,0.5,38.0
2008,12,27,-8.8,-5.4,-1.9,4.6,-8.1,86.8,14.7,67.2,1012.8,0.0,38.0
2008,12,28,-1.9,2.8,7.4,5.8,-1.0,87.5,19.5,204.4,991.9,0.0,34.0
2008,12,29,-9.5,-3.9,1.7,0.7,-8.8,71.0,20.8,239.5,999.0,1.0,34.0
2008,12,30,-18.2,-10.9,-3.6,2.3,-10.8,81.0,19.0,169.8,993.5,2.2,36.0
2008,12,31,-21.8,-17.3,-12.8,0.0,-24.6,58.7,16.6,270.4,1000.9,0.0,38.0
2009,1,1,-21.8,-18.5,-15.1,0.0,-25.7,55.9,25.5,262.3,1008.1,0.0,38.0
2009,1,2,-22.2,-17.9,-13.6,0.0,-22.9,63.6,15.7,239.2,1001.5,0.0,38.0
2009,1,3,-15.0,-13.6,-12.2,0.0,-19.5,62.8,28.0,263.8,997.9,0.0,38.0
2009,1,4,-15.1,-12.0,-8.8,1.0,-16.6,70.6,27.8,245.9,1006.0,2.0,38.0
2009,1,5,-12.2,-8.5,-4.8,2.3,-11.5,83.6,17.6,252.7,999.9,3.0,39.0
2009,1,6,-19.5,-13.9,-8.3,0.6,-15.9,70.7,16.3,249.8,1003.8,0.0,39.0
2009,1,7,-15.9,-12.5,-9.0,14.7,-14.5,79.3,24.8,85.4,993.5,14.7,39.0
2009,1,8,-12.7,-10.3,-7.9,1.8,-11.3,85.1,19.9,185.6,977.8,1.9,41.0
2009,1,9,-16.1,-14.1,-12.0,0.0,-17.1,75.4,27.6,251.4,999.8,0.0,42.0
2009,1,10,-22.3,-18.2,-14.0,0.0,-21.9,68.1,20.0,236.3,1014.2,0.0,42.0
2009,1,11,-23.0,-15.8,-8.6,0.3,-19.4,74.8,5.2,144.8,1008.2,0.0,42.0
2009,1,12,-18.2,-14.3,-10.3,2.1,-17.0,79.3,7.8,236.4,1009.5,1.0,42.0
2009,1,13,-10.6,-5.8,-0.9,8.3,-8.8,86.1,6.8,75.3,1003.3,9.7,46.0
2009,1,14,-25.8,-13.9,-2.0,0.0,-23.1,68.2,28.7,253.2,1002.9,0.0,49.0
2009,1,15,-31.8,-26.7,-21.5,0.0,-31.1,62.6,10.4,229.4,1015.7,0.0,49.0
2009,1,16,-33.9,-28.7,-23.4,0.2,-33.1,63.9,9.7,237.2,1018.2,0.0,49.0
2009,1,17,-33.5,-26.2,-18.9,1.3,-30.3,66.4,5.3,91.6,1020.3,0.6,49.0
2009,1,18,-20.2,-16.3,-12.4,4.0,-18.9,78.4,29.8,70.0,1013.2,6.3,49.0
2009,1,19,-15.1,-11.9,-8.7,2.4,-13.9,78.9,12.1,125.8,997.4,2.9,49.0
2009,1,20,-22.6,-16.2,-9.7,1.1,-15.7,81.9,7.5,250.8,997.3,0.0,50.0
2009,1,21,-22.7,-17.5,-12.2,2.1,-19.9,77.4,14.7,259.1,997.8,3.3,50.0
2009,1,22,-17.2,-10.2,-3.2,2.4,-11.9,80.6,20.9,270.9,995.5,1.5,52.0
2009,1,23,-23.4,-16.6,-9.8,7.8,-19.9,71.7,14.8,121.8,1003.7,9.2,52.0
2009,1,24,-26.5,-17.7,-8.8,0.0,-21.6,69.5,24.8,260.4,1002.5,0.0,58.0
2009,1,25,-31.5,-24.3,-17.0,0.1,-28.2,60.5,11.2,279.9,1012.0,0.0,59.0
2009,1,26,-34.4,-25.9,-17.3,0.0,-30.2,60.9,5.5,219.7,1019.1,0.0,59.0
2009,1,27,-28.1,-20.5,-12.8,0.0,-24.4,69.8,9.3,236.3,1019.8,0.0,59.0
2009,1,28,-25.6,-16.9,-8.2,16.6,-18.1,79.6,16.6,94.8,1009.8,18.2,59.0
2009,1,29,-10.7,-9.1,-7.4,1.1,-10.9,85.8,18.6,217.8,996.7,0.5,72.0
2009,1,30,-11.1,-8.2,-5.2,2.8,-10.1,88.3,3.9,110.7,998.9,3.0,72.0
2009,1,31,-19.8,-12.8,-5.8,0.4,-12.3,85.0,22.5,231.9,998.6,0.4,73.0
2009,2,1,-23.8,-16.7,-9.5,3.0,-17.8,82.9,8.8,113.5,1000.3,3.7,73.0
2009,2,2,-14.9,-9.0,-3.1,0.6,-10.5,85.8,10.5,230.4,1003.5,0.0,76.0
2009,2,3,-19.2,-14.0,-8.8,0.2,-15.8,78.1,7.3,167.0,1007.5,0.0,76.0
2009,2,4,-17.4,-13.5,-9.6,0.0,-19.9,56.3,13.6,311.9,1006.1,0.0,76.0
2009,2,5,-20.6,-16.4,-12.1,0.0,-22.9,56.7,19.6,280.8,1012.6,0.0,76.0
2009,2,6,-20.7,-15.6,-10.5,0.6,-19.6,77.2,14.4,247.2,1015.9,0.0,76.0
2009,2,7,-19.9,-9.8,0.4,5.8,-12.2,81.7,4.9,149.0,1007.0,1.6,76.0
2009,2,8,-17.5,-7.9,1.8,1.6,-9.6,71.7,28.7,280.6,999.4,0.0,76.0
2009,2,9,-21.0,-15.3,-9.5,0.5,-21.4,61.1,17.4,257.7,1018.3,0.0,76.0
2009,2,10,-19.9,-12.7,-5.4,0.3,-16.3,68.3,8.3,119.9,1014.4,0.0,76.0
2009,2,11,-6.0,-2.8,0.5,1.5,-3.5,93.5,5.2,151.6,999.0,0.0,72.0
2009,2,12,-10.8,-5.1,0.7,7.6,-3.1,89.1,10.9,120.2,982.4,1.2,64.0
2009,2,13,-16.5,-11.7,-6.8,0.0,-17.0,63.5,19.4,289.4,997.5,0.0,62.0
2009,2,14,-12.4,-8.1,-3.8,0.0,-13.6,64.7,23.4,284.4,997.4,0.0,62.0
2009,2,15,-9.3,-7.1,-4.9,0.2,-11.1,71.4,16.1,249.8,1006.4,0.4,62.0
2009,2,16,-10.8,-6.8,-2.8,0.0,-9.4,77.2,11.8,236.9,1012.0,0.0,62.0
2009,2,17,-12.7,-7.1,-1.4,0.3,-9.7,69.6,8.3,243.2,1013.3,0.0,62.0
2009,2,18,-13.1,-7.6,-2.0,6.5,-10.2,76.0,14.6,82.9,1005.5,11.8,60.0
2009,2,19,-4.7,-3.5,-2.3,9.9,-3.9,94.7,27.3,73.5,988.8,12.8,68.0
2009,2,20,-10.9,-7.8,-4.7,2.2,-10.3,88.8,22.3,219.6,987.3,1.7,82.0
2009,2,21,-10.4,-8.0,-5.6,0.0,-10.6,82.9,26.1,248.6,1003.8,0.0,82.0
2009,2,22,-9.9,-6.4,-2.8,6.1,-7.9,87.6,15.7,92.1,1008.7,10.0,82.0
2009,2,23,-5.3,-3.4,-1.5,5.5,-6.4,80.8,15.9,260.9,998.8,3.4,80.0
2009,2,24,-12.7,-8.2,-3.6,0.0,-13.1,62.9,21.1,275.4,1011.5,0.0,80.0
2009,2,25,-15.5,-9.7,-3.9,0.0,-13.9,72.3,13.1,225.7,1019.2,0.0,80.0
2009,2,26,-9.5,-5.3,-1.1,0.5,-7.2,81.3,4.2,108.2,1013.8,0.2,80.0
2009,2,27,-7.3,0.2,7.7,14.9,-0.2,88.5,13.9,171.3,1000.5,0.0,80.0
2009,2,28,-18.1,-12.7,-7.2,0.2,-18.3,59.0,19.3,262.9,1015.8,0.0,71.0
2009,3,1,-20.3,-13.3,-6.2,0.8,-16.6,69.2,11.3,81.7,1016.5,0.0,68.0
2009,3,2,-13.6,-11.0,-8.4,4.3,-14.3,71.5,11.8,220.4,1012.0,6.8,68.0
2009,3,3,-16.6,-11.3,-6.0,0.0,-18.6,56.6,20.5,281.3,1009.4,0.0,78.0
2009,3,4,-18.9,-12.8,-6.7,0.0,-20.9,51.8,17.4,262.8,1014.1,0.0,78.0
2009,3,5,-17.5,-11.8,-6.0,8.1,-18.2,53.8,15.0,237.9,1018.0,14.0,78.0
2009,3,6,-7.7,-3.3,1.1,12.7,-5.8,92.5,12.6,85.8,1002.8,2.0,83.0
2009,3,7,-0.1,2.1,4.3,0.9,-0.5,82.5,18.5,233.3,1003.8,0.0,82.0
2009,3,8,-7.4,-1.5,4.5,0.5,-5.0,70.3,13.8,272.1,1003.6,0.0,73.0
2009,3,9,-10.1,-6.0,-1.9,0.0,-9.4,72.6,15.1,57.9,1012.1,0.0,73.0
2009,3,10,-12.8,-5.0,2.9,1.1,-7.9,73.5,6.2,177.1,1017.1,2.2,72.0
2009,3,11,-10.5,-1.6,7.3,7.5,-2.5,79.1,27.1,139.8,999.1,0.0,71.0
2009,3,12,-16.0,-12.4,-8.7,0.0,-20.6,48.8,29.7,275.6,1017.4,0.0,69.0
2009,3,13,-18.7,-11.8,-4.9,0.0,-19.2,52.2,17.4,246.9,1020.0,0.0,69.0
2009,3,14,-13.5,-5.7,2.1,0.0,-9.6,66.3,15.4,243.1,1010.9,0.0,69.0
2009,3,15,-7.1,-3.4,0.3,0.0,-6.1,77.0,14.6,126.3,1014.0,0.0,69.0
2009,3,16,-12.5,-6.9,-1.3,0.0,-13.9,55.6,8.6,58.4,1021.9,0.0,69.0
2009,3,17,-8.3,-0.4,7.5,0.0,-9.4,56.3,5.1,125.2,1014.5,0.0,67.0
2009,3,18,-4.1,2.3,8.7,1.1,-0.8,78.8,10.3,201.1,1001.9,0.0,64.0
2009,3,19,-9.2,-3.1,3.0,0.0,-8.2,57.0,18.7,293.5,1006.9,0.0,60.0
2009,3,20,-11.8,-6.7,-1.6,0.0,-14.9,50.0,14.8,264.3,1019.6,0.0,59.0
2009,3,21,-12.0,-5.2,1.7,0.2,-11.2,57.5,7.8,218.9,1021.0,0.2,59.0
2009,3,22,-11.2,-5.7,-0.2,0.0,-10.4,58.9,21.4,304.0,1014.9,0.0,59.0
2009,3,23,-15.7,-9.6,-3.4,0.0,-17.0,53.9,11.9,254.2,1019.4,0.0,54.0
2009,3,24,-7.2,-3.3,0.6,0.0,-9.1,62.6,11.2,143.3,1025.1,0.0,55.0
2009,3,25,-8.4,-2.3,3.9,0.0,-7.2,66.6,8.1,61.5,1019.8,0.0,53.0
2009,3,26,-3.6,0.4,4.3,6.1,-5.2,67.8,11.5,67.7,1008.2,6.8,46.0
2009,3,27,-2.1,1.3,4.7,0.8,0.2,89.3,10.4,166.2,1003.9,0.8,40.0
2009,3,28,-3.3,3.6,10.5,0.0,-0.8,74.1,6.6,137.1,1006.0,0.0,39.0
2009,3,29,1.4,3.3,5.1,9.6,-0.5,78.8,25.7,73.1,998.2,0.0,36.0
2009,3,30,-0.3,1.7,3.6,1.3,-0.5,86.3,27.3,71.5,994.6,1.3,27.0
2009,3,31,-0.4,1.2,2.8,0.0,-2.7,78.0,6.7,88.2,1013.3,0.0,22.0
2009,4,1,-1.1,1.7,4.5,1.6,-1.7,77.3,12.2,70.2,1010.8,0.0,19.0
2009,4,2,1.2,6.2,11.1,0.8,-0.3,65.2,12.6,200.4,1004.7,0.0,9.0
2009,4,3,1.2,5.6,9.9,7.4,1.2,72.8,20.4,59.6,995.7,0.0,4.0
2009,4,4,1.4,4.0,6.5,7.2,1.9,92.0,13.6,105.2,981.7,0.0,0.0
2009,4,5,1.0,3.5,6.0,2.0,2.7,92.4,6.4,138.4,992.1,0.0,0.0
2009,4,6,0.8,2.7,4.6,21.4,0.1,83.7,21.6,76.6,994.5,0.0,0.0
2009,4,7,-1.3,0.8,2.9,8.0,0.7,93.8,22.2,129.4,980.0,2.8,0.0
2009,4,8,-1.3,0.4,2.0,1.1,-2.4,84.3,20.1,230.2,987.0,0.6,1.0
2009,4,9,-0.8,1.4,3.6,0.5,-1.4,80.9,16.3,250.0,996.0,0.0,0.0
2009,4,10,-2.4,1.2,4.7,0.4,-5.2,64.0,10.2,282.8,1007.5,0.0,0.0
2009,4,11,-3.5,1.8,7.1,0.6,-6.6,56.5,13.2,264.5,1008.9,0.0,0.0
2009,4,12,-2.7,1.6,5.8,0.0,-8.4,49.3,24.5,335.9,1007.6,0.0,0.0
2009,4,13,-1.3,4.3,9.9,0.0,-8.9,40.9,22.9,321.3,1004.5,0.0,0.0
2009,4,14,-3.2,4.5,12.1,0.2,-8.8,39.5,13.1,235.5,1009.7,0.0,0.0
2009,4,15,-0.9,5.5,11.8,0.0,-7.3,41.2,8.9,124.0,1014.9,0.0,0.0
2009,4,16,-0.9,6.4,13.6,0.6,-8.4,38.3,10.3,164.9,1018.2,0.0,0.0
2009,4,17,1.8,9.4,17.0,0.3,-2.5,44.6,19.0,278.6,1006.8,0.0,0.0
2009,4,18,0.0,6.4,12.8,0.5,-4.2,53.0,10.7,180.8,1005.8,0.0,0.0
2009,4,19,0.0,4.7,9.4,0.5,-7.1,43.8,11.2,115.8,1013.5,0.0,0.0
2009,4,20,-1.6,6.0,13.5,0.5,-6.0,44.5,15.3,72.3,1015.3,0.0,0.0
2009,4,21,3.0,4.8,6.5,11.6,0.7,77.6,25.6,72.3,1005.7,0.0,0.0
2009,4,22,4.0,8.4,12.7,9.4,5.5,86.9,11.9,149.5,994.8,0.0,0.0
2009,4,23,2.7,5.5,8.2,2.8,2.5,76.8,26.9,277.4,991.6,0.0,0.0
2009,4,24,1.4,9.2,17.0,0.1,0.2,56.0,21.0,262.1,1009.0,0.0,0.0
2009,4,25,6.0,16.7,27.4,0.0,6.9,53.3,14.1,191.5,1005.5,0.0,0.0
2009,4,26,7.2,12.4,17.5,0.0,-1.7,43.5,18.3,146.3,1016.8,0.0,0.0
2009,4,27,7.0,12.8,18.5,0.0,1.0,52.1,13.9,74.1,1013.7,0.0,0.0
2009,4,28,2.1,12.1,22.1,2.6,6.7,62.4,20.7,279.2,1009.0,0.0,0.0
2009,4,29,0.1,7.2,14.2,0.1,-6.2,39.5,16.2,290.0,1021.5,0.0,0.0
2009,4,30,-0.8,8.9,18.6,8.3,-4.3,38.5,7.4,205.4,1015.3,0.0,-999.0
2009,5,1,8.2,14.3,20.3,18.6,9.0,74.3,19.8,206.9,992.8,-999.0,-999.0
2009,5,2,4.3,8.4,12.5,1.4,1.3,62.5,17.4,246.9,999.2,-999.0,-999.0
2009,5,3,3.8,10.1,16.3,0.2,1.8,59.8,16.8,244.8,1002.7,-999.0,-999.0
2009,5,4,5.0,11.5,18.0,0.0,-0.7,44.6,15.4,269.6,1008.6,-999.0,-999.0
2009,5,5,4.2,10.4,16.6,0.0,-2.0,42.9,16.6,65.5,1016.8,-999.0,-999.0
2009,5,6,6.2,8.1,10.0,0.2,5.0,80.0,13.3,74.8,1010.1,-999.0,-999.0
2009,5,7,6.5,8.0,9.5,6.0,6.7,90.8,18.7,68.3,1001.8,-999.0,-999.0
2009,5,8,6.2,9.4,12.5,2.0,9.4,92.2,5.1,140.6,997.8,-999.0,-999.0
2009,5,9,4.4,11.6,18.8,6.2,10.2,82.2,7.6,112.5,992.7,-999.0,-999.0
2009,5,10,3.3,6.9,10.5,0.0,5.3,81.4,15.8,261.6,994.7,-999.0,-999.0
2009,5,11,3.3,9.5,15.6,0.0,-1.1,51.0,10.9,280.2,1006.5,-999.0,-999.0
2009,5,12,3.2,10.3,17.4,0.0,-2.8,41.1,8.6,158.9,1012.7,-999.0,-999.0
2009,5,13,1.4,11.2,20.9,0.0,-0.4,45.2,7.7,230.2,1016.8,-999.0,-999.0
2009,5,14,10.9,15.7,20.5,5.4,6.5,60.2,20.4,203.9,1007.0,-999.0,-999.0
2009,5,15,6.5,11.8,17.1,0.0,4.4,60.3,16.0,256.3,1013.3,-999.0,-999.0
2009,5,16,4.5,9.2,13.9,8.8,4.5,69.8,16.9,81.7,1008.9,-999.0,-999.0
2009,5,17,6.0,10.5,14.9,0.0,1.8,59.4,27.3,235.0,1003.0,-999.0,-999.0
2009,5,18,2.2,7.2,12.1,0.0,-2.3,53.8,12.1,252.9,1014.5,-999.0,-999.0
2009,5,19,-0.2,8.7,17.5,0.0,1.8,61.9,16.4,235.9,1014.5,-999.0,-999.0
2009,5,20,2.1,5.4,8.6,0.0,-0.3,62.6,10.0,223.6,1016.5,-999.0,-999.0
2009,5,21,2.1,15.8,29.5,0.0,5.3,48.5,26.3,228.7,1004.1,-999.0,-999.0
2009,5,22,7.8,13.7,19.6,0.0,3.8,46.3,20.5,295.9,1008.4,-999.0,-999.0
2009,5,23,2.0,10.5,18.9,0.0,1.0,48.1,6.2,214.8,1012.7,-999.0,-999.0
2009,5,24,6.6,14.5,22.3,0.0,4.4,52.5,13.6,276.4,1003.6,-999.0,-999.0
2009,5,25,0.7,6.7,12.7,0.0,-3.6,43.5,15.7,290.4,1010.4,-999.0,-999.0
2009,5,26,-0.1,7.6,15.2,0.0,-2.5,46.8,9.6,262.9,1016.1,-999.0,-999.0
2009,5,27,7.5,10.6,13.7,0.0,4.5,67.7,15.1,76.7,1009.3,-999.0,-999.0
2009,5,28,9.0,14.0,19.0,5.6,7.5,70.3,18.1,88.8,1005.7,-999.0,-999.0
2009,5,29,9.9,12.6,15.3,36.4,11.3,97.2,12.5,108.2,994.5,-999.0,-999.0
2009,5,30,6.5,10.9,15.3,0.5,10.8,88.7,13.5,244.2,994.0,-999.0,-999.0
2009,5,31,4.3,10.4,16.4,3.5,5.5,71.0,14.8,224.6,994.3,-999.0,-999.0
2009,6,1,2.7,10.1,17.4,0.4,3.5,65.1,28.8,246.1,1002.0,-999.0,-999.0
2009,6,2,6.3,12.6,18.8,0.0,6.1,69.5,17.3,243.6,1003.8,-999.0,-999.0
2009,6,3,6.2,12.9,19.5,0.0,4.0,54.9,16.5,252.1,1004.7,-999.0,-999.0
2009,6,4,6.0,12.2,18.3,0.0,1.9,50.0,13.8,252.8,1006.4,-999.0,-999.0
2009,6,5,5.1,14.3,23.4,0.0,4.3,52.2,10.1,230.9,1005.2,-999.0,-999.0
2009,6,6,8.9,15.9,22.8,0.0,6.8,55.1,15.4,198.1,1000.3,-999.0,-999.0
2009,6,7,4.9,12.1,19.3,0.0,2.3,49.0,16.0,284.8,1004.8,-999.0,-999.0
2009,6,8,6.6,13.3,19.9,0.0,2.5,49.0,10.3,228.7,1008.0,-999.0,-999.0
2009,6,9,6.6,10.7,14.8,8.0,5.7,68.4,21.0,65.8,1007.1,-999.0,-999.0
2009,6,10,9.9,11.1,12.2,8.2,11.2,97.1,13.4,76.1,1005.3,-999.0,-999.0
2009,6,11,11.5,16.6,21.6,0.2,12.1,78.3,7.5,87.0,1004.0,-999.0,-999.0
2009,6,12,11.1,14.6,18.0,12.6,11.8,84.2,13.1,77.1,1001.0,-999.0,-999.0
2009,6,13,7.9,16.0,24.0,0.0,9.3,62.2,10.1,174.3,1003.8,-999.0,-999.0
2009,6,14,10.2,17.7,25.1,0.0,9.9,64.0,8.6,94.3,1006.0,-999.0,-999.0
2009,6,15,11.2,17.0,22.7,0.0,11.3,72.2,11.4,104.0,1009.4,-999.0,-999.0
2009,6,16,11.3,17.7,24.1,0.0,11.6,67.9,8.3,217.8,1013.3,-999.0,-999.0
2009,6,17,10.0,18.0,25.9,0.0,12.5,68.5,9.6,250.4,1011.0,-999.0,-999.0
2009,6,18,11.2,17.1,23.0,0.8,11.4,68.6,9.9,239.3,1007.0,-999.0,-999.0
2009,6,19,13.9,15.5,17.0,12.8,14.8,95.3,12.2,93.7,1002.9,-999.0,-999.0
2009,6,20,15.8,18.6,21.4,0.4,16.0,87.2,21.0,65.5,997.5,-999.0,-999.0
2009,6,21,13.6,17.7,21.8,0.6,15.2,88.4,21.1,70.6,1000.4,-999.0,-999.0
2009,6,22,12.5,17.8,23.0,0.0,12.4,74.3,19.1,66.9,1003.5,-999.0,-999.0
2009,6,23,9.9,18.1,26.2,0.0,10.4,60.4,14.9,95.5,1003.2,-999.0,-999.0
2009,6,24,16.7,21.9,27.1,0.0,14.2,63.0,11.7,66.0,1002.2,-999.0,-999.0
2009,6,25,16.3,23.0,29.6,9.2,17.8,75.4,8.9,198.7,996.7,-999.0,-999.0
2009,6,26,16.7,21.1,25.5,32.2,17.4,85.4,6.2,151.6,994.5,-999.0,-999.0
2009,6,27,15.6,17.5,19.4,18.2,16.1,94.5,9.6,97.5,998.4,-999.0,-999.0
2009,6,28,14.1,17.2,20.2,5.6,15.7,91.3,19.1,76.0,999.0,-999.0,-999.0
2009,6,29,14.2,17.4,20.5,17.4,15.7,91.3,22.6,73.8,990.8,-999.0,-999.0
2009,6,30,13.9,18.0,22.1,0.0,15.3,88.4,19.8,80.8,996.0,-999.0,-999.0
2009,7,1,13.7,17.6,21.4,4.0,14.8,88.8,19.6,82.3,1001.8,-999.0,-999.0
2009,7,2,14.7,17.7,20.6,5.6,15.5,93.4,18.1,76.1,1003.5,-999.0,-999.0
2009,7,3,14.5,17.4,20.2,15.2,15.7,92.8,15.1,79.8,998.8,-999.0,-999.0
2009,7,4,12.9,15.3,17.7,15.8,14.2,93.3,15.3,154.2,994.8,-999.0,-999.0
2009,7,5,12.3,16.9,21.4,0.2,12.4,79.4,19.6,262.0,997.5,-999.0,-999.0
2009,7,6,11.9,15.7,19.4,0.8,12.1,83.5,16.1,83.2,1000.2,-999.0,-999.0
2009,7,7,12.2,15.2,18.1,4.8,13.1,93.3,19.6,71.7,1001.4,-999.0,-999.0
2009,7,8,11.7,15.5,19.2,0.2,12.5,84.3,13.9,84.4,1006.7,-999.0,-999.0
2009,7,9,9.1,17.3,25.5,0.0,11.6,69.3,7.3,245.9,1013.5,-999.0,-999.0
2009,7,10,11.8,19.2,26.6,0.0,13.3,69.2,9.0,223.8,1014.3,-999.0,-999.0
2009,7,11,14.8,21.4,27.9,17.8,14.9,76.8,9.0,148.5,1004.6,-999.0,-999.0
2009,7,12,12.5,16.6,20.6,4.0,13.5,81.0,15.8,240.4,999.8,-999.0,-999.0
2009,7,13,10.4,14.7,19.0,4.2,11.1,83.6,11.8,254.1,999.3,-999.0,-999.0
2009,7,14,9.0,14.2,19.3,1.2,10.6,81.8,16.9,244.2,1003.4,-999.0,-999.0
2009,7,15,9.0,14.4,19.8,0.0,9.9,74.0,12.6,257.4,1006.3,-999.0,-999.0
2009,7,16,12.2,15.6,19.0,2.0,12.9,81.9,9.5,85.6,1000.3,-999.0,-999.0
2009,7,17,15.0,20.1,25.2,11.8,15.6,82.1,8.4,106.1,999.3,-999.0,-999.0
2009,7,18,14.6,18.5,22.4,19.8,16.0,92.2,14.8,134.4,998.3,-999.0,-999.0
2009,7,19,14.2,18.3,22.4,4.0,14.4,81.4,19.1,244.8,1003.6,-999.0,-999.0
2009,7,20,13.6,19.3,25.0,0.0,15.1,77.6,9.9,229.6,1012.2,-999.0,-999.0
2009,7,21,14.4,20.6,26.8,0.0,14.3,68.3,7.2,129.8,1014.3,-999.0,-999.0
2009,7,22,15.3,17.6,19.9,6.8,14.8,85.0,9.1,67.0,1013.0,-999.0,-999.0
2009,7,23,13.0,18.8,24.6,0.0,14.2,73.3,13.6,62.3,1011.5,-999.0,-999.0
2009,7,24,14.8,17.3,19.8,0.0,14.3,76.9,17.5,78.2,1006.1,-999.0,-999.0
2009,7,25,13.9,15.9,17.8,1.0,13.6,87.8,15.6,83.8,1005.3,-999.0,-999.0
2009,7,26,13.5,14.7,15.9,5.0,13.4,90.3,23.6,74.6,1004.2,-999.0,-999.0
2009,7,27,14.2,18.4,22.6,3.6,16.4,91.8,9.3,116.9,1001.5,-999.0,-999.0
2009,7,28,16.4,21.7,27.0,0.4,17.1,78.9,13.8,248.0,1001.2,-999.0,-999.0
2009,7,29,18.4,22.9,27.4,45.4,19.0,88.2,7.8,171.6,999.3,-999.0,-999.0
2009,7,30,17.2,22.5,27.7,1.0,17.8,78.4,10.5,227.2,998.2,-999.0,-999.0
2009,7,31,16.4,19.3,22.1,0.0,15.9,82.6,9.6,233.6,1001.8,-999.0,-999.0
2009,8,1,16.7,21.8,26.9,0.0,16.7,76.7,10.7,227.3,1005.7,-999.0,-999.0
2009,8,2,17.5,22.9,28.3,15.2,16.9,81.8,8.9,147.1,1002.3,-999.0,-999.0
2009,8,3,16.6,20.3,24.0,0.0,14.6,74.0,15.1,246.3,1003.7,-999.0,-999.0
2009,8,4,16.4,22.2,27.9,0.2,15.8,70.1,7.5,174.2,1001.2,-999.0,-999.0
2009,8,5,14.1,19.3,24.4,0.0,13.9,67.8,19.5,258.8,999.5,-999.0,-999.0
2009,8,6,12.3,16.7,21.1,0.0,12.8,77.3,9.4,239.8,1003.1,-999.0,-999.0
2009,8,7,10.6,14.9,19.1,17.2,10.7,80.5,8.4,266.4,1005.9,-999.0,-999.0
2009,8,8,8.0,15.5,23.0,0.0,10.3,72.0,12.2,238.1,1011.8,-999.0,-999.0
2009,8,9,12.2,17.9,23.6,5.4,12.7,74.5,5.3,110.5,1007.1,-999.0,-999.0
2009,8,10,15.7,20.9,26.0,2.6,18.1,90.7,7.3,201.2,999.3,-999.0,-999.0
2009,8,11,17.4,21.5,25.5,0.0,15.5,73.0,9.9,75.7,1002.3,-999.0,-999.0
2009,8,12,15.4,21.6,27.8,0.0,15.1,69.3,6.1,132.1,1007.6,-999.0,-999.0
2009,8,13,16.2,22.3,28.3,0.0,15.9,69.3,8.0,159.9,1009.8,-999.0,-999.0
2009,8,14,14.8,22.2,29.5,0.0,18.0,76.2,12.2,242.4,1010.0,-999.0,-999.0
2009,8,15,18.5,24.0,29.5,0.0,18.7,75.3,16.4,243.4,1009.3,-999.0,-999.0
2009,8,16,17.8,24.1,30.3,1.4,19.3,77.9,9.9,212.2,1009.7,-999.0,-999.0
2009,8,17,18.4,24.5,30.5,2.4,19.5,79.5,12.3,196.5,1007.8,-999.0,-999.0
2009,8,18,21.4,25.9,30.3,4.0,21.2,83.2,15.6,240.4,1002.0,-999.0,-999.0
2009,8,19,14.8,20.6,26.3,0.0,16.6,71.8,16.8,256.4,1001.2,-999.0,-999.0
2009,8,20,12.2,18.5,24.7,0.2,14.0,73.1,7.3,177.3,1005.5,-999.0,-999.0
2009,8,21,17.7,21.3,24.8,12.2,17.6,85.8,12.8,75.7,1001.6,-999.0,-999.0
2009,8,22,18.7,23.2,27.7,0.0,19.1,81.3,9.6,221.8,1002.2,-999.0,-999.0
2009,8,23,15.3,18.6,21.9,0.0,15.1,75.2,13.8,97.8,1003.7,-999.0,-999.0
2009,8,24,13.4,19.2,25.0,0.0,12.4,67.5,9.8,256.4,1007.5,-999.0,-999.0
2009,8,25,10.6,17.4,24.1,0.0,12.3,72.5,8.2,266.3,1007.7,-999.0,-999.0
2009,8,26,8.4,15.7,23.0,0.0,10.5,62.5,25.9,268.6,1001.0,-999.0,-999.0
2009,8,27,5.4,11.5,17.6,0.0,3.7,59.8,14.7,298.9,1010.2,-999.0,-999.0
2009,8,28,8.0,13.0,17.9,0.0,4.9,60.0,9.3,243.9,1014.0,-999.0,-999.0
2009,8,29,11.2,12.8,14.4,4.4,9.0,77.9,22.8,71.0,1008.3,-999.0,-999.0
2009,8,30,10.8,15.5,20.2,3.8,12.8,90.9,11.3,129.9,1000.2,-999.0,-999.0
2009,8,31,8.1,13.8,19.4,0.0,7.4,68.8,14.5,260.5,1008.4,-999.0,-999.0
2009,9,1,4.9,13.3,21.6,0.0,8.7,72.3,12.2,224.3,1014.0,-999.0,-999.0
2009,9,2,10.8,17.4,24.0,0.0,13.0,75.8,14.1,245.2,1012.9,-999.0,-999.0
2009,9,3,14.0,19.5,24.9,0.0,14.1,78.1,17.8,246.7,1009.0,-999.0,-999.0
2009,9,4,12.5,18.9,25.3,0.0,10.9,67.3,14.1,261.1,1008.0,-999.0,-999.0
2009,9,5,7.1,13.3,19.5,0.0,5.5,60.0,10.7,276.0,1014.2,-999.0,-999.0
2009,9,6,5.6,12.6,19.5,0.0,5.3,63.6,6.3,201.1,1020.3,-999.0,-999.0
2009,9,7,4.6,13.6,22.6,0.0,9.9,76.1,11.3,251.8,1012.7,-999.0,-999.0
2009,9,8,11.6,18.2,24.7,0.0,11.6,67.2,12.5,233.3,1010.4,-999.0,-999.0
2009,9,9,6.2,12.7,19.1,0.0,5.3,57.3,10.7,101.9,1017.9,-999.0,-999.0
2009,9,10,6.2,14.7,23.1,0.0,7.5,66.3,6.7,132.7,1022.2,-999.0,-999.0
2009,9,11,9.0,15.8,22.6,0.0,10.1,73.6,8.8,235.3,1017.8,-999.0,-999.0
2009,9,12,7.1,15.9,24.6,0.0,10.1,71.9,7.9,237.8,1008.9,-999.0,-999.0
2009,9,13,9.5,14.5,19.5,3.2,9.8,74.4,12.7,296.6,1001.5,-999.0,-999.0
2009,9,14,7.8,12.1,16.4,0.0,9.5,79.3,13.2,253.2,1000.0,-999.0,-999.0
2009,9,15,8.0,13.4,18.8,0.0,7.7,75.3,9.1,126.5,1005.4,-999.0,-999.0
2009,9,16,5.3,10.5,15.6,0.0,4.0,63.5,13.0,82.9,1019.3,-999.0,-999.0
2009,9,17,3.9,11.4,18.8,0.0,5.3,68.8,9.9,162.8,1013.5,-999.0,-999.0
2009,9,18,7.7,11.8,15.8,9.0,7.2,75.0,22.8,272.3,1001.1,-999.0,-999.0
2009,9,19,4.9,10.5,16.1,0.0,2.8,61.8,17.7,283.1,1011.5,-999.0,-999.0
2009,9,20,4.4,12.3,20.2,0.0,7.2,77.0,12.8,243.5,1014.0,-999.0,-999.0
2009,9,21,8.2,16.1,23.9,0.0,10.3,73.2,6.3,261.0,1015.2,-999.0,-999.0
2009,9,22,9.6,13.8,18.0,4.0,12.9,94.3,2.5,227.7,1011.2,-999.0,-999.0
2009,9,23,11.4,15.7,19.9,26.0,17.6,94.5,15.3,248.6,1003.7,-999.0,-999.0
2009,9,24,6.5,12.3,18.0,0.0,7.6,72.5,13.4,290.5,1007.1,-999.0,-999.0
2009,9,25,3.5,8.3,13.0,0.0,4.0,69.7,9.3,155.0,1017.3,-999.0,-999.0
2009,9,26,1.3,8.9,16.5,0.0,3.9,73.3,7.5,201.9,1013.3,-999.0,-999.0
2009,9,27,9.9,11.5,13.0,27.0,10.1,90.7,9.2,76.7,998.5,-999.0,-999.0
2009,9,28,12.1,15.0,17.8,13.6,13.3,92.4,13.9,139.8,987.4,-999.0,-999.0
2009,9,29,8.4,12.2,15.9,3.2,10.9,89.9,5.2,130.8,987.2,-999.0,-999.0
2009,9,30,6.9,9.7,12.4,0.8,7.5,88.6,15.6,239.0,995.4,-999.0,-999.0
2009,10,1,5.9,7.1,8.3,0.8,6.0,94.3,17.3,247.1,1001.8,-999.0,-999.0
2009,10,2,5.5,7.3,9.1,0.4,5.5,88.3,8.2,189.9,1006.5,-999.0,-999.0
2009,10,3,6.9,8.4,9.9,13.2,7.3,92.0,19.9,67.9,1007.5,-999.0,-999.0
2009,10,4,9.2,10.9,12.6,0.0,9.6,93.4,13.1,77.9,1004.0,-999.0,-999.0
2009,10,5,7.6,11.2,14.8,4.6,9.4,92.3,10.6,235.8,998.2,-999.0,-999.0
2009,10,6,5.9,10.6,15.3,0.0,7.4,84.8,16.2,233.6,998.7,-999.0,-999.0
2009,10,7,6.5,7.9,9.3,17.0,7.8,97.1,14.1,74.8,988.3,-999.0,-999.0
2009,10,8,6.1,9.1,12.0,2.0,6.3,84.0,9.7,244.0,1002.2,-999.0,-999.0
2009,10,9,6.2,8.5,10.7,9.2,8.7,97.8,3.7,233.3,1001.1,-999.0,-999.0
2009,10,10,1.3,5.9,10.5,3.5,2.8,77.3,12.4,290.3,1001.0,-999.0,-999.0
2009,10,11,-0.1,5.0,10.0,0.8,-0.6,75.7,19.8,244.5,1006.0,-999.0,-999.0
2009,10,12,1.3,5.4,9.5,0.0,-0.9,69.5,15.3,271.0,1014.5,-999.0,-999.0
2009,10,13,-0.7,2.4,5.4,3.7,1.0,87.4,6.2,138.9,1009.4,-999.0,-999.0
2009,10,14,-1.2,2.2,5.6,0.0,-4.1,67.0,14.2,289.1,1011.7,-999.0,-999.0
2009,10,15,-1.7,2.2,6.0,0.0,-6.0,57.4,7.4,221.6,1012.0,-999.0,-999.0
2009,10,16,-3.3,1.8,6.8,0.0,-5.0,62.6,12.8,80.9,1012.5,-999.0,-999.0
2009,10,17,-3.1,2.2,7.4,0.0,-5.3,58.5,11.1,69.1,1015.2,-999.0,-999.0
2009,10,18,-2.3,2.6,7.5,0.0,-3.6,65.2,10.9,79.6,1016.3,-999.0,-999.0
2009,10,19,-2.6,3.0,8.5,0.0,-2.8,68.5,7.0,218.2,1011.0,-999.0,-999.0
2009,10,20,0.1,4.2,8.2,0.0,2.3,80.8,6.6,211.1,1007.3,-999.0,-999.0
2009,10,21,-0.8,4.2,9.2,1.6,-1.8,66.9,12.2,272.1,1012.8,-999.0,-999.0
2009,10,22,-4.6,-0.6,3.4,13.9,-0.9,90.0,16.1,117.3,1007.1,-999.0,-999.0
2009,10,23,-5.3,-0.8,3.7,3.1,-3.1,80.3,8.1,163.9,1015.5,-999.0,-999.0
2009,10,24,0.4,2.5,4.5,19.6,2.0,97.0,18.6,73.3,1002.1,-999.0,-999.0
2009,10,25,1.1,5.8,10.4,0.4,1.5,74.8,21.4,239.8,1002.0,-999.0,-999.0
2009,10,26,-1.0,3.4,7.7,0.0,-4.0,61.2,14.1,248.6,1017.1,-999.0,-999.0
2009,10,27,1.0,2.4,3.7,0.4,-0.4,82.4,21.5,66.9,1014.7,-999.0,-999.0
2009,10,28,2.6,3.7,4.7,0.0,0.3,80.3,25.6,68.5,1013.4,-999.0,-999.0
2009,10,29,0.1,3.3,6.4,0.0,1.6,82.6,9.6,72.0,1017.5,-999.0,-999.0
2009,10,30,-1.5,4.0,9.4,2.4,3.7,87.3,6.0,118.2,1011.5,-999.0,-999.0
2009,10,31,6.6,10.7,14.8,11.4,8.7,93.4,15.8,149.4,993.2,-999.0,-999.0
2009,11,1,0.1,5.4,10.7,0.0,0.8,68.8,19.1,274.4,1007.5,0.0,0.0
2009,11,2,-1.3,3.0,7.2,0.0,-1.5,73.6,11.9,66.8,1017.0,0.0,0.0
2009,11,3,-0.4,1.9,4.2,1.6,0.9,86.1,11.5,140.8,1005.4,0.0,0.0
2009,11,4,-4.9,-0.9,3.1,0.0,-4.3,70.8,17.1,262.7,1012.4,0.0,0.0
2009,11,5,-4.4,-0.7,3.0,0.8,-4.9,74.0,12.0,93.9,1013.0,0.8,0.0
2009,11,6,-1.7,2.1,5.8,0.0,-3.0,73.1,10.6,194.1,1012.4,0.0,0.0
2009,11,7,-5.1,-1.7,1.7,0.2,-5.1,72.5,7.6,196.2,1010.4,0.0,0.0
2009,11,8,1.5,7.9,14.2,0.0,0.5,65.9,15.4,232.8,1008.7,0.0,0.0
2009,11,9,-0.1,5.9,11.8,0.0,1.4,68.0,7.5,156.3,1012.0,0.0,0.0
2009,11,10,-0.9,5.6,12.0,0.0,1.7,66.8,18.6,271.6,1014.9,0.0,0.0
2009,11,11,-4.0,2.8,9.6,0.0,-1.8,68.5,10.7,236.4,1022.3,0.0,0.0
2009,11,12,-6.2,1.0,8.1,0.0,-4.7,73.2,6.2,235.4,1019.7,0.0,0.0
2009,11,13,-6.2,2.0,10.1,0.0,-5.3,62.0,6.3,76.2,1017.0,0.0,0.0
2009,11,14,-1.7,4.3,10.2,6.2,-3.2,61.6,8.8,67.3,1013.4,0.0,0.0
2009,11,15,7.0,9.0,10.9,1.7,9.3,98.3,11.4,155.2,1002.5,0.0,0.0
2009,11,16,0.8,4.3,7.7,0.0,-0.4,70.5,22.2,262.6,1006.0,0.0,0.0
2009,11,17,-1.9,2.4,6.7,0.0,-2.9,68.6,11.6,275.4,1017.5,0.0,0.0
2009,11,18,-3.8,1.0,5.8,0.0,-2.8,78.5,14.9,249.6,1021.1,0.0,0.0
2009,11,19,-5.6,1.3,8.2,1.2,-2.5,80.8,4.8,233.6,1017.2,0.0,0.0
2009,11,20,0.5,3.9,7.2,14.6,2.3,88.3,12.7,142.1,1002.2,0.0,0.0
2009,11,21,-2.2,2.5,7.2,0.0,2.4,84.0,20.3,264.4,1005.2,0.0,0.0
2009,11,22,-2.4,0.8,3.9,0.0,-1.8,83.4,7.4,92.2,1020.3,0.0,0.0
2009,11,23,-3.1,2.0,7.1,0.0,-1.7,83.5,4.8,125.3,1023.5,0.0,0.0
2009,11,24,-2.4,2.3,7.0,0.0,0.7,86.0,6.9,62.2,1017.5,0.0,0.0
2009,11,25,2.5,3.1,3.7,11.6,2.3,94.7,20.9,72.1,1010.2,0.0,0.0
2009,11,26,2.8,5.1,7.3,1.6,4.7,97.1,7.5,65.8,1002.5,0.0,0.0
2009,11,27,0.4,3.1,5.7,15.1,3.8,96.5,12.8,83.0,990.4,0.0,0.0
2009,11,28,0.7,3.6,6.4,0.0,-0.9,71.7,21.3,288.6,983.0,0.0,0.0
2009,11,29,-0.9,1.6,4.1,1.4,-4.8,65.3,19.1,254.0,996.7,2.8,0.0
2009,11,30,-4.7,-1.8,1.1,2.5,-2.7,86.4,11.8,206.1,994.3,1.4,2.0
2009,12,1,-4.3,-1.8,0.8,0.3,-4.0,85.9,8.4,249.1,1000.1,0.0,0.0
2009,12,2,-3.4,-0.7,2.1,9.2,-1.5,89.6,11.6,175.4,1006.4,0.0,1.0
2009,12,3,0.2,2.1,4.0,25.8,1.3,94.4,20.1,71.7,991.5,0.0,0.0
2009,12,4,-0.2,2.6,5.3,0.5,-0.6,82.6,14.0,225.2,1004.8,0.0,0.0
2009,12,5,-3.9,-1.3,1.4,0.0,-3.4,84.5,6.3,228.9,1011.2,0.0,0.0
2009,12,6,-5.7,-2.0,1.7,0.0,-6.3,72.9,12.4,279.6,1007.3,0.0,0.0
2009,12,7,-8.2,-5.7,-3.1,0.0,-9.2,75.8,10.1,226.2,1012.6,0.0,1.0
2009,12,8,-12.0,-7.1,-2.2,0.0,-10.3,74.5,7.1,230.9,1014.6,0.0,1.0
2009,12,9,-11.4,-8.2,-4.9,25.0,-9.9,84.0,27.1,90.2,1002.8,25.0,0.0
2009,12,10,-8.2,-4.2,-0.1,2.5,-5.8,87.7,25.6,174.8,980.7,2.0,17.0
2009,12,11,-12.6,-10.2,-7.7,0.2,-13.6,69.4,37.5,260.2,993.3,0.2,19.0
2009,12,12,-16.1,-12.1,-8.0,0.0,-18.1,59.6,21.4,250.9,1013.4,0.0,15.0
2009,12,13,-10.1,-5.9,-1.7,4.3,-8.0,82.0,7.6,186.1,1009.2,4.0,15.0
2009,12,14,-6.4,-4.6,-2.7,0.6,-5.8,86.9,12.9,198.4,1007.2,0.8,24.0
2009,12,15,-7.9,-5.7,-3.4,4.0,-5.5,89.9,18.6,123.3,1002.7,3.0,16.0
2009,12,16,-21.1,-14.5,-7.9,0.0,-20.4,63.2,22.5,272.5,1008.8,0.0,18.0
2009,12,17,-22.1,-18.3,-14.5,0.0,-24.4,60.4,30.3,250.8,1012.0,0.0,18.0
2009,12,18,-19.6,-16.1,-12.6,0.0,-22.1,60.4,28.6,248.8,1012.0,0.0,18.0
2009,12,19,-18.4,-14.1,-9.7,0.0,-21.5,55.3,22.6,202.9,1005.2,0.0,18.0
2009,12,20,-18.5,-11.7,-4.9,0.0,-16.4,70.7,12.2,229.6,999.8,0.0,18.0
2009,12,21,-11.3,-9.0,-6.6,1.2,-12.7,74.3,25.5,269.1,997.5,1.2,18.0
2009,12,22,-11.7,-10.6,-9.5,17.6,-13.7,79.9,22.4,239.2,1004.7,17.6,18.0
2009,12,23,-11.3,-9.7,-8.0,5.2,-11.4,89.4,9.2,240.0,1009.0,3.1,29.0
2009,12,24,-10.0,-5.8,-1.6,0.3,-5.7,92.8,5.3,240.9,1020.7,0.0,30.0
2009,12,25,-5.0,-3.8,-2.6,0.0,-5.8,84.8,14.3,109.6,1024.0,0.0,30.0
2009,12,26,-5.2,-4.0,-2.7,3.0,-6.8,80.8,24.9,82.3,1022.7,2.1,30.0
2009,12,27,-3.1,-1.4,0.4,17.8,-1.6,96.8,21.6,100.0,1004.5,17.0,35.0
2009,12,28,-4.4,-2.3,-0.1,0.3,-2.5,92.2,11.2,250.3,990.6,0.2,31.0
2009,12,29,-17.8,-10.8,-3.8,0.0,-17.1,65.3,23.1,289.1,998.5,0.0,27.0
2009,12,30,-19.7,-16.3,-12.9,0.8,-21.0,68.0,18.8,261.0,1015.5,0.8,27.0
2009,12,31,-13.1,-9.0,-4.8,0.8,-10.9,81.4,10.0,77.2,1012.7,1.2,27.0
2010,1,1,-5.6,-4.8,-4.0,10.0,-6.3,90.2,24.2,69.6,1005.4,10.0,28.0
2010,1,2,-5.2,-4.1,-2.9,10.2,-6.8,84.8,16.2,138.6,996.2,10.2,28.0
2010,1,3,-3.4,0.3,4.0,0.6,-2.5,73.8,21.8,158.8,986.1,0.0,30.0
2010,1,4,-4.9,-2.5,0.0,1.1,-4.8,80.3,22.0,258.9,990.7,1.6,26.0
2010,1,5,-6.3,-4.7,-3.0,0.2,-6.5,89.8,21.9,236.7,992.8,0.0,26.0
2010,1,6,-4.5,-3.1,-1.7,0.0,-5.9,81.0,26.9,249.4,989.8,0.0,26.0
2010,1,7,-9.2,-5.7,-2.1,0.0,-8.4,72.9,24.0,259.1,995.0,0.0,26.0
2010,1,8,-10.5,-7.1,-3.6,0.0,-11.2,70.8,16.2,271.3,997.8,0.0,26.0
2010,1,9,-17.0,-13.1,-9.2,0.0,-19.8,55.5,22.6,300.6,1007.0,0.0,26.0
2010,1,10,-19.6,-16.0,-12.4,0.4,-20.5,67.1,13.6,268.3,1010.6,0.4,26.0
2010,1,11,-16.2,-10.8,-5.4,0.3,-13.3,75.8,13.3,251.5,1005.5,0.0,26.0
2010,1,12,-17.0,-13.2,-9.4,0.0,-17.8,60.1,18.1,302.5,1007.0,0.0,26.0
2010,1,13,-21.5,-16.2,-10.8,0.0,-21.7,59.9,20.1,247.2,1009.8,0.0,26.0
2010,1,14,-22.3,-14.0,-5.6,1.1,-16.9,78.0,1.5,219.9,1011.8,0.0,26.0
2010,1,15,-5.7,-2.2,1.4,0.0,-5.4,84.0,18.6,255.8,1004.3,0.0,26.0
2010,1,16,-12.3,-5.5,1.3,0.8,-5.0,80.4,19.3,249.0,1006.3,0.8,26.0
2010,1,17,-14.1,-10.5,-6.8,0.0,-15.9,63.6,19.0,87.1,1012.3,0.0,26.0
2010,1,18,-6.9,-5.4,-3.8,0.9,-9.4,73.0,21.4,70.4,1003.5,1.4,26.0
2010,1,19,-4.9,-3.9,-2.8,2.1,-5.2,90.6,8.6,80.4,1004.5,2.6,27.0
2010,1,20,-6.9,-3.8,-0.7,0.4,-4.4,88.7,8.9,97.8,1006.0,0.2,28.0
2010,1,21,-9.2,-6.3,-3.4,0.0,-8.3,80.7,18.7,255.6,1010.0,0.0,28.0
2010,1,22,-14.6,-9.2,-3.8,0.0,-11.1,76.3,11.2,198.3,1011.7,0.0,28.0
2010,1,23,-18.2,-12.2,-6.1,0.0,-16.5,65.8,12.3,218.6,1015.8,0.0,28.0
2010,1,24,-12.7,-7.4,-2.0,4.0,-11.3,70.4,10.8,105.9,1011.3,0.0,28.0
2010,1,25,-2.4,2.1,6.5,31.2,-0.1,93.0,18.9,90.2,991.2,0.0,26.0
2010,1,26,0.1,1.6,3.0,2.6,-0.3,90.6,23.1,240.4,985.0,4.4,23.0
2010,1,27,-8.5,-4.1,0.4,1.7,-4.2,89.9,14.2,232.8,1000.3,0.8,25.0
2010,1,28,-10.7,-6.7,-2.7,4.3,-6.3,87.4,14.9,151.2,1000.7,6.0,26.0
2010,1,29,-17.9,-13.6,-9.2,2.5,-17.4,82.3,32.7,258.1,1002.1,2.6,28.0
2010,1,30,-21.1,-18.0,-14.9,0.7,-22.9,68.0,23.6,241.9,1011.0,0.0,28.0
2010,1,31,-20.5,-16.1,-11.7,1.0,-19.7,75.7,11.1,221.4,1004.5,0.0,28.0
2010,2,1,-18.9,-15.8,-12.6,0.3,-19.9,66.9,20.2,261.1,1006.5,0.0,28.0
2010,2,2,-24.6,-19.6,-14.5,0.0,-25.7,55.3,10.3,258.4,1014.6,0.0,29.0
2010,2,3,-22.4,-15.3,-8.2,0.0,-19.1,69.7,7.7,236.7,1009.3,0.0,28.0
2010,2,4,-16.1,-12.6,-9.1,0.0,-17.7,65.8,20.3,253.9,1011.7,0.0,28.0
2010,2,5,-17.6,-13.8,-9.9,0.0,-18.8,61.3,18.6,271.3,1012.7,0.0,28.0
2010,2,6,-19.2,-13.3,-7.3,0.2,-19.1,58.5,15.1,302.1,1006.5,0.0,28.0
2010,2,7,-11.9,-8.7,-5.5,0.8,-13.3,68.2,18.0,276.9,998.2,0.8,28.0
2010,2,8,-8.5,-6.6,-4.7,0.2,-9.6,77.8,25.9,249.6,997.8,0.0,29.0
2010,2,9,-11.6,-6.3,-1.0,0.0,-7.3,79.7,27.3,242.5,1003.5,0.0,29.0
2010,2,10,-14.5,-8.8,-3.0,0.3,-10.5,81.8,9.1,91.4,995.3,0.0,29.0
2010,2,11,-7.7,-4.6,-1.4,0.0,-7.8,77.6,10.9,222.8,992.5,0.0,29.0
2010,2,12,-8.0,-6.1,-4.2,0.1,-9.6,78.5,23.5,237.9,996.6,0.2,29.0
2010,2,13,-7.9,-5.3,-2.7,0.0,-8.3,81.6,28.1,242.1,988.6,0.0,29.0
2010,2,14,-6.1,-4.2,-2.3,0.1,-7.9,76.3,25.6,254.4,982.8,0.2,29.0
2010,2,15,-6.5,-4.8,-3.1,0.2,-8.0,79.4,18.9,246.7,991.5,0.0,29.0
2010,2,16,-5.4,-3.1,-0.7,1.4,-5.9,82.8,8.2,234.3,991.8,1.6,29.0
2010,2,17,-4.5,-2.2,0.1,0.3,-3.6,89.7,13.2,242.4,986.0,0.2,30.0
2010,2,18,-2.3,1.6,5.5,4.0,-2.3,80.0,26.1,251.3,982.5,4.0,29.0
2010,2,19,-4.9,-1.4,2.2,0.4,-5.0,81.3,26.9,243.9,989.3,0.2,29.0
2010,2,20,-4.1,-1.1,2.0,0.1,-4.8,74.5,23.0,243.9,998.0,0.2,29.0
2010,2,21,-5.2,-1.8,1.6,0.0,-5.3,80.3,19.8,241.1,1000.0,0.0,29.0
2010,2,22,-1.7,0.2,2.1,0.0,-1.9,85.3,10.8,156.4,1005.5,0.0,29.0
2010,2,23,-0.1,1.7,3.4,0.0,-1.1,83.4,15.3,76.3,1007.4,0.0,29.0
2010,2,24,0.0,0.9,1.8,11.0,-1.3,85.7,22.5,74.3,1009.1,11.0,29.0
2010,2,25,-1.6,-0.1,1.5,4.7,-0.5,94.6,40.3,69.5,1002.9,4.2,32.0
2010,2,26,-1.4,0.3,2.0,0.8,-1.4,85.0,43.1,67.3,994.8,1.0,32.0
2010,2,27,0.4,1.7,2.9,3.6,-0.8,83.5,31.9,67.3,995.1,3.6,32.0
2010,2,28,-0.6,0.8,2.1,1.3,-0.6,92.2,17.4,72.3,997.6,1.0,30.0
2010,3,1,-0.2,2.4,5.0,0.0,-2.0,78.3,7.0,136.9,999.5,0.0,30.0
2010,3,2,-2.7,-0.6,1.5,0.0,-4.5,72.6,10.9,73.5,1005.8,0.0,28.0
2010,3,3,-5.6,-2.4,0.8,0.0,-5.8,75.8,11.9,67.9,1002.8,0.0,24.0
2010,3,4,-5.3,-2.3,0.8,0.0,-5.9,72.8,15.7,80.7,1003.7,0.0,21.0
2010,3,5,-8.3,-4.1,0.1,0.0,-10.4,59.7,7.8,142.9,1012.0,0.0,19.0
2010,3,6,-6.9,-0.7,5.5,0.0,-8.0,59.0,18.6,236.7,1007.5,0.0,17.0
2010,3,7,-4.7,0.4,5.5,0.0,-4.0,71.3,17.4,238.8,1000.3,0.0,15.0
2010,3,8,-0.9,2.3,5.5,0.0,-6.0,56.6,22.1,276.1,995.9,0.0,15.0
2010,3,9,-4.6,-1.2,2.3,0.0,-9.4,54.3,16.4,302.1,1003.8,0.0,11.0
2010,3,10,-7.6,-2.5,2.7,0.0,-8.6,61.2,14.9,255.4,1008.3,0.0,9.0
2010,3,11,-5.1,-0.3,4.6,0.0,-7.0,62.6,9.2,72.2,1013.5,0.0,5.0
2010,3,12,-3.9,0.4,4.6,0.0,-7.5,56.3,15.4,68.5,1017.7,0.0,2.0
2010,3,13,-1.8,2.8,7.4,0.0,-6.2,56.2,16.4,70.8,1017.2,0.0,0.0
2010,3,14,0.7,3.6,6.4,0.0,-6.3,51.5,24.2,70.5,1013.1,0.0,0.0
2010,3,15,-2.7,2.4,7.4,0.0,-3.6,62.8,16.8,73.2,1010.0,0.0,0.0
2010,3,16,-5.1,4.7,14.5,0.0,-4.0,57.1,9.1,199.6,1007.7,0.0,0.0
2010,3,17,-3.9,3.1,10.1,0.0,-3.2,60.8,14.1,247.3,1000.7,0.0,0.0
2010,3,18,0.8,6.0,11.1,0.0,-3.2,53.5,15.3,254.2,995.0,0.0,0.0
2010,3,19,0.6,2.6,4.6,0.0,-3.8,64.8,12.6,75.8,999.4,0.0,0.0
2010,3,20,-2.8,2.1,6.9,0.0,-3.7,61.4,16.8,265.3,1004.4,0.0,0.0
2010,3,21,-5.2,-0.4,4.5,0.0,-9.8,52.0,6.8,184.3,1013.5,0.0,0.0
2010,3,22,-2.9,3.0,8.8,0.0,-4.4,66.7,9.4,233.1,1011.2,0.0,0.0
2010,3,23,-2.7,-0.2,2.4,16.5,-4.2,78.2,34.4,67.0,1004.4,20.8,0.0
2010,3,24,-5.0,-1.1,2.8,8.2,-2.5,84.1,10.3,202.4,995.5,3.7,9.0
2010,3,25,-8.5,0.8,10.1,0.0,-6.7,59.5,16.3,271.3,998.5,0.0,10.0
2010,3,26,-14.0,-9.3,-4.6,0.0,-21.1,37.7,17.0,319.2,1009.8,0.0,6.0
2010,3,27,-14.7,-9.0,-3.3,0.0,-19.1,41.9,9.8,212.3,1020.2,0.0,4.0
2010,3,28,-4.8,0.9,6.5,10.4,-8.2,52.7,12.8,107.9,1013.2,10.4,2.0
2010,3,29,0.0,1.2,2.4,13.0,0.8,97.1,10.0,99.0,1003.2,2.6,12.0
2010,3,30,-0.1,2.2,4.4,0.0,-0.9,80.3,19.9,61.3,1008.5,0.0,10.0
2010,3,31,1.1,2.9,4.6,0.0,1.0,89.8,23.5,72.1,1007.2,0.0,8.0
2010,4,1,0.9,5.4,9.8,0.0,1.5,86.2,10.1,72.4,1011.3,0.0,6.0
2010,4,2,-0.3,8.2,16.7,0.0,3.5,79.8,9.4,65.7,1009.6,0.0,2.0
2010,4,3,1.6,13.8,25.9,0.0,7.0,65.0,6.8,164.8,1005.0,0.0,0.0
2010,4,4,4.6,11.5,18.4,0.0,2.4,50.6,18.0,238.2,1005.0,0.0,0.0
2010,4,5,2.1,7.5,12.9,2.6,2.3,67.8,7.0,167.3,1003.5,0.0,0.0
2010,4,6,5.6,10.8,16.0,0.6,4.1,67.4,13.2,216.5,1001.2,0.0,0.0
2010,4,7,3.8,7.5,11.2,1.6,6.0,84.2,8.3,153.7,995.0,0.0,0.0
2010,4,8,0.9,4.2,7.5,0.9,-4.2,52.7,22.5,101.3,1002.8,0.0,0.0
2010,4,9,4.0,6.0,7.9,5.5,2.9,79.3,14.8,151.4,996.3,0.0,0.0
2010,4,10,2.7,6.3,9.8,0.0,-2.9,55.6,31.3,267.3,999.2,0.0,0.0
2010,4,11,1.5,6.8,12.1,0.0,-2.6,55.3,27.5,262.3,1006.9,0.0,0.0
2010,4,12,0.8,6.3,11.8,0.0,-5.3,47.0,14.7,284.4,1016.4,0.0,0.0
2010,4,13,-0.8,5.9,12.6,0.0,-6.9,41.0,9.7,214.3,1022.9,0.0,0.0
2010,4,14,-1.7,6.6,14.8,0.0,-6.8,40.7,13.4,225.3,1018.8,0.0,0.0
2010,4,15,-2.6,3.6,9.8,0.0,-3.6,57.7,14.9,104.8,1018.4,0.0,0.0
2010,4,16,2.2,6.2,10.1,2.6,-0.9,65.0,22.0,96.5,1007.2,1.0,0.0
2010,4,17,0.3,2.8,5.2,11.5,0.0,85.2,15.4,101.0,1000.3,3.6,0.0
2010,4,18,0.8,4.4,7.9,1.2,1.4,85.3,12.3,146.4,1001.0,0.0,0.0
2010,4,19,0.3,7.6,14.9,0.6,3.5,79.2,7.2,169.9,1004.3,0.0,0.0
2010,4,20,2.0,10.5,18.9,0.0,1.1,55.6,11.9,263.9,1001.4,0.0,0.0
2010,4,21,3.7,9.7,15.6,0.1,-0.7,48.8,8.9,222.8,999.1,0.0,0.0
2010,4,22,5.0,8.8,12.5,0.2,2.6,67.9,10.9,105.7,997.8,0.0,0.0
2010,4,23,2.0,8.4,14.7,0.2,1.9,64.2,6.2,152.9,1002.0,0.0,0.0
2010,4,24,-0.9,7.9,16.7,4.5,1.1,62.7,11.7,237.1,1005.0,0.0,0.0
2010,4,25,2.5,9.6,16.6,0.0,2.5,62.3,8.2,247.6,996.0,0.0,0.0
2010,4,26,4.3,7.2,10.1,0.0,-3.6,47.8,26.6,80.2,989.3,0.0,0.0
2010,4,27,0.7,2.9,5.1,6.3,-1.6,75.5,25.0,56.0,989.1,4.2,0.0
2010,4,28,3.0,8.6,14.2,0.0,-1.3,56.9,13.3,228.6,988.1,0.0,0.0
2010,4,29,2.4,7.0,11.6,0.0,-3.5,49.0,24.6,305.2,991.8,0.0,0.0
2010,4,30,3.9,11.5,19.1,1.5,-1.4,40.4,20.1,287.7,995.2,0.0,0.0
2010,5,1,2.6,11.9,21.1,0.0,-0.2,42.6,11.5,253.3,999.8,-999.0,-999.0
2010,5,2,10.7,18.0,25.2,0.0,11.7,67.8,4.5,229.1,996.7,-999.0,-999.0
2010,5,3,9.4,15.6,21.8,7.4,13.3,86.6,18.0,183.8,989.0,-999.0,-999.0
2010,5,4,8.7,14.7,20.7,0.2,8.7,71.3,13.4,231.9,994.2,-999.0,-999.0
2010,5,5,8.5,13.8,19.1,1.2,8.0,72.7,10.9,140.4,999.7,-999.0,-999.0
2010,5,6,6.7,13.3,19.8,5.4,9.1,86.3,18.1,202.3,991.8,-999.0,-999.0
2010,5,7,2.1,7.9,13.6,0.0,0.3,58.7,22.8,283.1,1001.4,-999.0,-999.0
2010,5,8,1.3,4.5,7.7,4.8,1.8,80.8,15.8,125.1,991.3,-999.0,-999.0
2010,5,9,1.9,4.9,7.9,0.2,1.4,76.3,21.4,263.4,992.7,-999.0,-999.0
2010,5,10,-2.0,2.4,6.8,0.0,-4.3,60.6,15.6,304.0,1011.3,-999.0,-999.0
2010,5,11,-3.5,5.7,14.9,0.0,-2.2,57.1,10.3,195.0,1017.4,-999.0,-999.0
2010,5,12,0.2,6.4,12.6,0.0,-2.7,50.6,10.2,126.9,1015.4,-999.0,-999.0
2010,5,13,-0.6,9.2,18.9,0.0,-4.7,38.5,12.9,304.9,1013.5,-999.0,-999.0
2010,5,14,5.7,11.1,16.5,0.4,1.4,52.0,7.5,103.6,1006.9,-999.0,-999.0
2010,5,15,3.9,10.2,16.4,0.2,5.0,73.0,11.0,128.7,1005.5,-999.0,-999.0
2010,5,16,0.9,11.0,21.1,0.0,-3.6,36.5,18.3,300.6,1008.8,-999.0,-999.0
2010,5,17,4.3,13.7,23.0,0.0,1.6,42.7,8.3,164.7,1011.6,-999.0,-999.0
2010,5,18,4.7,15.9,27.1,0.0,4.7,48.0,9.3,237.6,1008.3,-999.0,-999.0
2010,5,19,10.1,17.3,24.4,0.0,6.6,53.7,6.8,199.6,1004.5,-999.0,-999.0
2010,5,20,7.5,16.0,24.5,0.0,4.8,49.0,16.8,289.4,1001.3,-999.0,-999.0
2010,5,21,4.8,12.3,19.8,0.0,-1.5,39.0,9.4,214.9,1013.2,-999.0,-999.0
2010,5,22,4.9,15.7,26.5,0.0,5.3,47.3,7.5,202.5,1013.5,-999.0,-999.0
2010,5,23,11.5,20.2,28.8,0.0,12.2,57.1,13.6,238.8,1013.0,-999.0,-999.0
2010,5,24,16.7,23.2,29.7,0.0,15.1,62.2,16.3,236.1,1012.8,-999.0,-999.0
2010,5,25,12.8,22.8,32.8,16.0,17.7,78.4,11.5,203.4,1008.7,-999.0,-999.0
2010,5,26,12.1,20.4,28.7,0.0,13.4,72.8,16.3,116.9,1002.7,-999.0,-999.0
2010,5,27,10.3,14.8,19.3,0.0,6.2,57.8,14.0,73.3,1005.5,-999.0,-999.0
2010,5,28,8.8,14.3,19.7,0.0,6.8,58.7,11.8,98.9,1007.2,-999.0,-999.0
2010,5,29,12.8,18.5,24.2,0.0,10.3,63.1,9.8,224.7,1000.8,-999.0,-999.0
2010,5,30,6.4,14.2,21.9,0.0,1.1,39.2,17.9,295.8,1000.2,-999.0,-999.0
2010,5,31,4.4,11.9,19.3,4.0,2.6,49.9,8.3,265.4,1006.2,-999.0,-999.0
2010,6,1,11.9,14.3,16.6,24.0,11.8,90.0,9.4,69.4,998.8,-999.0,-999.0
2010,6,2,12.8,17.3,21.7,13.0,14.3,87.0,8.4,193.9,998.3,-999.0,-999.0
2010,6,3,12.7,14.3,15.8,4.4,11.1,81.2,14.1,89.7,998.1,-999.0,-999.0
2010,6,4,10.6,17.1,23.6,0.2,12.0,72.3,12.3,248.4,999.2,-999.0,-999.0
2010,6,5,9.9,13.3,16.7,5.2,8.6,73.7,15.6,85.2,995.4,-999.0,-999.0
2010,6,6,9.7,11.5,13.3,9.2,9.8,91.7,7.7,142.9,992.9,-999.0,-999.0
2010,6,7,7.9,13.5,19.1,0.8,7.5,68.7,16.0,281.4,995.6,-999.0,-999.0
2010,6,8,8.1,13.1,18.1,0.2,6.0,65.5,12.1,273.4,1005.0,-999.0,-999.0
2010,6,9,7.4,14.7,21.9,0.0,6.8,57.0,9.4,164.3,1007.0,-999.0,-999.0
2010,6,10,10.1,16.3,22.4,0.0,8.7,61.0,12.0,123.0,1003.4,-999.0,-999.0
2010,6,11,8.4,16.0,23.5,0.0,11.2,72.0,12.6,246.4,1009.1,-999.0,-999.0
2010,6,12,13.0,18.5,24.0,0.0,13.4,73.4,5.7,154.9,1008.6,-999.0,-999.0
2010,6,13,12.4,18.4,24.4,0.0,12.6,70.3,6.9,183.6,1004.8,-999.0,-999.0
2010,6,14,11.5,16.0,20.4,0.0,9.6,66.8,12.9,268.6,1001.4,-999.0,-999.0
2010,6,15,8.1,16.0,23.8,0.0,-0.1,36.3,12.6,295.8,1009.3,-999.0,-999.0
2010,6,16,6.6,14.7,22.7,0.4,7.6,60.8,6.0,239.3,1007.7,-999.0,-999.0
2010,6,17,13.9,20.1,26.3,2.4,13.3,67.3,11.5,157.6,1000.8,-999.0,-999.0
2010,6,18,16.3,22.8,29.3,0.0,14.4,62.0,18.4,232.9,1004.2,-999.0,-999.0
2010,6,19,16.9,23.6,30.3,0.6,16.2,70.0,13.8,251.1,1002.8,-999.0,-999.0
2010,6,20,15.1,21.4,27.7,0.4,17.3,79.3,9.4,230.6,999.8,-999.0,-999.0
2010,6,21,13.8,20.4,27.0,0.0,7.8,47.6,12.3,271.5,1005.3,-999.0,-999.0
2010,6,22,9.5,18.6,27.6,0.0,8.7,48.3,6.8,183.4,1009.5,-999.0,-999.0
2010,6,23,18.9,21.5,24.1,0.0,14.8,67.0,7.7,133.1,1002.0,-999.0,-999.0
2010,6,24,12.4,18.0,23.5,26.8,16.4,81.0,11.8,234.8,993.9,-999.0,-999.0
2010,6,25,9.9,16.1,22.3,0.0,9.2,62.6,14.2,274.9,1003.6,-999.0,-999.0
2010,6,26,11.8,17.5,23.1,3.8,11.6,70.3,12.2,254.2,1000.4,-999.0,-999.0
2010,6,27,9.9,17.4,24.9,0.0,10.5,65.5,12.8,172.8,997.8,-999.0,-999.0
2010,6,28,13.6,14.6,15.6,6.2,11.5,83.2,20.8,70.8,992.0,-999.0,-999.0
2010,6,29,11.6,16.1,20.6,1.4,13.2,87.9,8.4,193.1,997.8,-999.0,-999.0
2010,6,30,8.5,13.2,17.8,5.4,9.4,81.2,17.3,242.4,1003.4,-999.0,-999.0
2010,7,1,7.7,13.0,18.3,1.2,8.9,76.7,13.8,255.7,1006.5,-999.0,-999.0
2010,7,2,7.8,16.7,25.6,0.2,9.9,63.8,12.3,250.4,1010.0,-999.0,-999.0
2010,7,3,16.0,21.9,27.8,0.2,15.1,67.7,18.0,237.7,1003.8,-999.0,-999.0
2010,7,4,18.9,22.8,26.7,0.2,17.1,73.3,15.3,240.0,1001.3,-999.0,-999.0
2010,7,5,18.6,25.4,32.2,0.2,19.8,73.5,10.7,248.3,1001.7,-999.0,-999.0
2010,7,6,21.0,26.6,32.1,0.0,20.5,74.8,7.5,139.8,1005.8,-999.0,-999.0
2010,7,7,20.1,26.8,33.4,0.0,21.9,71.8,12.6,244.1,1005.8,-999.0,-999.0
2010,7,8,18.1,25.6,33.0,0.0,19.2,71.2,11.4,152.3,1005.3,-999.0,-999.0
2010,7,9,20.8,25.9,31.0,16.0,20.9,79.9,10.4,233.7,1001.8,-999.0,-999.0
2010,7,10,19.8,24.1,28.4,0.2,19.4,78.6,12.8,236.7,1000.7,-999.0,-999.0
2010,7,11,17.6,24.1,30.5,0.0,16.1,64.6,6.7,117.4,1002.4,-999.0,-999.0
2010,7,12,17.2,23.9,30.5,0.0,16.8,66.8,8.0,175.7,1002.0,-999.0,-999.0
2010,7,13,19.3,22.4,25.5,9.0,19.0,84.5,6.0,189.2,1004.7,-999.0,-999.0
2010,7,14,18.8,23.4,27.9,0.0,17.3,71.8,10.4,102.5,1006.8,-999.0,-999.0
2010,7,15,17.2,23.7,30.2,0.0,16.5,64.3,7.3,146.7,1007.5,-999.0,-999.0
2010,7,16,19.4,23.1,26.7,6.8,19.8,82.5,11.4,168.0,998.8,-999.0,-999.0
2010,7,17,18.1,23.8,29.5,2.2,18.9,77.6,20.9,241.9,995.0,-999.0,-999.0
2010,7,18,15.7,20.7,25.7,0.0,16.1,74.7,19.6,256.5,997.0,-999.0,-999.0
2010,7,19,14.5,18.1,21.7,1.8,15.6,84.4,7.5,246.7,1000.2,-999.0,-999.0
2010,7,20,15.1,20.9,26.6,0.0,14.4,70.3,11.3,231.9,1004.0,-999.0,-999.0
2010,7,21,14.0,20.5,27.0,3.6,14.8,75.3,5.9,237.6,1002.5,-999.0,-999.0
2010,7,22,13.3,20.9,28.5,0.0,12.4,61.6,11.5,286.1,1000.0,-999.0,-999.0
2010,7,23,10.8,18.3,25.7,0.2,10.7,57.5,6.2,182.3,1004.5,-999.0,-999.0
2010,7,24,18.2,21.2,24.1,5.6,16.6,75.5,8.4,122.4,999.8,-999.0,-999.0
2010,7,25,14.5,19.7,24.8,0.2,14.3,69.3,18.1,262.1,996.3,-999.0,-999.0
2010,7,26,13.8,19.7,25.5,0.0,10.6,60.0,20.3,275.9,999.3,-999.0,-999.0
2010,7,27,11.3,19.8,28.3,0.0,13.4,61.8,15.7,230.0,1004.2,-999.0,-999.0
2010,7,28,18.7,23.9,29.1,1.2,17.4,73.5,18.3,241.1,999.0,-999.0,-999.0
2010,7,29,11.4,16.1,20.8,0.0,11.8,67.9,17.7,279.0,999.3,-999.0,-999.0
2010,7,30,9.1,14.1,19.0,0.0,10.6,73.3,8.9,278.4,1004.1,-999.0,-999.0
2010,7,31,10.8,17.4,23.9,0.0,8.9,59.0,7.4,237.9,1006.5,-999.0,-999.0
2010,8,1,11.7,19.1,26.5,0.0,10.3,58.1,6.8,167.4,1008.8,-999.0,-999.0
2010,8,2,13.6,20.9,28.1,16.8,14.9,69.9,8.2,135.7,1008.6,-999.0,-999.0
2010,8,3,18.2,21.8,25.4,18.4,18.8,89.1,7.1,211.2,1004.5,-999.0,-999.0
2010,8,4,19.0,23.5,27.9,30.0,19.3,84.2,12.0,200.4,996.8,-999.0,-999.0
2010,8,5,16.9,23.2,29.4,0.2,18.5,78.6,9.4,240.9,990.8,-999.0,-999.0
2010,8,6,8.5,14.8,21.1,0.0,9.4,66.2,19.9,263.6,993.5,-999.0,-999.0
2010,8,7,6.4,13.0,19.6,0.0,6.2,62.0,13.6,235.6,1002.5,-999.0,-999.0
2010,8,8,11.3,17.2,23.0,1.4,13.0,73.3,12.9,244.4,1003.3,-999.0,-999.0
2010,8,9,17.5,21.9,26.3,1.2,17.6,82.3,14.5,240.4,1002.5,-999.0,-999.0
2010,8,10,14.0,20.1,26.1,0.0,16.3,82.3,12.4,227.8,1002.3,-999.0,-999.0
2010,8,11,13.0,18.2,23.3,0.0,10.9,61.8,11.4,145.2,1005.3,-999.0,-999.0
2010,8,12,12.4,18.3,24.1,0.0,9.1,57.3,11.3,77.8,1008.0,-999.0,-999.0
2010,8,13,11.1,18.9,26.7,0.0,10.2,56.8,8.2,55.7,1009.5,-999.0,-999.0
2010,8,14,15.0,20.9,26.7,0.0,15.8,71.8,7.5,171.6,1009.1,-999.0,-999.0
2010,8,15,18.2,23.8,29.3,0.4,16.9,68.4,7.3,203.7,1005.4,-999.0,-999.0
2010,8,16,17.0,20.4,23.8,29.8,18.6,91.2,6.7,133.6,1000.8,-999.0,-999.0
2010,8,17,13.8,19.6,25.4,4.6,14.7,76.3,11.9,257.0,1003.5,-999.0,-999.0
2010,8,18,12.8,18.5,24.2,0.0,12.4,71.8,8.4,241.4,1006.8,-999.0,-999.0
2010,8,19,11.6,18.5,25.3,0.0,13.2,71.3,7.3,217.3,1002.0,-999.0,-999.0
2010,8,20,9.5,16.0,22.5,0.0,9.1,64.2,12.9,268.5,1004.8,-999.0,-999.0
2010,8,21,9.5,15.8,22.1,0.0,11.4,75.6,12.3,257.4,1008.3,-999.0,-999.0
2010,8,22,13.6,15.5,17.3,1.0,13.0,84.0,14.2,76.9,1011.3,-999.0,-999.0
2010,8,23,13.1,18.0,22.9,0.0,13.6,75.6,19.0,93.8,1013.9,-999.0,-999.0
2010,8,24,12.2,19.0,25.7,0.0,11.9,66.2,7.5,101.3,1012.2,-999.0,-999.0
2010,8,25,12.6,16.6,20.6,1.0,13.7,81.5,7.8,77.9,1007.0,-999.0,-999.0
2010,8,26,14.2,18.6,22.9,2.8,15.3,87.0,10.4,208.5,1001.3,-999.0,-999.0
2010,8,27,10.6,15.8,20.9,1.0,10.5,71.6,16.1,253.8,1007.1,-999.0,-999.0
2010,8,28,12.7,17.9,23.1,3.4,14.9,84.1,9.1,225.7,1008.5,-999.0,-999.0
2010,8,29,16.7,23.3,29.8,0.0,17.7,73.5,18.2,244.2,1008.0,-999.0,-999.0
2010,8,30,17.3,23.4,29.5,0.0,17.7,73.3,18.3,243.9,1008.7,-999.0,-999.0
2010,8,31,19.7,25.1,30.4,0.0,20.0,74.5,18.4,244.6,1005.8,-999.0,-999.0
2010,9,1,20.9,26.4,31.8,0.0,19.9,72.7,17.3,245.3,1003.1,-999.0,-999.0
2010,9,2,20.2,23.6,27.0,5.8,18.8,75.1,12.1,256.2,1002.0,-999.0,-999.0
2010,9,3,17.0,19.9,22.7,0.0,16.1,80.9,15.3,76.9,997.0,-999.0,-999.0
2010,9,4,14.0,18.5,22.9,3.0,13.6,77.0,18.3,169.0,987.0,-999.0,-999.0
2010,9,5,11.3,14.0,16.7,3.6,8.9,73.9,26.9,242.1,995.8,-999.0,-999.0
2010,9,6,7.8,14.7,21.5,19.0,10.1,77.1,19.1,242.6,1007.3,-999.0,-999.0
2010,9,7,13.5,15.7,17.9,12.2,14.4,92.9,10.9,179.8,1005.8,-999.0,-999.0
2010,9,8,11.6,13.6,15.6,7.6,12.8,93.3,15.1,76.0,995.0,-999.0,-999.0
2010,9,9,10.8,12.6,14.4,3.8,10.6,90.7,7.4,126.1,996.7,-999.0,-999.0
2010,9,10,9.0,13.6,18.2,0.0,10.3,83.3,7.0,197.5,1001.7,-999.0,-999.0
2010,9,11,7.0,13.0,19.0,0.0,7.5,68.3,9.5,99.8,1008.3,-999.0,-999.0
2010,9,12,9.4,13.3,17.1,1.2,9.3,77.0,16.4,72.5,1009.0,-999.0,-999.0
2010,9,13,11.4,13.2,15.0,15.4,11.9,93.4,7.5,104.5,1002.5,-999.0,-999.0
2010,9,14,10.4,14.0,17.5,2.4,11.1,86.5,11.8,214.8,999.4,-999.0,-999.0
2010,9,15,7.8,11.7,15.5,0.2,7.3,75.8,14.4,257.1,1004.5,-999.0,-999.0
2010,9,16,5.8,9.3,12.7,2.8,7.3,84.9,10.8,213.3,1007.0,-999.0,-999.0
2010,9,17,5.2,11.4,17.5,0.2,6.5,71.5,10.1,188.4,1007.2,-999.0,-999.0
2010,9,18,3.4,11.3,19.1,2.0,7.5,75.8,7.9,224.1,1011.4,-999.0,-999.0
2010,9,19,7.4,13.2,18.9,0.2,8.5,72.6,10.2,239.6,1009.3,-999.0,-999.0
2010,9,20,4.4,10.8,17.2,0.0,4.0,65.0,10.1,298.7,1008.5,-999.0,-999.0
2010,9,21,4.6,7.6,10.5,7.6,6.0,85.7,9.4,177.7,1006.4,-999.0,-999.0
2010,9,22,6.4,13.9,21.3,0.0,10.8,76.3,17.1,269.7,1000.3,-999.0,-999.0
2010,9,23,4.0,9.2,14.3,0.0,4.9,72.0,12.8,254.8,1013.3,-999.0,-999.0
2010,9,24,7.7,8.9,10.0,21.4,7.7,92.1,17.5,70.8,1004.8,-999.0,-999.0
2010,9,25,7.7,9.9,12.1,2.4,8.4,93.0,18.8,77.9,999.5,-999.0,-999.0
2010,9,26,7.8,9.5,11.1,0.0,5.3,74.7,21.6,71.8,1013.9,-999.0,-999.0
2010,9,27,9.3,14.0,18.7,10.8,9.9,82.9,10.4,60.7,1011.0,-999.0,-999.0
2010,9,28,12.4,13.7,15.0,32.6,13.1,95.5,11.8,68.2,997.7,-999.0,-999.0
2010,9,29,11.7,14.3,16.8,0.0,12.1,85.3,14.5,186.0,1000.2,-999.0,-999.0
2010,9,30,11.1,14.0,16.8,30.6,12.4,92.8,9.1,100.0,1001.1,-999.0,-999.0
2010,10,1,8.0,12.0,15.9,13.8,12.3,89.7,12.7,260.6,996.6,-999.0,-999.0
2010,10,2,3.9,8.6,13.2,0.0,4.3,74.3,16.4,269.2,1003.4,-999.0,-999.0
2010,10,3,1.0,7.6,14.2,0.0,2.2,69.2,8.3,226.7,1016.0,-999.0,-999.0
2010,10,4,2.3,8.6,14.8,0.0,3.0,70.0,8.8,143.3,1018.3,-999.0,-999.0
2010,10,5,1.0,10.2,19.4,0.0,2.8,64.6,5.8,166.3,1013.3,-999.0,-999.0
2010,10,6,6.2,9.9,13.6,3.6,6.0,74.7,17.6,67.8,1009.0,-999.0,-999.0
2010,10,7,5.4,9.7,13.9,5.0,6.9,84.2,18.8,215.3,988.3,-999.0,-999.0
2010,10,8,4.1,9.7,15.2,0.0,2.3,64.5,21.4,268.9,993.0,-999.0,-999.0
2010,10,9,1.3,5.3,9.2,0.0,-1.5,56.4,20.6,285.9,1001.1,-999.0,-999.0
2010,10,10,1.0,6.8,12.5,0.0,1.0,65.1,20.1,252.5,995.7,-999.0,-999.0
2010,10,11,0.9,6.4,11.8,0.0,0.7,66.6,15.8,272.1,998.0,-999.0,-999.0
2010,10,12,1.7,7.2,12.6,0.0,3.0,75.3,12.9,251.3,1001.2,-999.0,-999.0
2010,10,13,0.9,6.7,12.5,0.0,2.6,76.3,12.2,240.4,1006.4,-999.0,-999.0
2010,10,14,3.4,6.9,10.3,0.0,4.6,84.3,10.4,63.5,1005.5,-999.0,-999.0
2010,10,15,6.0,7.5,9.0,9.6,4.6,80.7,28.0,54.8,993.5,-999.0,-999.0
2010,10,16,4.1,7.9,11.6,4.2,3.5,74.5,10.3,236.3,995.5,-999.0,-999.0
2010,10,17,2.1,6.6,11.1,0.2,3.3,82.5,19.0,253.3,995.0,-999.0,-999.0
2010,10,18,-1.9,3.3,8.5,0.0,-1.8,66.2,21.6,257.5,997.5,-999.0,-999.0
2010,10,19,-2.2,3.6,9.3,0.0,-1.5,69.5,14.9,247.8,999.5,-999.0,-999.0
2010,10,20,4.4,8.5,12.6,0.0,1.1,61.3,13.1,212.3,997.5,-999.0,-999.0
2010,10,21,1.2,5.1,9.0,8.6,3.0,81.5,13.3,154.6,989.3,-999.0,-999.0
2010,10,22,0.7,4.2,7.6,0.0,-1.2,73.5,30.3,261.3,995.9,-999.0,-999.0
2010,10,23,-3.0,2.3,7.6,0.0,-3.3,64.0,21.6,273.1,1006.3,-999.0,-999.0
2010,10,24,-4.0,1.8,7.6,0.0,-2.7,74.7,7.4,211.2,1011.5,-999.0,-999.0
2010,10,25,2.1,3.5,4.9,11.9,2.1,89.4,16.8,65.0,1004.1,-999.0,-999.0
2010,10,26,4.2,6.8,9.3,2.2,4.8,93.7,21.1,73.6,1003.7,-999.0,-999.0
2010,10,27,6.6,12.3,18.0,0.4,8.7,84.0,14.2,116.2,999.3,-999.0,-999.0
2010,10,28,3.3,10.4,17.4,0.6,5.2,77.7,14.9,176.2,995.2,-999.0,-999.0
2010,10,29,-0.5,3.5,7.5,0.4,2.5,80.6,15.8,262.1,1000.3,-999.0,-999.0
2010,10,30,-2.5,1.5,5.4,0.0,-4.8,69.0,15.2,252.4,999.0,-999.0,-999.0
2010,10,31,-2.5,0.2,2.8,0.0,-5.2,65.7,11.3,285.9,1001.0,-999.0,-999.0
2010,11,1,-0.7,3.3,7.3,0.2,-4.2,61.3,11.9,232.9,1014.3,0.0,0.0
2010,11,2,-4.2,2.0,8.1,0.0,-4.3,63.6,8.1,282.8,1019.8,0.0,0.0
2010,11,3,-3.9,1.5,6.8,0.3,-2.1,83.3,7.2,244.2,1011.5,0.0,0.0
2010,11,4,-2.5,1.4,5.3,14.1,-0.5,85.0,11.9,54.1,1002.1,0.0,0.0
2010,11,5,2.7,3.7,4.6,15.9,2.8,93.7,22.8,113.2,990.1,0.0,0.0
2010,11,6,0.5,3.4,6.2,0.0,0.5,82.6,15.8,251.7,1010.3,0.0,0.0
2010,11,7,-3.1,-0.2,2.7,0.8,-2.1,84.7,10.6,234.8,1016.2,0.2,0.0
2010,11,8,-0.1,2.8,5.7,2.5,1.8,89.7,13.8,103.4,1004.2,0.0,0.0
2010,11,9,2.5,5.3,8.0,0.0,1.8,79.7,17.2,71.0,1009.7,0.0,0.0
2010,11,10,-0.4,2.7,5.7,0.0,-1.5,74.9,15.3,64.4,1019.6,0.0,0.0
2010,11,11,-2.6,2.3,7.2,0.0,-2.2,74.8,9.6,71.3,1026.0,0.0,0.0
2010,11,12,-3.2,3.9,11.0,0.0,-4.0,62.2,6.3,155.6,1021.8,0.0,0.0
2010,11,13,-3.5,2.8,9.0,0.0,-1.1,75.4,9.3,186.4,1015.4,0.0,0.0
2010,11,14,2.4,4.2,6.0,0.9,-2.3,64.7,22.7,72.9,1012.2,0.0,0.0
2010,11,15,-0.5,3.9,8.3,1.2,1.6,85.0,6.7,133.2,1007.5,0.0,0.0
2010,11,16,0.3,4.7,9.1,4.4,1.8,88.8,4.1,194.1,1009.0,0.0,0.0
2010,11,17,3.4,4.8,6.2,38.9,3.5,92.8,21.6,87.5,991.5,0.0,0.0
2010,11,18,-1.6,1.8,5.2,0.2,-1.6,74.2,28.4,271.4,998.0,0.0,0.0
2010,11,19,-7.6,-3.9,-0.2,2.2,-9.7,60.0,13.4,262.2,1010.8,4.4,0.0
2010,11,20,-5.9,-2.2,1.6,3.8,-6.2,77.5,16.6,213.6,1004.5,2.0,13.0
2010,11,21,-10.2,-6.4,-2.5,1.1,-11.8,64.5,10.9,237.4,1024.2,2.2,12.0
2010,11,22,-4.6,-2.5,-0.4,5.7,-4.0,89.3,14.6,70.6,1014.3,3.8,14.0
2010,11,23,-0.5,0.8,2.0,16.2,0.2,95.4,16.1,104.2,999.8,0.0,12.0
2010,11,24,-6.5,-2.3,1.9,0.2,-6.8,68.0,26.3,282.1,1004.7,0.2,8.0
2010,11,25,-9.2,-6.3,-3.3,0.0,-10.0,75.4,19.8,238.9,1010.3,0.0,8.0
2010,11,26,-6.9,-3.6,-0.3,11.0,-5.7,86.8,15.2,143.6,991.0,11.0,8.0
2010,11,27,-7.9,-4.2,-0.4,4.0,-4.9,85.0,13.4,223.3,990.3,4.8,14.0
2010,11,28,-10.5,-6.0,-1.5,0.1,-6.7,85.4,15.8,245.7,1011.8,0.2,17.0
2010,11,29,-5.6,-1.8,2.0,0.0,-5.2,81.4,8.4,182.6,1023.2,0.0,15.0
2010,11,30,-7.1,-2.6,1.9,12.5,-3.5,88.2,13.4,54.0,1020.2,0.0,15.0
2010,12,1,1.6,2.9,4.2,27.9,1.5,90.8,25.7,72.7,1006.4,0.2,8.0
2010,12,2,-0.7,0.7,2.0,0.6,-0.3,91.8,13.1,223.2,1004.1,1.2,1.0
2010,12,3,-1.4,0.5,2.4,2.6,-1.1,89.5,7.3,215.1,1005.0,5.2,0.0
2010,12,4,-3.2,-1.0,1.3,12.4,-1.1,93.9,12.6,255.0,995.7,11.2,1.0
2010,12,5,-5.4,-4.2,-2.9,0.9,-6.0,88.9,17.9,238.6,991.2,1.0,12.0
2010,12,6,-5.5,-3.1,-0.6,9.4,-4.8,91.8,21.7,246.1,977.8,14.2,14.0
2010,12,7,-6.2,-4.8,-3.4,1.8,-5.5,89.7,31.3,236.4,977.7,1.0,20.0
2010,12,8,-9.3,-7.8,-6.2,2.7,-9.7,86.5,27.6,249.4,994.0,2.8,20.0
2010,12,9,-16.8,-12.7,-8.6,0.0,-13.8,77.2,19.6,246.4,1009.8,0.0,16.0
2010,12,10,-20.5,-14.5,-8.4,1.7,-16.5,78.2,6.1,165.6,1017.8,1.1,16.0
2010,12,11,-14.9,-9.4,-3.8,4.4,-8.4,90.6,7.5,161.9,1012.2,4.6,18.0
2010,12,12,-10.1,-3.9,2.3,18.5,-6.3,90.0,28.0,66.9,1005.8,10.0,20.0
2010,12,13,-4.5,0.6,5.6,17.9,1.6,92.7,17.9,158.3,979.0,15.7,16.0
2010,12,14,-12.0,-8.3,-4.5,2.7,-10.7,83.2,16.9,233.6,986.2,1.6,14.0
2010,12,15,-14.0,-12.6,-11.1,5.3,-14.1,85.4,21.9,240.1,990.7,5.3,16.0
2010,12,16,-17.1,-13.2,-9.2,0.6,-15.2,83.8,4.0,154.3,997.3,0.0,20.0
2010,12,17,-19.6,-14.9,-10.1,0.1,-15.8,82.4,9.3,229.8,1001.8,0.2,20.0
2010,12,18,-16.2,-11.1,-5.9,0.5,-12.0,83.3,3.6,170.5,1008.9,0.0,21.0
2010,12,19,-14.7,-10.0,-5.3,0.3,-10.2,88.8,9.2,254.5,1009.3,0.0,21.0
2010,12,20,-14.1,-10.0,-5.9,0.4,-10.8,86.1,5.8,252.9,1006.0,0.2,21.0
2010,12,21,-6.0,-2.6,0.9,0.3,-4.4,85.7,4.9,242.1,1003.9,0.6,21.0
2010,12,22,-1.8,-0.5,0.9,2.9,-2.5,87.2,4.3,231.2,1000.4,3.2,19.0
2010,12,23,-11.2,-5.5,0.3,0.6,-5.4,82.9,6.9,234.4,1002.9,0.0,22.0
2010,12,24,-15.1,-10.2,-5.2,0.0,-12.5,81.2,7.7,227.1,1008.2,0.0,22.0
2010,12,25,-17.0,-11.9,-6.8,0.0,-14.5,81.2,3.3,190.4,1009.2,0.0,22.0
2010,12,26,-15.0,-10.6,-6.2,0.4,-13.5,74.0,6.5,85.2,1009.2,0.0,21.0
2010,12,27,-11.6,-8.5,-5.4,0.0,-14.1,60.4,17.6,317.5,990.8,0.0,21.0
2010,12,28,-12.6,-9.0,-5.3,0.0,-16.8,55.2,18.0,303.8,992.5,0.0,21.0
2010,12,29,-13.6,-9.2,-4.7,0.0,-13.6,68.4,16.6,243.8,1003.3,0.0,21.0
2010,12,30,-6.6,-3.6,-0.6,0.0,-5.7,88.2,18.4,254.2,1008.8,0.0,21.0
2010,12,31,-2.9,-1.1,0.8,0.6,-2.0,92.2,5.7,205.4,1007.2,0.0,21.0
