Year,Month,Day,Tmin,Tair,Tmax,Tdew,RelH,WndS,WndD,Pres
2008,1,1,-12.6,-8.2,-5.4,-11.9,74.8,7.2,106.8,993.8
2008,1,2,-20.2,-14.6,-6.8,-23.1,48.8,13.9,217.1,994.0
2008,1,3,-29.3,-21.7,-17.3,-29.7,48.7,10.0,255.5,1010.5
2008,1,4,-22.2,-14.2,-5.8,-18.5,69.7,5.2,265.0,1003.2
2008,1,5,-5.6,-4.6,-3.1,-7.8,78.3,2.8,217.3,1001.1
2008,1,6,-4.7,-1.5,0.2,-3.9,84.1,1.2,260.0,997.4
2008,1,7,0.1,1.1,3.1,-1.0,85.6,0.8,266.7,995.7
2008,1,8,1.4,3.3,6.3,1.1,85.8,4.7,184.0,991.1
2008,1,9,-0.5,1.9,4.8,-1.7,77.9,18.1,168.3,977.9
2008,1,10,-9.0,-1.1,1.2,-8.0,60.4,20.7,263.2,992.3
2008,1,11,-8.9,-3.4,-0.7,-7.3,74.4,10.8,87.7,989.2
2008,1,12,-7.8,-1.2,2.0,-7.4,63.3,17.2,252.1,989.8
2008,1,13,-17.6,-12.4,-6.0,-17.7,65.6,5.9,216.3,1003.3
2008,1,14,-12.4,-7.7,-5.9,-13.4,64.0,8.7,103.2,997.5
2008,1,15,-14.8,-9.2,-3.9,-14.5,66.6,4.9,260.0,988.2
2008,1,16,-21.5,-14.7,-6.0,-19.3,69.2,2.4,223.3,999.9
2008,1,17,-24.8,-14.6,-5.8,-20.1,63.8,1.1,118.3,1003.8
2008,1,18,-8.4,-3.5,0.9,-7.7,73.0,14.2,180.9,985.6
2008,1,19,-19.4,-9.4,-5.8,-14.2,68.1,7.5,263.2,989.3
2008,1,20,-26.6,-21.3,-18.2,-28.8,52.0,11.1,292.1,994.3
2008,1,21,-32.0,-25.9,-18.7,-33.5,49.3,8.9,255.3,1008.5
2008,1,22,-29.8,-16.2,-10.6,-20.9,67.7,4.1,75.0,996.6
2008,1,23,-25.6,-13.1,-8.0,-17.5,70.0,10.8,236.5,988.1
2008,1,24,-35.2,-25.8,-16.1,-32.9,51.9,2.9,244.0,996.7
2008,1,25,-36.5,-25.3,-15.1,-31.0,59.1,3.4,220.9,996.9
2008,1,26,-26.1,-18.8,-8.2,-25.0,58.7,2.8,215.0,1001.3
2008,1,27,-27.0,-16.0,-7.3,-21.3,64.2,4.7,122.8,1003.2
2008,1,28,-22.9,-14.6,-5.7,-19.4,67.5,2.6,174.5,1000.3
2008,1,29,-21.9,-11.4,-4.4,-15.7,70.1,6.4,127.4,989.5
2008,1,30,-8.9,-2.4,1.2,-6.3,74.8,17.5,156.3,977.7
2008,1,31,-21.5,-12.4,-8.8,-18.3,62.0,15.9,246.5,1006.7
2008,2,1,-23.6,-13.2,-7.1,-18.6,65.0,12.9,101.9,1011.3
2008,2,2,-16.2,-7.8,-4.7,-12.1,71.3,13.8,188.6,991.0
2008,2,3,-22.7,-14.1,-5.9,-18.4,70.0,3.0,243.0,1000.3
2008,2,4,-25.5,-16.0,-3.6,-20.0,72.2,1.0,195.0,1006.5
2008,2,5,-16.3,-5.2,-2.2,-5.9,94.7,0.0,-999.0,991.9
2008,2,6,-11.7,-6.8,-2.5,-9.3,82.8,-999.0,-999.0,988.5
2008,2,7,-14.4,-12.2,-9.9,-15.4,77.3,8.1,92.5,992.1
2008,2,8,-21.8,-11.7,-8.2,-13.8,84.8,3.5,160.8,994.9
2008,2,9,-24.8,-12.2,-3.1,-15.7,75.5,2.3,94.4,994.0
2008,2,10,-6.1,-3.6,-1.9,-5.3,88.5,9.6,143.2,978.8
2008,2,11,-16.1,-12.2,-7.3,-16.2,72.3,20.1,263.8,988.7
2008,2,12,-23.2,-18.1,-12.2,-23.2,64.8,8.9,221.6,1005.0
2008,2,13,-18.0,-8.4,-4.8,-10.9,82.5,10.2,115.9,990.4
2008,2,14,-16.3,-9.4,-5.5,-14.2,69.8,11.0,275.0,991.7
2008,2,15,-17.7,-10.3,-3.9,-14.3,73.9,10.6,237.9,990.1
2008,2,16,-30.9,-22.4,-13.7,-28.3,59.3,7.8,245.3,1001.8
2008,2,17,-28.1,-12.5,-1.6,-16.7,71.3,2.8,129.0,996.0
2008,2,18,-1.2,1.4,5.7,-0.3,88.7,9.0,170.5,976.1
2008,2,19,-8.9,-4.0,0.7,-7.3,77.9,14.4,244.6,979.0
2008,2,20,-18.8,-15.4,-9.6,-21.4,60.8,14.1,269.2,991.0
2008,2,21,-33.6,-22.4,-13.6,-28.4,59.2,8.0,238.6,1001.9
2008,2,22,-32.4,-19.5,-7.3,-24.6,64.1,1.5,278.3,1000.2
2008,2,23,-26.0,-15.7,-5.3,-20.7,66.0,6.3,183.5,993.3
2008,2,24,-24.7,-13.6,-2.7,-17.7,72.3,7.6,231.3,991.5
2008,2,25,-16.6,-5.2,-1.5,-8.4,78.2,7.5,239.5,988.8
2008,2,26,-7.5,-4.4,-3.2,-6.6,84.8,5.4,180.0,986.4
2008,2,27,-14.1,-6.6,-3.4,-9.8,78.4,8.2,183.6,978.7
2008,2,28,-26.9,-16.3,-10.6,-25.0,48.0,12.9,185.9,993.6
2008,2,29,-37.4,-21.7,-11.9,-30.1,48.5,5.9,137.5,1008.9
2008,3,1,-13.8,-8.0,-4.5,-11.0,79.5,8.5,83.6,994.6
2008,3,2,-17.0,-7.4,-3.3,-13.7,62.1,14.1,297.3,997.3
2008,3,3,-24.8,-10.0,-1.3,-14.6,69.3,4.5,152.9,993.8
2008,3,4,-10.9,-3.8,2.1,-9.2,67.8,14.8,227.8,992.2
2008,3,5,-11.4,-9.5,-7.9,-13.7,72.8,19.2,108.3,988.5
2008,3,6,-17.9,-9.6,-2.4,-13.5,73.6,7.0,241.1,999.2
2008,3,7,-9.6,-2.5,2.8,-6.3,75.9,4.0,151.4,1001.7
2008,3,8,-6.1,-2.8,0.5,-5.9,79.8,14.3,85.7,989.0
2008,3,9,-18.0,-8.8,-2.8,-13.5,69.2,16.3,198.7,985.8
2008,3,10,-28.0,-16.8,-6.2,-22.8,60.8,0.3,340.0,1001.9
2008,3,11,-30.5,-15.5,-3.8,-20.6,66.0,3.3,240.0,993.3
2008,3,12,-12.7,-6.5,0.3,-11.3,70.2,9.3,299.3,983.8
2008,3,13,-23.0,-12.9,-6.1,-22.4,46.3,7.3,196.8,993.9
2008,3,14,-9.6,-7.5,-5.2,-13.5,62.7,9.7,103.5,991.3
2008,3,15,-12.7,-5.0,-0.9,-7.9,80.1,6.9,129.0,989.0
2008,3,16,-5.7,-2.0,1.2,-6.0,75.0,12.3,266.7,995.1
2008,3,17,-13.4,-6.7,0.1,-14.2,56.4,11.4,212.6,1010.8
2008,3,18,-16.9,-6.5,0.8,-15.0,53.1,6.3,116.1,1008.6
2008,3,19,-5.8,-1.6,-0.2,-6.1,74.0,13.3,107.0,991.1
2008,3,20,-5.1,-1.6,-0.7,-3.5,86.5,7.0,164.8,978.0
2008,3,21,-12.0,-9.4,-6.0,-11.6,83.7,22.8,295.4,979.5
2008,3,22,-13.3,-9.1,-4.8,-10.7,88.2,19.9,285.4,983.9
2008,3,23,-23.2,-12.9,-8.3,-13.3,86.9,17.5,282.6,995.6
2008,3,24,-35.2,-19.9,-8.4,-19.9,78.7,7.1,205.4,1003.2
2008,3,25,-29.2,-12.5,-1.1,-17.1,71.3,5.7,175.0,1000.1
2008,3,26,-8.2,-1.5,1.6,-4.6,80.0,12.4,234.8,987.5
2008,3,27,-15.5,-7.4,0.6,-10.6,78.2,6.3,213.7,993.4
2008,3,28,-17.7,-6.9,-1.6,-12.3,66.4,9.1,119.5,995.9
2008,3,29,-15.0,-7.4,-2.6,-14.6,57.9,16.0,278.1,1003.6
2008,3,30,-18.6,-5.7,2.1,-12.9,58.5,6.1,221.9,1015.6
2008,3,31,-14.0,-3.4,2.3,-6.8,78.5,4.4,147.3,1007.1
2008,4,1,-0.5,0.9,3.6,-0.6,89.4,8.2,110.5,984.8
2008,4,2,-6.5,-3.0,2.5,-10.7,56.6,29.8,282.9,992.5
2008,4,3,-11.7,-1.8,3.7,-8.3,61.7,14.8,244.8,1001.3
2008,4,4,-8.9,-0.4,5.3,-5.9,69.2,4.1,112.9,995.3
2008,4,5,0.5,1.8,3.7,-0.4,85.3,5.3,92.0,994.5
2008,4,6,-2.9,2.7,6.0,-1.5,74.4,9.8,104.1,1009.1
2008,4,7,-1.7,3.7,8.9,-4.0,60.0,9.5,113.5,1010.3
2008,4,8,-6.1,2.6,9.0,-6.0,55.7,3.7,130.0,1006.1
2008,4,9,-4.1,4.4,13.3,-3.7,59.2,3.3,134.5,999.0
2008,4,10,1.2,3.6,6.3,-2.7,64.3,16.0,275.9,994.8
2008,4,11,0.3,2.1,5.6,-4.3,63.3,10.8,225.7,995.5
2008,4,12,-0.3,1.0,2.0,-1.7,82.6,12.0,109.1,982.5
2008,4,13,-3.7,1.0,4.0,-3.6,72.2,6.5,280.0,983.3
2008,4,14,-3.1,1.6,5.9,-7.3,53.3,14.3,275.2,991.5
2008,4,15,-7.3,1.2,7.6,-8.2,53.0,9.9,257.2,998.5
2008,4,16,-5.8,2.6,12.0,-4.8,61.5,7.3,240.0,1000.0
2008,4,17,-4.3,6.3,17.5,-3.9,54.6,6.0,211.3,998.1
2008,4,18,-1.8,6.6,15.2,-1.1,60.0,5.9,156.5,997.7
2008,4,19,0.3,6.0,10.8,-1.5,60.2,10.3,121.3,999.6
2008,4,20,1.6,6.9,12.9,-1.1,57.7,10.0,128.8,1002.1
2008,4,21,0.8,6.3,12.8,0.1,66.0,6.5,128.9,1006.2
2008,4,22,-0.5,7.7,14.7,1.2,65.4,5.6,117.8,1003.0
2008,4,23,0.9,6.8,15.8,2.4,75.1,7.5,122.4,997.5
2008,4,24,0.4,6.7,14.1,-1.9,59.2,10.8,264.3,1000.5
2008,4,25,-2.1,5.4,11.5,-3.5,55.7,6.8,128.4,1001.8
2008,4,26,-2.6,8.1,14.5,-4.3,45.4,11.3,107.9,1001.3
2008,4,27,3.6,9.0,13.7,2.5,65.8,8.9,92.6,1000.5
2008,4,28,2.6,6.7,12.2,3.5,80.6,14.1,95.7,995.3
2008,4,29,0.2,4.8,7.2,3.1,88.3,9.5,166.1,985.4
2008,4,30,-3.2,1.2,5.9,-4.2,69.6,10.4,237.3,992.2
2008,5,1,-4.3,1.8,7.6,-6.4,58.2,8.5,173.9,1000.6
2008,5,2,-5.5,3.4,10.8,-5.6,55.2,5.5,126.7,1002.0
2008,5,3,-1.6,6.2,10.0,0.0,65.6,12.4,107.8,999.6
2008,5,4,5.7,7.1,8.3,5.0,86.9,8.8,109.2,994.7
2008,5,5,2.4,9.4,16.5,3.3,69.9,6.3,225.0,996.1
2008,5,6,1.4,10.9,20.3,1.4,55.4,9.5,168.2,992.2
2008,5,7,-1.6,8.8,15.3,-1.0,54.8,7.3,245.0,990.5
2008,5,8,5.9,8.3,12.1,4.5,78.5,8.3,184.1,981.8
2008,5,9,3.9,8.4,16.2,-0.6,54.9,11.7,230.6,990.0
2008,5,10,1.7,8.5,13.1,0.5,58.0,11.6,96.4,991.4
2008,5,11,-2.8,7.8,15.0,-0.2,60.5,11.1,106.5,993.4
2008,5,12,3.6,11.1,17.4,-0.8,46.5,11.3,88.6,994.2
2008,5,13,2.0,11.9,19.9,0.4,49.4,6.5,141.1,998.1
2008,5,14,2.9,15.6,24.1,1.8,43.0,7.6,114.5,995.1
2008,5,15,2.0,10.6,15.6,3.5,62.8,7.2,231.4,992.2
2008,5,16,-1.9,7.0,18.3,-0.1,65.9,4.1,168.2,988.7
2008,5,17,-0.4,10.4,17.9,0.3,54.3,6.4,137.8,976.8
2008,5,18,5.0,11.3,17.8,4.7,66.3,8.1,216.8,971.3
2008,5,19,7.7,8.4,9.8,5.6,82.8,11.1,245.7,968.9
2008,5,20,4.8,7.5,10.9,3.4,76.0,11.9,271.9,974.2
2008,5,21,3.8,9.3,14.5,4.8,75.3,8.5,143.8,975.3
2008,5,22,5.0,8.2,10.9,5.6,84.0,4.0,198.1,979.6
2008,5,23,3.9,9.9,15.0,4.6,71.3,12.0,314.4,985.4
2008,5,24,1.4,10.6,18.1,1.2,57.1,10.9,297.5,990.8
2008,5,25,-0.1,13.4,21.7,1.5,50.0,11.8,206.7,992.6
2008,5,26,11.6,12.7,14.4,8.2,75.9,8.1,215.5,986.3
2008,5,27,2.7,9.9,13.5,3.8,67.6,13.0,303.6,987.7
2008,5,28,0.4,9.3,15.5,-1.3,50.5,14.8,262.9,996.8
2008,5,29,8.4,12.4,16.9,0.8,47.0,19.9,277.9,991.2
2008,5,30,1.2,10.4,17.5,0.8,53.6,8.6,216.3,997.1
2008,5,31,8.2,10.1,11.8,7.2,82.3,6.0,65.0,985.7
2008,6,1,8.9,9.9,11.7,8.4,90.2,6.0,128.5,983.4
2008,6,2,8.6,12.3,18.3,8.9,80.8,6.4,226.7,988.0
2008,6,3,8.2,12.2,17.0,8.2,77.9,6.2,195.9,992.2
2008,6,4,4.7,12.2,18.9,3.9,59.5,10.3,100.0,995.4
2008,6,5,2.7,14.1,21.5,3.4,51.9,8.3,121.5,998.9
2008,6,6,10.7,15.0,17.4,11.4,79.0,3.6,209.4,997.6
2008,6,7,14.9,19.6,27.2,16.6,83.5,4.2,203.5,990.7
2008,6,8,12.9,20.4,28.8,17.1,82.0,8.7,247.2,986.2
2008,6,9,15.6,17.6,20.5,11.6,68.2,8.6,92.2,989.7
2008,6,10,13.4,18.8,28.6,14.8,78.4,5.5,151.1,988.9
2008,6,11,12.0,17.1,20.4,12.9,77.1,12.7,257.4,991.7
2008,6,12,6.5,14.4,21.2,4.8,56.2,12.4,281.7,1002.4
2008,6,13,3.7,15.1,22.9,5.9,58.5,5.4,130.5,1003.0
2008,6,14,8.8,16.8,23.8,8.2,59.5,8.3,92.4,995.1
2008,6,15,13.2,15.6,18.7,12.3,81.3,8.3,79.6,990.7
2008,6,16,13.9,15.5,17.2,12.7,83.7,8.3,121.7,987.2
2008,6,17,13.9,15.9,19.6,13.4,85.2,7.3,105.9,984.4
2008,6,18,12.9,14.7,18.8,12.1,84.8,4.4,166.7,985.9
2008,6,19,12.1,13.4,14.5,11.7,89.3,5.9,76.5,990.1
2008,6,20,12.1,15.1,19.9,12.0,82.7,5.5,209.3,993.3
2008,6,21,8.3,15.9,22.6,12.2,80.0,6.5,249.4,994.4
2008,6,22,10.9,16.0,20.2,13.7,86.7,4.9,119.3,993.7
2008,6,23,13.6,17.3,21.7,14.7,85.3,3.0,202.3,992.8
2008,6,24,9.8,17.2,23.4,12.0,74.0,11.0,274.0,992.9
2008,6,25,6.0,16.8,24.4,11.1,72.2,9.3,229.3,994.7
2008,6,26,12.7,16.3,19.8,14.6,89.8,2.5,209.2,988.6
2008,6,27,13.2,16.8,21.8,13.4,81.5,8.6,139.2,990.0
2008,6,28,12.6,15.9,19.2,13.3,84.6,11.8,98.8,992.1
2008,6,29,14.5,15.4,18.0,13.6,89.0,9.1,102.9,987.4
2008,6,30,14.5,18.7,24.1,14.2,76.9,10.5,191.7,984.1
2008,7,1,12.5,19.2,24.0,10.8,61.7,9.5,247.1,989.8
2008,7,2,8.7,18.1,25.2,11.2,68.2,8.0,243.8,991.1
2008,7,3,8.9,14.8,18.1,12.3,85.5,5.2,216.3,988.0
2008,7,4,4.8,14.6,21.9,9.3,74.0,7.1,155.6,995.5
2008,7,5,10.1,17.4,24.8,11.0,69.6,7.5,211.3,995.6
2008,7,6,9.5,18.1,25.6,11.5,68.8,8.3,206.0,995.5
2008,7,7,9.0,20.1,28.3,13.9,70.6,7.5,250.7,993.6
2008,7,8,16.4,22.7,29.3,17.0,71.8,6.0,220.7,989.2
2008,7,9,20.9,21.7,22.5,19.6,87.9,6.9,223.9,984.3
2008,7,10,13.2,19.0,21.7,13.2,70.1,13.8,257.1,987.8
2008,7,11,11.3,16.3,22.4,9.1,64.9,7.9,284.7,997.1
2008,7,12,8.9,17.9,24.4,10.3,64.3,4.3,168.7,997.7
2008,7,13,16.5,19.1,21.2,16.7,86.0,8.0,180.5,985.9
2008,7,14,13.7,19.6,22.9,14.4,73.4,10.7,229.5,986.1
2008,7,15,12.8,18.1,22.5,13.2,74.4,8.3,228.9,994.5
2008,7,16,10.5,17.7,22.5,12.5,72.9,4.0,178.3,998.4
2008,7,17,-999.0,21.0,-999.0,12.6,60.4,7.1,274.6,998.5
2008,7,18,14.6,17.0,18.6,13.7,81.1,4.8,62.1,994.5
2008,7,19,14.5,18.7,24.4,14.6,78.3,4.2,233.3,991.5
2008,7,20,12.4,17.8,23.0,14.1,80.3,1.6,228.3,992.4
2008,7,21,11.5,17.7,22.5,13.3,76.3,6.4,123.3,991.3
2008,7,22,15.0,18.4,22.6,13.8,75.1,10.0,101.3,994.5
2008,7,23,17.6,18.7,20.7,14.5,77.0,13.5,105.4,997.0
2008,7,24,17.3,19.5,23.5,16.3,81.5,10.0,105.7,995.2
2008,7,25,15.1,19.5,24.2,14.8,75.5,8.3,196.0,995.2
2008,7,26,12.4,19.5,25.9,14.4,74.3,5.7,220.0,990.5
2008,7,27,15.0,19.4,24.5,14.6,75.2,8.6,242.1,986.2
2008,7,28,12.6,16.7,22.5,14.0,84.6,3.3,245.0,987.0
2008,7,29,14.8,19.1,24.2,14.1,73.9,9.0,275.5,988.1
2008,7,30,11.7,18.7,23.6,13.0,70.8,5.0,264.0,988.1
2008,7,31,16.2,18.6,21.1,15.2,80.8,6.5,85.0,983.2
2008,8,1,17.9,19.4,21.8,15.9,80.4,7.4,106.1,984.3
2008,8,2,16.3,18.9,23.8,15.3,80.0,7.9,132.7,986.6
2008,8,3,15.2,17.2,20.4,14.2,82.8,5.7,145.0,989.3
2008,8,4,14.4,16.1,18.1,13.5,84.6,5.5,132.6,993.0
2008,8,5,12.4,16.6,20.7,11.5,72.9,9.2,120.4,996.1
2008,8,6,10.3,15.0,18.3,11.3,78.8,10.0,82.9,990.3
2008,8,7,14.4,15.5,17.1,11.8,78.5,14.9,82.1,987.9
2008,8,8,14.2,15.2,17.0,12.8,85.6,7.6,73.8,985.3
2008,8,9,14.4,17.1,21.2,13.3,78.8,5.6,95.8,988.1
2008,8,10,12.7,17.7,23.3,13.1,76.1,5.5,99.4,992.9
2008,8,11,12.6,16.5,23.8,12.8,80.1,4.9,116.8,991.2
2008,8,12,10.2,15.2,21.0,12.4,84.7,2.3,90.0,986.5
2008,8,13,10.0,15.5,21.1,12.8,85.8,4.6,278.5,987.3
2008,8,14,8.2,16.0,24.0,11.4,77.0,5.6,183.9,990.1
2008,8,15,10.3,17.2,24.4,12.4,76.3,5.3,136.0,994.3
2008,8,16,9.9,17.2,23.7,12.9,77.9,5.8,190.0,990.9
2008,8,17,9.2,16.6,20.7,11.1,72.7,9.9,266.3,987.7
2008,8,18,7.5,14.3,21.2,12.8,91.0,5.5,272.9,987.4
2008,8,19,8.9,13.4,16.3,7.7,69.2,15.5,303.5,992.9
2008,8,20,6.8,14.2,20.2,7.5,66.5,11.6,277.1,998.2
2008,8,21,8.7,16.8,24.5,12.3,76.8,7.3,220.0,1001.6
2008,8,22,9.2,18.2,26.8,13.8,78.8,3.7,224.0,1005.4
2008,8,23,11.5,19.7,27.5,15.8,80.2,3.8,177.3,1002.0
2008,8,24,11.9,20.1,26.5,16.4,81.3,5.3,242.7,992.4
2008,8,25,11.0,16.6,19.8,11.6,73.3,12.8,303.6,989.2
2008,8,26,9.8,14.8,20.5,7.2,62.3,10.7,287.3,996.2
2008,8,27,6.0,16.6,26.4,10.5,71.0,3.7,168.0,999.3
2008,8,28,13.0,18.9,25.8,12.5,68.3,7.8,100.5,999.3
2008,8,29,10.8,17.5,23.3,13.3,77.5,8.6,135.9,995.7
2008,8,30,13.9,17.9,24.4,13.9,79.1,6.0,185.6,992.8
2008,8,31,11.7,17.3,23.0,10.5,66.6,10.8,280.0,997.3
2008,9,1,9.0,18.4,28.1,9.5,61.2,6.2,172.2,999.5
2008,9,2,13.2,21.0,29.1,13.9,66.6,4.7,198.2,997.6
2008,9,3,13.0,20.0,26.3,14.7,74.0,3.1,126.9,992.8
2008,9,4,10.2,17.2,22.7,11.9,73.4,8.4,237.1,993.0
2008,9,5,10.5,15.6,21.9,10.6,72.6,10.7,89.1,994.9
2008,9,6,15.6,18.3,20.4,17.0,92.1,2.0,208.9,990.3
2008,9,7,12.6,15.1,17.2,12.2,83.1,8.1,213.5,989.9
2008,9,8,10.0,13.5,19.3,11.1,86.5,7.3,238.6,994.9
2008,9,9,8.5,11.5,15.2,10.2,92.1,6.2,196.8,991.6
2008,9,10,2.7,8.7,14.7,4.2,76.9,7.3,279.5,1002.4
2008,9,11,-0.5,9.0,17.7,4.3,76.3,4.3,147.9,1006.1
2008,9,12,5.5,10.3,13.5,8.9,90.5,2.3,94.4,995.6
2008,9,13,5.8,12.5,18.0,10.7,89.7,1.9,225.0,993.1
2008,9,14,10.7,15.0,17.7,14.3,95.3,4.3,83.5,982.7
2008,9,15,7.0,15.8,21.8,12.8,82.7,13.0,254.3,980.2
2008,9,16,0.6,8.4,15.8,4.7,79.8,4.0,195.3,998.9
2008,9,17,0.3,8.2,14.4,6.7,90.7,2.7,284.4,996.8
2008,9,18,-1.0,5.1,10.5,-0.2,72.2,8.7,284.5,1005.6
2008,9,19,-2.3,5.5,14.9,0.3,73.4,4.9,156.2,1009.2
2008,9,20,-0.5,10.6,19.3,7.1,80.7,6.0,240.8,1000.5
2008,9,21,1.4,9.0,14.4,2.7,66.4,11.1,147.1,1004.8
2008,9,22,-1.8,5.2,14.0,0.2,73.9,3.8,199.2,1011.8
2008,9,23,-1.6,6.8,15.6,2.1,75.5,6.2,205.0,1011.4
2008,9,24,2.6,11.2,19.4,8.6,85.1,2.8,204.5,1008.7
2008,9,25,4.1,13.4,22.2,10.4,84.0,3.5,250.0,1009.3
2008,9,26,6.3,12.5,20.5,8.9,81.7,2.3,210.0,1009.1
2008,9,27,12.2,14.3,15.5,13.2,93.5,6.8,87.7,1000.5
2008,9,28,12.9,14.3,15.8,13.5,95.0,4.5,135.3,993.9
2008,9,29,10.0,13.3,17.6,10.8,85.5,5.5,122.0,994.7
2008,9,30,7.5,11.5,14.7,9.2,85.1,9.9,118.3,992.6
2008,10,1,9.8,10.6,11.2,9.6,93.6,7.5,125.0,983.7
2008,10,2,2.9,8.8,10.7,7.0,88.8,11.1,231.7,976.5
2008,10,3,2.5,5.6,9.6,2.4,81.1,14.2,240.4,983.4
2008,10,4,2.8,6.6,9.7,3.5,81.3,12.8,259.6,995.3
2008,10,5,-0.1,5.1,10.7,2.2,82.1,4.2,244.7,1003.3
2008,10,6,-3.1,4.0,10.7,-1.9,68.1,8.5,314.0,1005.3
2008,10,7,-2.4,6.8,14.9,-1.8,61.0,10.3,263.9,1003.0
2008,10,8,-1.6,6.8,14.9,1.3,70.5,4.9,201.4,996.3
2008,10,9,6.2,9.5,15.6,7.3,86.3,6.1,194.7,986.3
2008,10,10,0.3,8.7,13.5,4.9,78.8,9.5,258.1,997.1
2008,10,11,-2.1,5.7,13.9,0.7,73.0,6.8,320.0,1008.5
2008,10,12,-2.2,7.1,15.5,2.5,74.8,4.6,249.1,1011.0
2008,10,13,8.6,10.2,12.9,7.8,85.0,4.6,108.8,1006.2
2008,10,14,7.1,12.3,20.1,8.3,77.1,8.4,210.0,995.8
2008,10,15,6.2,8.1,12.2,3.1,71.2,7.1,286.7,997.8
2008,10,16,6.3,8.2,10.8,5.6,84.0,6.7,212.9,991.9
2008,10,17,-2.2,4.3,9.0,-3.1,59.9,13.3,323.8,998.9
2008,10,18,-5.8,0.1,6.3,-5.3,70.0,5.7,290.0,1005.1
2008,10,19,-6.2,-0.1,8.8,-5.3,71.3,2.9,182.7,1009.0
2008,10,20,-5.4,2.4,8.0,-2.5,72.1,2.5,218.0,1001.0
2008,10,21,1.4,3.9,5.5,2.2,88.5,5.1,80.0,994.5
2008,10,22,-4.5,1.0,4.6,-3.8,71.6,7.1,82.6,1009.4
2008,10,23,-7.9,0.0,8.3,-5.1,70.8,4.6,227.5,1015.9
2008,10,24,-4.2,1.5,9.3,-3.8,70.4,5.2,224.0,1008.4
2008,10,25,-2.1,5.7,12.5,1.4,76.1,6.5,114.4,997.6
2008,10,26,3.6,8.6,12.0,5.9,84.2,7.3,205.3,987.0
2008,10,27,1.3,7.8,13.2,4.2,79.5,3.2,226.0,992.4
2008,10,28,6.3,8.1,11.1,6.0,86.8,6.8,119.4,978.8
2008,10,29,0.1,1.2,7.3,-0.4,89.0,15.0,209.6,970.5
2008,10,30,-0.5,0.7,1.7,-1.9,83.2,10.8,262.9,998.2
2008,10,31,-4.1,0.8,4.9,-1.5,85.0,4.4,297.1,1000.6
2008,11,1,-2.1,0.3,3.1,-7.2,58.5,12.4,300.0,1003.1
2008,11,2,-5.2,-1.6,3.0,-8.9,58.5,7.9,305.0,1011.5
2008,11,3,-5.7,0.7,5.8,-4.1,71.0,4.8,241.4,1007.3
2008,11,4,2.5,4.7,8.2,2.7,87.0,3.0,252.9,1004.2
2008,11,5,0.7,6.6,15.5,4.3,85.9,3.4,204.3,1000.7
2008,11,6,-0.8,6.6,18.1,3.9,84.4,1.5,168.3,1000.4
2008,11,7,1.1,5.0,8.1,3.4,89.8,7.2,122.4,995.0
2008,11,8,3.9,5.2,6.6,4.1,93.0,9.2,130.9,984.9
2008,11,9,3.2,5.2,7.4,3.9,91.4,3.8,232.2,982.6
2008,11,10,0.2,2.7,4.4,0.9,88.3,5.0,241.7,989.0
2008,11,11,-0.7,0.7,2.5,-2.4,80.1,8.3,242.9,997.4
2008,11,12,-4.1,0.0,2.9,-4.2,74.4,6.4,248.0,1006.1
2008,11,13,-6.1,-0.8,3.0,-4.0,80.0,7.2,84.7,1002.1
2008,11,14,2.0,5.7,8.9,4.2,90.3,4.0,61.4,993.3
2008,11,15,6.8,9.3,11.7,8.1,92.5,3.3,68.0,982.4
2008,11,16,0.2,6.6,11.8,5.0,89.5,12.0,241.3,969.0
2008,11,17,-3.3,-1.1,0.1,-6.2,69.0,14.5,261.7,987.8
2008,11,18,-10.3,-5.2,-3.2,-12.1,59.2,12.4,179.1,998.3
2008,11,19,-11.6,-6.9,-4.4,-14.5,55.8,13.0,221.9,997.5
2008,11,20,-8.6,-7.4,-6.5,-15.2,53.6,17.2,324.2,986.5
2008,11,21,-7.4,-6.1,-3.8,-14.4,51.9,13.0,299.6,993.1
2008,11,22,-9.7,-6.7,-4.9,-14.6,53.6,17.8,276.7,996.6
2008,11,23,-9.6,-6.9,-4.3,-15.9,49.0,21.6,286.3,996.4
2008,11,24,-15.7,-8.6,-3.4,-12.4,74.6,3.6,91.7,1003.5
2008,11,25,-3.3,-1.2,1.3,-4.9,76.3,23.7,81.8,996.7
2008,11,26,1.5,2.2,3.3,-0.4,82.9,17.8,106.4,989.1
2008,11,27,-1.5,0.2,1.7,-2.0,85.2,5.0,189.4,990.3
2008,11,28,-999.0,-0.8,-999.0,-2.2,89.9,2.6,142.2,985.6
2008,11,29,-4.5,-1.1,0.3,-3.3,85.0,5.3,252.9,987.4
2008,11,30,-7.5,-3.5,0.2,-5.9,83.7,4.7,121.9,992.8
2008,12,1,-1.2,-0.4,0.8,-2.3,86.7,11.8,111.5,978.7
2008,12,2,-2.8,0.3,1.8,-2.1,83.8,11.0,239.1,987.1
2008,12,3,-4.7,-2.3,-0.1,-5.1,80.8,3.6,230.9,996.6
2008,12,4,-7.8,-1.8,1.6,-4.1,84.6,7.9,265.3,989.9
2008,12,5,-17.0,-10.9,-7.1,-15.3,71.1,8.0,268.9,998.0
2008,12,6,-15.9,-8.5,-3.8,-12.1,75.9,2.3,133.0,995.6
2008,12,7,-13.2,-5.6,-2.8,-8.9,78.0,9.0,184.5,983.4
2008,12,8,-23.8,-17.7,-13.4,-23.1,63.1,11.5,273.2,1000.8
2008,12,9,-24.2,-15.0,-8.0,-17.7,80.2,6.2,44.2,1002.7
2008,12,10,-16.8,-7.9,-4.4,-9.7,87.0,4.3,226.2,992.9
2008,12,11,-19.9,-13.2,-9.4,-16.1,78.9,5.5,70.0,1001.0
2008,12,12,-9.4,-6.9,-2.9,-9.1,84.5,7.9,205.3,984.1
2008,12,13,-25.9,-17.2,-9.7,-22.4,64.3,6.8,263.5,1001.6
2008,12,14,-24.7,-11.4,-5.1,-13.9,81.6,2.3,128.9,1004.9
2008,12,15,-4.6,1.0,6.9,-0.2,91.6,10.7,127.6,993.0
2008,12,16,-20.1,-9.5,1.7,-17.5,53.8,15.4,272.9,1008.1
2008,12,17,-15.7,-11.1,-9.6,-14.3,77.4,5.8,78.2,1001.5
2008,12,18,-16.9,-10.1,-6.8,-13.2,79.0,7.6,256.1,1000.0
2008,12,19,-22.3,-18.0,-12.4,-24.7,56.0,5.5,185.8,1006.2
2008,12,20,-29.4,-19.7,-15.1,-25.5,59.8,8.4,91.1,1005.0
2008,12,21,-25.5,-17.9,-11.2,-22.9,65.2,12.4,66.8,992.4
2008,12,22,-19.1,-12.4,-10.1,-16.5,71.8,10.8,267.8,982.9
2008,12,23,-23.8,-19.3,-13.8,-24.4,63.7,6.8,221.9,1008.5
2008,12,24,-13.1,-7.7,0.2,-9.7,85.8,2.4,113.0,993.8
2008,12,25,-23.0,-6.3,3.2,-12.0,64.8,19.2,285.0,992.2
2008,12,26,-28.8,-18.2,-10.4,-24.6,58.2,1.5,152.0,1013.0
2008,12,27,-9.9,-6.2,-1.3,-8.9,81.5,3.5,116.9,1000.5
2008,12,28,-0.5,1.8,6.2,-0.6,84.8,-999.0,-999.0,980.4
2008,12,29,-13.5,-5.9,1.9,-11.2,66.5,5.9,275.0,987.2
2008,12,30,-17.2,-9.0,-4.2,-12.5,75.8,7.9,204.4,981.7
2008,12,31,-25.7,-19.4,-13.7,-26.0,56.6,9.8,307.8,988.6
2009,1,1,-22.1,-19.4,-15.6,-27.5,48.8,18.4,292.9,995.7
2009,1,2,-29.2,-19.5,-14.0,-26.0,57.2,4.8,247.5,989.1
2009,1,3,-18.0,-14.9,-13.1,-22.0,55.4,15.4,279.5,985.8
2009,1,4,-15.4,-12.3,-7.6,-17.9,63.2,12.9,255.0,993.6
2009,1,5,-12.4,-9.9,-6.4,-12.8,79.1,8.8,251.0,987.8
2009,1,6,-24.2,-14.1,-9.2,-18.3,71.4,10.2,265.6,991.5
2009,1,7,-24.1,-12.9,-8.7,-17.1,71.3,13.1,77.4,981.2
2009,1,8,-11.9,-9.4,-8.2,-12.7,77.0,11.1,198.6,965.9
2009,1,9,-15.5,-13.8,-11.7,-18.0,70.4,12.1,259.6,987.4
2009,1,10,-26.3,-18.9,-13.2,-23.8,65.5,8.8,235.3,1001.6
2009,1,11,-28.0,-19.8,-9.7,-24.5,66.3,1.2,136.0,995.7
2009,1,12,-999.0,-21.5,-999.0,-25.7,68.7,0.0,-999.0,995.7
2009,1,13,-999.0,-4.8,-999.0,-7.8,79.9,2.9,125.7,985.1
2009,1,14,-31.8,-19.9,-1.3,-26.1,58.5,13.1,265.3,990.5
2009,1,15,-41.4,-31.8,-21.8,-37.6,57.6,3.5,215.6,1002.8
2009,1,16,-41.8,-34.1,-24.1,-39.8,57.3,4.0,257.1,1005.2
2009,1,17,-40.2,-29.4,-19.1,-35.3,57.1,2.7,51.1,1007.2
2009,1,18,-25.5,-16.6,-11.3,-21.5,65.3,13.0,77.0,1000.3
2009,1,19,-19.8,-12.7,-8.8,-17.3,69.4,3.3,91.3,985.2
2009,1,20,-26.9,-15.7,-9.7,-18.9,76.8,2.3,228.3,985.0
2009,1,21,-31.1,-21.0,-14.2,-25.7,66.0,5.0,254.6,985.4
2009,1,22,-20.4,-10.5,-3.3,-14.9,70.6,10.6,284.0,983.7
2009,1,23,-29.6,-17.9,-10.3,-22.9,65.8,4.7,120.0,991.2
2009,1,24,-25.8,-18.1,-9.1,-24.2,59.7,14.3,279.6,990.2
2009,1,25,-38.7,-26.0,-18.9,-32.6,55.2,5.4,298.0,999.2
2009,1,26,-42.7,-32.1,-18.0,-38.0,58.1,2.5,217.5,1007.0
2009,1,27,-999.0,-20.5,-999.0,-27.2,55.7,7.1,268.8,1008.2
2009,1,28,-31.4,-17.2,-7.8,-21.7,67.6,6.8,57.1,997.3
2009,1,29,-12.6,-9.4,-7.9,-12.7,77.1,9.4,225.2,984.5
2009,1,30,-14.2,-10.5,-6.0,-13.5,78.3,2.8,125.5,986.8
2009,1,31,-20.9,-11.5,-6.8,-14.5,78.8,10.7,224.0,986.3
2009,2,1,-32.0,-17.9,-10.0,-21.6,72.3,2.0,97.1,987.9
2009,2,2,-15.9,-7.9,-3.6,-11.1,78.4,4.7,214.7,991.3
2009,2,3,-27.7,-16.1,-8.2,-20.9,67.3,4.6,121.0,995.2
2009,2,4,-17.1,-14.4,-10.6,-21.8,54.0,10.5,295.2,994.0
2009,2,5,-24.7,-17.3,-11.3,-24.9,51.8,11.1,203.2,1000.2
2009,2,6,-27.4,-19.8,-12.0,-24.8,64.5,4.8,229.2,1003.3
2009,2,7,-25.2,-11.4,-1.5,-16.0,68.8,1.3,112.5,995.0
2009,2,8,-17.6,-6.1,1.6,-11.5,66.1,20.4,295.0,987.7
2009,2,9,-25.0,-17.2,-10.1,-24.5,54.0,8.9,288.0,1005.6
2009,2,10,-26.2,-14.4,-4.6,-21.4,56.9,2.2,91.4,1002.0
2009,2,11,-6.6,-2.3,0.7,-4.5,84.9,0.3,220.0,987.2
2009,2,12,-8.8,-0.2,3.7,-3.5,79.0,8.7,208.8,970.8
2009,2,13,-17.5,-12.4,-7.8,-19.5,55.7,23.5,305.8,985.5
2009,2,14,-12.0,-8.6,-5.0,-15.7,57.0,18.9,316.7,985.6
2009,2,15,-9.7,-7.1,-4.4,-12.8,63.8,6.5,197.6,994.2
2009,2,16,-15.0,-6.5,-1.7,-12.0,66.1,4.8,210.0,999.7
2009,2,17,-16.5,-6.1,-1.6,-12.8,60.6,3.4,240.0,1001.2
2009,2,18,-19.1,-7.8,-1.0,-14.0,62.8,9.6,95.9,993.3
2009,2,19,-4.5,-2.7,-1.8,-6.5,75.6,17.5,84.2,976.8
2009,2,20,-11.1,-9.2,-4.7,-12.8,75.2,13.8,215.8,975.2
2009,2,21,-11.7,-8.8,-5.7,-13.1,71.5,13.6,239.1,991.7
2009,2,22,-12.5,-6.7,-2.6,-10.1,76.8,3.9,85.0,996.6
2009,2,23,-5.5,-3.6,-2.7,-8.3,70.6,12.4,263.0,987.1
2009,2,24,-13.2,-7.6,-3.8,-14.9,56.3,17.2,296.3,999.6
2009,2,25,-24.5,-12.9,-4.3,-17.9,67.7,4.3,228.0,1006.9
2009,2,26,-16.3,-6.0,-1.9,-8.9,80.3,0.5,360.0,1001.8
2009,2,27,-4.0,1.4,5.5,-1.7,80.1,6.7,149.3,989.0
2009,2,28,-22.8,-12.6,-7.1,-20.8,51.9,14.7,192.1,1003.4
2009,3,1,-24.5,-14.9,-6.1,-21.1,61.2,4.4,126.7,1004.0
2009,3,2,-19.3,-12.0,-8.2,-17.1,66.5,7.6,137.6,999.9
2009,3,3,-16.6,-11.7,-7.4,-20.8,48.4,13.0,305.5,997.2
2009,3,4,-26.0,-14.5,-7.7,-24.1,46.7,10.2,302.2,1001.8
2009,3,5,-25.6,-12.0,-4.7,-20.6,51.0,7.0,231.7,1005.6
2009,3,6,-8.8,-3.4,0.7,-4.6,90.9,2.5,90.0,990.9
2009,3,7,-0.2,1.8,4.0,-1.2,80.8,10.6,256.1,992.0
2009,3,8,-7.8,-0.9,3.6,-5.9,70.6,11.7,258.7,992.0
2009,3,9,-11.9,-6.1,-0.2,-11.5,66.3,6.8,78.2,1000.0
2009,3,10,-17.4,-5.7,3.2,-11.4,66.5,1.5,232.0,1005.1
2009,3,11,-5.0,1.0,5.1,-2.8,76.8,12.9,193.1,987.5
2009,3,12,-18.3,-13.1,-7.8,-23.3,43.3,20.8,282.2,1005.1
2009,3,13,-28.2,-14.9,-6.4,-22.7,53.0,6.8,237.8,1007.6
2009,3,14,-18.2,-6.5,0.9,-12.5,63.6,11.5,243.1,998.8
2009,3,15,-6.4,-3.2,-0.8,-7.9,70.2,7.3,130.0,1001.7
2009,3,16,-14.1,-7.8,-0.6,-17.7,47.4,5.8,113.3,1009.6
2009,3,17,-13.6,-3.0,7.6,-11.0,58.6,2.1,236.7,1002.5
2009,3,18,-6.1,1.0,8.7,-2.4,78.8,4.0,228.9,990.4
2009,3,19,-7.5,-3.1,0.1,-11.5,55.3,13.8,316.5,995.3
2009,3,20,-12.8,-6.7,0.3,-17.9,42.3,8.3,254.7,1007.4
2009,3,21,-15.2,-6.0,0.7,-14.1,54.4,5.0,253.3,1008.9
2009,3,22,-11.1,-4.6,-0.6,-12.1,57.4,17.7,309.5,1003.0
2009,3,23,-16.2,-10.2,-3.8,-18.2,52.4,9.2,216.7,1007.0
2009,3,24,-13.2,-4.0,2.0,-11.1,59.1,3.8,121.0,1012.8
2009,3,25,-14.1,-3.8,4.5,-10.2,63.6,3.0,152.5,1007.7
2009,3,26,-8.8,0.3,6.5,-7.4,58.0,1.4,136.7,996.1
2009,3,27,-2.4,0.8,3.9,-0.8,88.6,2.7,228.6,992.2
2009,3,28,-4.7,2.4,12.0,-2.1,74.5,1.8,276.0,994.4
2009,3,29,0.1,4.4,9.0,-0.9,70.1,16.8,90.0,986.5
2009,3,30,-0.5,2.5,4.5,-1.8,74.0,14.7,79.5,982.8
2009,3,31,-0.7,0.5,2.8,-3.4,75.1,3.0,141.1,1001.1
2009,4,1,-0.7,2.3,6.2,-2.4,72.1,6.3,116.5,998.8
2009,4,2,-0.9,4.3,10.0,-1.0,72.0,7.3,235.6,993.1
2009,4,3,-2.6,6.5,13.3,1.2,70.7,14.5,80.6,984.2
2009,4,4,1.3,4.0,7.8,2.7,91.0,6.3,138.6,970.1
2009,4,5,0.9,2.5,6.2,1.0,90.1,4.3,174.6,980.5
2009,4,6,0.7,2.6,5.2,-0.2,82.3,13.9,88.8,982.9
2009,4,7,-1.3,1.6,3.6,0.0,88.6,15.0,145.0,968.6
2009,4,8,-2.1,-0.8,0.3,-2.9,86.0,13.1,227.8,975.3
2009,4,9,-1.0,0.6,2.5,-1.9,83.8,9.1,252.1,984.3
2009,4,10,-3.8,-0.6,2.7,-5.8,69.0,5.6,296.0,995.8
2009,4,11,-7.0,-0.7,5.4,-8.0,60.3,9.4,211.3,997.3
2009,4,12,-4.2,-0.2,4.0,-8.9,52.2,21.5,207.9,996.3
2009,4,13,-2.1,2.9,8.4,-10.2,39.3,24.4,333.3,993.3
2009,4,14,-2.9,3.8,10.8,-10.6,36.8,9.8,263.7,998.0
2009,4,15,-7.0,2.3,10.8,-8.3,50.1,5.4,100.0,1003.2
2009,4,16,-5.1,4.3,12.5,-9.3,41.0,6.8,168.0,1006.3
2009,4,17,-1.2,7.6,16.0,-3.3,49.4,12.3,282.7,995.5
2009,4,18,0.2,6.3,11.9,-7.5,44.5,6.8,238.2,993.8
2009,4,20,-999.0,9.6,-999.0,-10.3,24.5,12.7,106.0,1002.8
2009,4,21,2.6,4.3,7.4,-1.6,68.6,15.5,82.1,994.0
2009,4,22,4.0,6.9,11.1,4.6,85.7,2.7,167.8,983.3
2009,4,23,3.7,5.7,7.4,1.0,72.8,15.9,289.5,980.5
2009,4,24,-1.0,7.7,16.0,-1.9,53.5,11.2,270.0,997.7
2009,4,25,2.0,15.6,26.0,6.3,56.3,7.4,202.1,994.5
2009,4,26,5.5,9.9,17.8,-3.5,40.9,15.8,138.1,1005.3
2009,4,27,6.8,11.3,20.8,0.6,49.5,5.0,96.4,1002.1
2009,4,28,3.3,12.0,19.3,5.1,63.9,13.2,288.6,997.9
2009,4,29,-0.5,5.3,12.1,-7.1,42.1,11.3,298.3,1009.8
2009,4,30,-4.2,7.7,17.1,-4.5,48.2,4.3,170.8,1003.7
2009,5,1,7.3,12.1,19.8,7.8,76.3,12.1,254.3,981.6
2009,5,2,0.6,6.7,10.7,-0.5,62.0,9.7,272.9,987.7
2009,5,3,1.5,8.2,14.2,1.3,65.3,7.4,239.1,991.3
2009,5,4,2.0,10.2,16.3,-1.3,48.7,9.4,242.4,997.2
2009,5,5,0.1,9.3,17.0,-3.4,43.0,8.3,95.0,1005.1
2009,5,6,6.8,8.6,11.5,4.7,76.8,5.7,106.3,998.3
2009,5,7,5.9,8.6,10.4,6.4,85.9,6.8,67.5,990.2
2009,5,8,6.4,9.4,12.2,8.1,92.3,0.8,197.5,986.4
2009,5,9,2.8,12.1,18.4,8.9,81.8,3.9,130.0,981.5
2009,5,10,5.2,8.1,11.2,3.9,75.2,11.6,302.7,983.5
2009,5,11,0.5,7.2,14.0,-2.0,56.7,5.8,240.0,995.2
2009,5,12,-0.1,9.1,16.9,-3.1,46.6,6.4,136.7,1001.1
2009,5,13,-1.2,10.5,19.8,-1.1,51.1,5.5,205.0,1005.3
2009,5,14,3.0,11.7,18.8,5.8,70.5,9.7,195.0,995.7
2009,5,15,3.7,11.1,15.7,3.1,61.3,11.5,278.3,1001.8
2009,5,16,1.7,9.9,14.9,3.6,67.5,10.5,94.7,997.3
2009,5,17,5.7,9.6,14.5,1.8,60.9,15.6,253.2,991.4
2009,5,18,-0.1,5.5,10.8,-3.3,54.6,6.8,279.4,1002.8
2009,5,19,-3.5,7.5,15.4,0.5,65.3,10.2,268.7,1003.0
2009,5,20,0.5,5.0,8.1,-1.5,63.5,5.3,221.4,1005.0
2009,5,21,0.6,17.3,28.5,5.0,50.9,17.2,239.4,993.1
2009,5,22,3.9,14.7,19.3,3.7,49.3,15.2,304.8,997.1
2009,5,23,-1.5,9.5,17.6,0.1,55.9,2.7,215.0,1001.2
2009,5,24,3.9,12.4,20.8,3.8,59.0,10.1,294.2,992.4
2009,5,25,2.7,6.7,10.4,-3.9,48.3,18.7,315.7,998.8
2009,5,26,-4.5,7.0,14.9,-3.0,51.8,4.3,204.4,1004.3
2009,5,27,4.5,9.3,13.6,3.6,69.7,6.5,86.3,997.6
2009,5,28,6.6,12.5,17.7,5.9,65.6,13.6,88.3,994.1
2009,5,29,9.6,12.0,15.2,10.7,91.2,8.3,129.5,983.2
2009,5,30,7.5,11.8,15.1,9.2,85.0,6.2,253.3,982.7
2009,5,31,4.8,9.7,14.1,3.8,69.0,10.2,243.7,983.0
2009,6,1,1.9,9.7,16.2,1.6,59.2,17.9,238.8,990.5
2009,6,2,4.8,11.3,17.6,2.7,60.6,11.5,248.6,992.4
2009,6,3,2.5,11.7,18.4,1.5,54.2,9.9,255.0,993.3
2009,6,4,4.5,11.5,18.3,0.6,50.2,8.1,230.6,994.9
2009,6,5,0.6,12.6,21.7,2.5,56.3,7.1,235.6,993.9
2009,6,6,4.8,14.7,21.6,4.6,54.4,11.5,250.0,989.1
2009,6,7,2.5,11.5,17.4,0.7,50.3,12.1,274.5,993.5
2009,6,8,1.9,11.4,18.5,0.9,52.0,9.9,263.3,996.5
2009,6,9,5.4,10.8,14.6,3.8,63.5,14.4,74.5,995.5
2009,6,10,9.7,11.0,12.4,9.4,89.6,7.6,106.7,993.9
2009,6,11,11.4,15.3,20.2,10.9,76.7,4.6,115.3,992.5
2009,6,12,7.9,14.3,17.6,11.0,81.1,7.2,139.5,989.5
2009,6,13,5.9,15.6,23.2,7.5,63.2,6.3,250.6,992.5
2009,6,14,7.8,16.1,24.0,8.4,63.1,7.0,133.3,994.7
2009,6,15,7.9,15.5,21.5,9.8,70.7,6.6,127.4,998.0
2009,6,16,9.0,16.5,22.7,10.1,68.4,5.7,199.4,1001.9
2009,6,17,8.2,17.4,25.1,10.5,67.3,7.5,217.6,999.8
2009,6,18,8.1,16.4,22.2,9.2,65.8,6.7,221.2,995.8
2009,6,19,13.5,15.3,17.4,13.0,85.9,8.5,84.3,991.5
2009,6,20,15.8,18.7,21.1,14.4,76.1,12.8,62.6,986.3
2009,6,21,13.3,19.3,23.3,14.1,72.6,12.4,74.1,989.0
2009,6,22,10.4,17.7,23.4,10.7,66.0,12.6,86.8,992.2
2009,6,23,9.0,19.2,27.7,9.3,56.9,9.7,128.1,991.8
2009,6,24,11.5,20.7,26.6,13.0,62.7,6.3,153.5,991.1
2009,6,25,15.4,21.8,28.9,15.8,70.8,7.6,204.4,985.9
2009,6,26,15.6,19.1,24.9,15.1,78.5,7.0,129.0,983.5
2009,6,27,15.4,16.8,18.5,14.8,87.7,4.6,133.5,987.2
2009,6,28,14.7,18.3,21.6,15.1,81.9,8.8,103.8,987.7
2009,6,29,16.2,18.3,22.3,15.2,82.1,13.0,87.1,979.5
2009,6,30,15.1,18.5,24.1,14.5,78.2,10.6,106.7,984.8
2009,7,1,13.5,17.8,22.2,14.0,79.0,12.0,122.1,990.4
2009,7,2,15.3,17.6,20.9,14.6,83.1,8.8,109.1,992.2
2009,7,3,15.0,17.0,19.9,14.5,85.7,8.5,108.6,987.7
2009,7,4,13.6,15.6,19.1,12.9,84.1,9.1,187.8,983.7
2009,7,5,10.5,15.7,18.8,10.9,73.9,11.7,262.6,986.4
2009,7,6,7.6,14.4,19.5,10.2,76.9,9.4,134.0,988.8
2009,7,7,11.8,14.2,17.9,11.2,82.3,9.5,87.0,990.1
2009,7,8,9.9,14.4,17.6,10.7,78.8,8.5,96.1,995.4
2009,7,9,7.3,16.8,24.2,9.9,67.3,3.8,200.7,1002.3
2009,7,10,10.2,18.3,25.1,10.5,64.3,7.0,252.1,1003.2
2009,7,11,11.4,17.9,25.0,13.1,75.5,5.7,236.0,993.6
2009,7,12,13.2,16.7,19.8,10.8,70.2,10.9,237.5,988.7
2009,7,13,10.7,13.1,17.5,9.2,78.3,6.7,235.5,988.1
2009,7,14,9.1,12.8,17.1,9.2,79.6,9.3,231.8,992.1
2009,7,15,8.4,13.7,18.2,7.8,68.7,9.2,245.0,995.1
2009,7,16,10.9,15.2,18.2,11.0,76.1,5.8,133.5,989.2
2009,7,17,14.3,18.6,24.0,13.9,75.3,5.8,148.5,988.3
2009,7,18,12.3,16.8,20.5,14.4,85.8,5.9,162.2,987.3
2009,7,19,12.6,16.7,20.9,12.9,78.8,11.0,232.1,992.5
2009,7,20,10.6,17.7,24.7,12.3,73.1,5.7,249.4,1001.2
2009,7,21,11.7,19.6,25.2,12.5,65.8,3.8,158.2,1003.3
2009,7,22,11.5,17.2,20.9,13.6,79.5,5.7,151.0,1001.9
2009,7,23,11.1,18.1,23.7,11.7,67.9,8.5,99.5,1000.5
2009,7,24,16.3,17.9,19.1,12.3,69.8,11.9,84.2,995.0
2009,7,25,13.8,15.4,17.6,11.7,79.1,7.8,109.0,994.0
2009,7,26,13.5,14.8,16.8,11.8,82.3,10.9,88.8,992.9
2009,7,27,14.5,17.7,21.8,15.0,84.0,5.3,143.2,990.4
2009,7,28,16.8,20.6,25.8,15.5,74.2,9.0,222.5,990.3
2009,7,29,18.1,20.7,26.8,17.2,81.0,4.9,172.5,988.5
2009,7,30,15.2,21.1,26.1,15.3,71.3,5.4,247.1,987.5
2009,7,31,13.2,17.5,21.5,13.6,78.7,4.6,240.7,990.8
2009,8,1,15.8,20.1,25.4,14.7,72.7,6.6,236.1,994.8
2009,8,2,15.4,19.1,24.8,15.1,78.8,4.7,140.0,991.5
2009,8,3,14.8,18.8,22.3,13.0,71.2,9.0,226.5,992.7
2009,8,4,14.9,19.9,26.1,14.4,71.5,5.9,148.9,990.2
2009,8,5,11.8,19.2,22.0,11.8,64.2,11.9,258.7,988.6
2009,8,6,9.6,15.0,19.7,10.4,75.1,5.4,259.4,992.0
2009,8,7,7.3,12.5,17.9,8.7,78.8,6.4,258.1,994.8
2009,8,8,3.7,13.7,22.1,7.3,68.3,6.0,250.0,1000.6
2009,8,9,8.6,16.1,21.9,10.8,72.8,4.7,163.8,995.9
2009,8,10,15.5,19.5,24.8,15.8,80.0,5.0,210.0,988.4
2009,8,11,15.2,19.8,24.9,13.1,66.8,5.3,104.7,991.3
2009,8,12,12.6,20.0,27.4,13.1,67.2,4.0,184.7,996.5
2009,8,13,13.2,20.5,27.9,13.8,68.0,5.5,197.4,998.9
2009,8,14,12.0,21.1,29.6,15.3,72.0,6.8,243.8,999.0
2009,8,15,14.6,21.6,28.3,16.4,74.3,7.0,252.9,998.3
2009,8,16,15.6,22.4,28.9,16.8,72.4,5.8,206.5,998.8
2009,8,17,17.2,22.8,29.6,18.1,76.1,8.3,205.3,996.9
2009,8,18,20.9,23.9,28.3,19.3,76.5,11.0,225.5,991.2
2009,8,19,12.7,20.7,25.2,14.1,68.5,9.3,248.9,990.4
2009,8,20,9.2,17.6,23.2,11.9,71.5,4.7,151.9,994.6
2009,8,21,17.5,20.1,25.1,16.2,78.6,6.1,128.3,990.6
2009,8,22,18.4,22.1,26.6,17.5,76.5,6.9,211.8,991.4
2009,8,23,13.2,18.5,21.6,13.7,74.0,6.9,142.2,992.7
2009,8,24,8.7,16.8,23.9,9.5,65.6,7.1,255.3,996.7
2009,8,25,6.5,15.0,22.5,9.3,70.8,4.1,176.4,996.6
2009,8,26,10.0,17.1,21.2,8.3,58.0,18.0,267.1,990.1
2009,8,27,3.9,10.4,16.3,2.2,59.6,10.1,264.8,998.9
2009,8,28,4.0,10.7,17.6,4.0,67.0,4.6,192.1,1002.6
2009,8,29,9.1,11.8,13.7,7.7,76.5,16.9,85.4,997.0
2009,8,30,10.7,14.0,19.5,12.1,88.8,8.9,154.2,989.1
2009,8,31,5.9,12.4,17.9,6.3,68.3,11.4,297.5,997.3
2009,9,1,3.1,12.0,20.5,7.1,75.3,7.0,176.3,1002.8
2009,9,2,7.0,15.8,23.3,11.9,79.3,7.7,243.1,1001.8
2009,9,3,10.8,17.2,24.3,13.3,80.0,9.8,245.7,997.9
2009,9,4,7.7,15.7,24.3,8.7,68.7,8.1,281.7,997.1
2009,9,5,2.9,10.6,18.4,4.2,68.2,9.0,242.1,1003.1
2009,9,6,-0.9,9.7,18.2,3.8,70.8,4.3,208.8,1008.9
2009,9,7,0.5,12.6,21.4,7.9,75.9,6.7,207.5,1001.5
2009,9,8,12.1,16.7,22.9,10.4,69.5,9.8,228.9,999.5
2009,9,9,5.2,12.7,19.0,5.1,62.2,9.2,78.3,1006.5
2009,9,10,1.1,12.7,22.0,6.4,69.3,5.2,153.5,1010.8
2009,9,11,4.1,13.2,22.6,8.4,76.2,4.9,246.7,1006.6
2009,9,12,4.8,14.2,25.0,8.3,72.2,4.1,205.0,997.8
2009,9,13,6.4,13.1,17.3,8.8,76.8,10.0,315.9,990.5
2009,9,14,6.1,12.3,15.6,8.5,78.4,6.8,242.9,988.9
2009,9,15,5.1,10.8,17.4,6.2,76.3,6.8,212.4,994.1
2009,9,16,2.1,9.7,15.2,3.1,66.0,7.2,151.8,1007.7
2009,9,17,0.3,9.4,17.8,3.7,71.4,5.0,202.7,1002.1
2009,9,18,5.2,10.3,13.1,6.1,76.8,15.8,273.3,990.0
2009,9,19,2.2,9.4,14.8,2.1,63.2,13.5,283.3,1000.2
2009,9,20,-0.7,9.6,18.7,5.5,78.4,7.4,235.3,1002.6
2009,9,21,7.1,14.5,22.9,9.9,76.9,3.8,209.4,1004.0
2009,9,22,7.6,12.3,16.4,11.7,96.4,1.1,80.0,1000.1
2009,9,23,12.9,18.0,19.7,16.8,93.1,10.6,245.4,992.7
2009,9,24,4.4,11.3,16.6,6.7,75.3,8.4,265.6,996.0
2009,9,25,1.0,7.5,13.0,2.3,71.9,5.6,178.0,1005.8
2009,9,26,-1.2,7.1,15.3,2.4,75.3,4.3,241.8,1001.8
2009,9,27,7.2,10.6,12.9,9.7,94.0,4.9,78.2,987.3
2009,9,28,13.0,14.4,16.6,13.1,92.1,5.4,147.2,976.3
2009,9,29,8.0,11.6,14.8,10.4,92.6,3.4,167.9,976.2
2009,9,30,6.3,8.5,10.7,7.6,93.8,8.6,224.3,984.1
2009,10,1,5.6,6.4,7.6,5.6,94.8,9.2,230.0,990.4
2009,10,2,4.9,6.2,7.7,5.4,94.8,4.3,217.1,995.0
2009,10,3,4.5,8.0,9.9,6.9,92.5,9.6,65.4,996.2
2009,10,4,9.0,10.7,13.0,9.5,92.6,5.5,115.2,992.6
2009,10,5,6.0,10.0,14.4,8.8,93.2,5.4,235.3,987.0
2009,10,6,3.5,8.3,14.2,5.9,86.4,6.2,257.1,987.5
2009,10,7,3.7,7.8,9.3,7.0,94.8,5.2,89.3,977.1
2009,10,8,3.6,8.2,11.4,5.4,83.5,6.2,258.9,990.8
2009,10,9,3.5,7.5,9.9,7.1,97.0,1.5,205.0,989.8
2009,10,10,-2.9,5.3,9.0,1.9,80.2,7.6,264.2,989.7
2009,10,11,-1.5,2.7,8.6,-2.2,75.5,11.6,214.5,994.5
2009,10,12,-0.5,2.8,7.7,-1.8,73.7,8.8,236.8,1002.8
2009,10,13,-2.3,1.6,5.3,-0.4,87.3,3.1,157.1,997.8
2009,10,14,-2.0,0.9,3.7,-5.4,64.0,13.5,302.5,1000.2
2009,10,15,-3.7,0.4,4.8,-7.0,59.5,9.0,185.2,1000.3
2009,10,16,-5.1,0.0,6.8,-7.0,61.5,8.3,57.0,1000.8
2009,10,17,-7.1,-0.5,7.3,-7.1,64.2,5.8,82.0,1003.4
2009,10,18,-6.9,-0.6,6.9,-5.9,70.5,5.0,90.0,1004.5
2009,10,19,-7.1,0.3,8.3,-4.8,71.6,3.6,223.6,999.3
2009,10,20,0.2,3.9,7.4,1.6,85.3,3.4,260.8,995.8
2009,10,21,-2.8,2.1,7.5,-3.3,70.1,7.1,222.5,1001.3
2009,10,22,-6.2,-0.4,2.4,-2.3,87.3,8.2,118.5,995.4
2009,10,23,-9.3,-1.4,3.7,-4.6,79.9,4.5,103.6,1003.6
2009,10,24,0.4,2.6,4.6,1.3,91.8,11.5,84.5,990.3
2009,10,25,2.1,5.3,8.3,0.4,73.4,16.9,259.0,990.6
2009,10,26,-1.1,2.7,7.3,-5.5,56.8,8.8,275.8,1005.4
2009,10,27,0.6,1.9,3.5,-1.4,79.1,8.8,80.9,1002.8
2009,10,28,2.0,3.4,5.9,-0.2,77.3,10.3,96.2,1001.3
2009,10,29,1.3,4.0,6.6,0.6,78.6,4.2,115.3,1005.7
2009,10,30,-2.5,4.7,9.3,2.8,88.0,2.4,178.2,999.9
2009,10,31,5.5,9.3,14.4,8.5,94.5,8.3,191.7,981.9
2009,11,1,-2.8,4.7,8.3,-0.4,70.8,12.9,252.9,996.1
2009,11,2,-6.3,0.4,6.5,-3.6,76.1,4.9,100.0,1005.3
2009,11,3,0.5,2.1,3.5,-0.5,83.1,6.5,193.6,993.8
2009,11,4,-2.9,0.2,1.7,-6.2,62.7,11.1,275.7,1000.6
2009,11,5,-7.8,-1.8,1.5,-6.0,74.5,6.5,101.8,1001.0
2009,11,6,-3.6,0.5,3.7,-4.4,70.8,7.1,235.5,1000.6
2009,11,7,-5.3,-1.6,0.2,-6.3,70.4,4.8,155.6,998.6
2009,11,8,-2.5,4.9,13.4,-1.9,64.7,9.4,272.5,997.3
2009,11,9,-3.5,4.6,11.7,-0.2,72.8,3.7,217.3,1000.5
2009,11,10,2.3,7.5,11.7,0.0,60.3,12.8,274.2,1003.4
2009,11,11,-5.4,2.0,9.3,-4.1,66.5,6.5,255.8,1010.7
2009,11,12,-8.9,-2.0,8.0,-6.8,72.9,2.8,244.3,1008.0
2009,11,13,-8.0,-0.5,12.1,-9.6,58.9,2.1,118.9,1005.3
2009,11,14,-6.5,3.3,11.4,-2.2,71.0,4.5,83.8,1001.8
2009,11,15,8.5,9.8,11.0,9.2,96.3,5.9,199.5,991.2
2009,11,16,1.9,4.3,8.4,-1.9,65.1,16.0,271.3,994.4
2009,11,17,-5.9,1.7,7.4,-4.6,64.9,8.6,270.0,1005.8
2009,11,18,-9.0,-2.5,5.6,-5.7,80.1,5.2,232.9,1009.4
2009,11,19,-9.0,-1.6,9.0,-5.2,78.0,2.8,240.0,1005.6
2009,11,20,-1.9,3.8,7.5,2.1,89.1,8.8,165.9,990.6
2009,11,21,-0.1,4.2,6.3,1.6,83.5,11.8,266.3,993.7
2009,11,22,-4.1,-0.3,3.4,-3.0,82.5,4.2,127.6,1008.5
2009,11,23,-4.9,-0.4,6.6,-3.1,83.1,2.9,83.1,1011.7
2009,11,24,-5.7,1.5,6.9,-0.8,84.8,2.9,61.7,1005.7
2009,11,25,2.3,3.1,3.9,1.9,92.0,9.6,107.4,998.2
2009,11,26,2.8,4.4,6.8,3.8,96.2,3.0,110.0,990.8
2009,11,27,3.8,5.1,6.1,3.5,90.0,5.9,165.9,978.9
2009,11,28,0.6,3.6,5.6,-1.9,67.7,22.8,309.1,971.7
2009,11,29,-2.3,0.3,3.0,-6.2,62.5,13.7,269.0,985.1
2009,11,30,-4.4,-1.3,0.9,-4.0,82.3,6.0,220.0,982.6
2009,12,1,-6.9,-3.5,-0.4,-5.3,87.7,2.9,177.3,988.2
2009,12,2,-5.4,-1.3,1.7,-3.2,86.9,4.8,174.4,994.6
2009,12,3,-0.6,2.2,5.1,0.5,88.2,10.0,84.3,979.9
2009,12,4,-0.9,1.3,4.0,-2.1,79.2,7.9,217.6,993.1
2009,12,5,-5.2,-2.4,0.1,-5.2,81.3,3.0,164.3,999.3
2009,12,6,-6.0,-2.7,0.6,-7.7,68.7,8.4,198.5,995.5
2009,12,7,-13.5,-8.4,-3.6,-12.2,74.8,3.6,252.7,1000.5
2009,12,8,-14.2,-9.3,-3.6,-13.4,73.0,6.0,286.4,1002.5
2009,12,9,-15.6,-8.9,-5.6,-12.5,75.4,18.7,69.1,990.7
2009,12,10,-8.0,-4.5,-1.2,-8.0,76.6,15.1,179.2,969.0
2009,12,11,-11.7,-9.6,-8.0,-15.2,64.2,23.0,260.8,981.3
2009,12,12,-16.1,-12.1,-8.7,-19.2,56.7,13.8,267.4,1001.0
2009,12,13,-14.2,-6.9,-3.1,-10.3,77.5,2.8,187.3,997.2
2009,12,14,-11.0,-5.0,-2.3,-7.9,80.3,5.1,170.6,995.2
2009,12,15,-6.4,-4.1,-3.0,-7.2,79.3,8.0,139.2,990.7
2009,12,16,-20.7,-15.7,-6.9,-23.1,53.6,15.4,292.9,996.5
2009,12,17,-22.9,-18.7,-15.0,-26.8,49.2,14.3,265.4,999.4
2009,12,18,-20.5,-16.4,-11.5,-24.3,51.2,13.1,237.5,999.4
2009,12,19,-20.7,-15.5,-9.0,-23.7,50.3,10.7,203.2,992.9
2009,12,20,-21.6,-13.3,-5.7,-19.5,61.8,7.3,274.7,987.9
2009,12,21,-10.9,-8.9,-6.6,-15.3,60.1,14.5,292.1,985.6
2009,12,22,-12.5,-10.8,-9.5,-14.6,73.8,11.8,231.3,992.3
2009,12,23,-12.5,-10.5,-8.6,-13.0,81.5,3.7,229.4,996.8
2009,12,24,-12.7,-7.3,-1.8,-9.7,82.9,3.1,219.2,1008.7
2009,12,25,-13.0,-6.5,-3.6,-9.3,80.3,8.2,167.2,1011.9
2009,12,26,-5.4,-4.3,-3.3,-8.0,75.2,14.1,84.2,1010.3
2009,12,27,-3.3,0.1,1.3,-1.9,86.0,9.0,107.4,992.6
2009,12,28,-6.0,-2.1,-0.1,-4.6,83.3,6.2,248.9,978.9
2009,12,29,-17.3,-13.2,-5.5,-20.5,54.9,21.5,308.1,986.6
2009,12,30,-21.0,-17.3,-14.8,-23.3,59.5,9.3,252.2,1002.9
2009,12,31,-14.7,-9.5,-5.1,-13.5,73.0,4.5,117.9,1000.5
2010,1,1,-7.8,-5.1,-3.6,-8.6,76.6,8.8,70.4,993.3
2010,1,2,-7.2,-5.0,-4.0,-9.1,73.6,6.2,139.3,984.4
2010,1,3,-3.0,0.9,3.2,-4.8,66.1,15.5,123.8,975.0
2010,1,4,-4.2,-1.5,2.8,-6.1,71.4,9.1,251.8,979.2
2010,1,5,-6.4,-4.9,-2.3,-7.7,80.8,11.0,230.0,980.9
2010,1,6,-5.0,-3.0,-1.0,-8.0,68.5,12.4,262.5,978.1
2010,1,7,-8.5,-4.6,-2.4,-11.1,60.5,15.7,282.5,983.2
2010,1,8,-12.7,-7.9,-2.4,-13.6,64.5,9.3,301.4,986.1
2010,1,9,-21.1,-14.6,-9.9,-23.3,48.5,13.4,290.0,995.2
2010,1,10,-26.7,-18.7,-14.1,-24.8,59.2,4.2,230.6,998.2
2010,1,11,-19.8,-12.2,-5.5,-17.6,64.5,7.2,288.5,993.3
2010,1,12,-17.3,-12.4,-8.5,-21.5,47.0,16.7,317.1,995.0
2010,1,13,-27.4,-19.1,-10.6,-27.0,50.7,5.6,216.4,997.6
2010,1,14,-28.5,-17.3,-8.6,-23.4,59.7,1.2,291.7,999.5
2010,1,15,-8.0,-3.1,1.0,-7.3,73.1,7.0,237.5,992.5
2010,1,16,-11.0,-2.8,1.0,-7.6,70.0,12.0,232.7,994.4
2010,1,17,-16.5,-11.3,-6.9,-20.1,48.2,9.8,63.5,1000.0
2010,1,18,-7.0,-5.2,-3.5,-11.5,61.6,6.8,96.7,991.3
2010,1,19,-5.4,-4.3,-2.8,-7.6,77.8,3.1,122.5,992.5
2010,1,20,-6.1,-3.3,-0.9,-6.9,76.5,5.9,139.5,993.9
2010,1,21,-7.8,-5.5,-3.0,-10.7,67.3,11.2,262.5,998.0
2010,1,22,-17.4,-10.1,-3.4,-14.6,70.5,6.4,184.2,999.6
2010,1,23,-22.7,-12.7,-4.0,-20.1,57.2,5.6,189.4,1003.6
2010,1,24,-15.5,-7.1,0.6,-14.6,56.9,4.8,138.8,999.2
2010,1,25,-2.6,2.7,6.9,-0.7,79.1,15.5,110.0,979.3
2010,1,26,-0.2,0.5,3.3,-2.2,81.8,14.6,226.7,973.4
2010,1,27,-10.3,-3.7,0.1,-7.3,76.3,6.3,236.1,988.4
2010,1,28,-8.9,-5.1,-3.5,-8.7,75.8,7.8,145.2,988.7
2010,1,29,-18.0,-15.2,-10.3,-21.8,57.5,18.7,276.7,989.8
2010,1,30,-23.9,-19.1,-14.4,-26.0,54.6,12.8,243.2,998.3
2010,1,31,-27.8,-19.8,-12.3,-25.6,60.3,5.4,245.4,992.0
2010,2,1,-20.0,-16.6,-13.8,-24.1,52.8,15.2,259.0,993.9
2010,2,2,-28.6,-21.6,-15.2,-29.6,49.2,5.7,268.2,1001.9
2010,2,3,-28.3,-17.4,-6.7,-24.1,56.6,4.0,222.3,996.9
2010,2,4,-20.6,-13.4,-10.1,-20.4,56.5,13.0,264.5,999.3
2010,2,5,-16.9,-13.2,-11.8,-21.7,49.1,13.3,285.4,1000.3
2010,2,6,-25.8,-15.2,-9.0,-23.1,51.3,8.8,323.3,994.4
2010,2,7,-10.8,-8.6,-6.3,-16.5,53.0,14.5,308.8,986.2
2010,2,8,-8.1,-5.9,-3.4,-12.0,62.0,14.3,265.4,986.0
2010,2,9,-10.1,-4.3,1.8,-9.3,69.2,11.0,234.1,991.6
2010,2,10,-17.6,-11.2,-3.0,-15.6,70.8,3.7,135.0,983.3
2010,2,11,-16.7,-6.6,-0.8,-11.7,67.6,5.6,230.7,980.8
2010,2,12,-8.5,-6.6,-4.3,-11.5,68.4,11.9,230.4,984.6
2010,2,13,-8.9,-5.5,-0.5,-10.3,69.4,14.6,232.9,976.8
2010,2,14,-6.6,-4.6,-2.2,-10.7,62.7,14.8,258.3,971.1
2010,2,15,-7.5,-5.8,-4.2,-10.3,70.2,9.5,234.8,979.6
2010,2,16,-6.7,-4.0,-1.1,-8.0,73.5,3.6,232.5,980.0
2010,2,17,-8.3,-3.1,0.3,-6.7,76.4,6.8,240.0,974.4
2010,2,18,-2.0,0.9,5.5,-3.9,71.2,14.7,264.2,971.0
2010,2,19,-4.7,-1.8,1.8,-4.9,79.7,12.9,247.0,977.7
2010,2,20,-3.0,-0.8,1.6,-5.6,70.3,13.6,280.4,986.3
2010,2,21,-5.3,-1.9,2.6,-5.8,75.2,9.7,240.4,988.2
2010,2,22,-3.6,-0.6,2.9,-3.0,84.0,4.2,155.6,993.8
2010,2,23,-0.8,1.5,3.4,-2.1,77.7,10.9,102.7,995.5
2010,2,24,0.3,0.9,1.7,-2.0,81.5,14.7,81.7,997.3
2010,2,25,-0.6,0.7,3.0,-1.9,83.1,25.5,72.6,991.0
2010,2,26,1.2,3.2,4.5,-3.3,63.1,26.0,69.2,983.2
2010,2,27,1.4,3.2,4.8,-2.1,68.2,20.8,69.2,983.6
2010,2,28,-0.4,0.9,2.9,-1.1,86.7,5.3,87.2,985.9
2010,3,1,-2.4,1.9,6.7,-3.0,72.0,9.3,147.9,987.8
2010,3,2,-7.6,-1.5,2.0,-5.4,75.4,4.5,135.8,993.8
2010,3,3,-9.3,-3.5,2.0,-7.6,74.7,4.3,160.8,991.0
2010,3,4,-10.1,-3.6,2.4,-8.4,71.8,4.8,159.2,991.8
2010,3,5,-14.1,-5.9,0.7,-12.2,66.0,3.9,165.0,1000.0
2010,3,6,-10.9,-1.7,8.1,-10.5,57.7,8.2,258.8,995.9
2010,3,7,-8.0,-0.8,4.9,-5.8,70.3,7.2,251.7,988.8
2010,3,8,-1.4,1.8,5.0,-7.7,52.5,18.9,277.5,984.3
2010,3,9,-5.6,-2.3,0.9,-10.7,53.2,16.6,311.3,992.1
2010,3,10,-11.9,-3.4,4.3,-10.5,60.9,8.4,248.4,996.3
2010,3,11,-6.1,-1.5,3.9,-9.0,58.6,7.1,91.5,1001.5
2010,3,12,-9.7,-0.7,7.1,-10.1,52.8,7.4,91.7,1005.7
2010,3,13,-7.8,2.0,9.6,-9.5,46.5,9.5,78.0,1005.2
2010,3,14,0.1,5.3,9.5,-11.2,30.6,11.5,72.2,1001.2
2010,3,15,-3.6,4.4,12.3,-9.1,43.2,9.7,135.9,998.1
2010,3,16,-6.5,3.9,13.9,-6.2,54.8,7.5,252.5,996.2
2010,3,17,-5.5,3.4,9.8,-5.2,57.1,8.8,222.5,989.2
2010,3,18,-1.2,5.3,9.1,-4.0,53.2,12.8,254.3,983.6
2010,3,19,-2.1,1.6,4.8,-4.6,64.0,6.2,92.5,987.7
2010,3,20,-2.7,2.7,6.4,-4.9,59.5,10.9,271.4,992.8
2010,3,21,-6.9,-2.2,3.9,-11.2,52.0,6.2,152.8,1001.6
2010,3,22,-7.6,0.4,8.6,-6.3,64.9,5.8,207.5,999.4
2010,3,23,-1.5,0.3,2.1,-5.3,70.1,17.7,63.0,992.6
2010,3,24,-7.4,-1.1,1.6,-3.4,84.8,8.6,272.9,983.9
2010,3,25,-11.1,-1.6,9.8,-7.5,67.1,12.6,233.3,987.0
2010,3,26,-15.5,-10.5,-6.4,-22.3,39.0,15.1,310.8,997.6
2010,3,27,-19.1,-9.8,-4.2,-20.2,44.9,5.8,200.0,1007.7
2010,3,28,-6.0,-0.2,5.1,-9.8,48.9,8.6,109.6,1001.3
2010,3,29,0.1,1.6,4.0,0.3,91.1,6.1,100.5,991.5
2010,3,30,-2.1,2.5,6.6,-1.5,76.7,9.9,132.6,996.6
2010,3,31,1.0,3.5,7.8,0.7,82.0,9.4,132.7,995.2
2010,4,1,-0.9,3.5,11.5,0.4,81.5,4.4,140.6,999.5
2010,4,2,-1.5,8.5,21.6,2.4,69.4,5.2,133.0,997.9
2010,4,3,0.7,12.5,25.4,5.4,66.0,3.9,215.4,993.9
2010,4,4,-1.0,10.0,17.6,-0.4,54.6,11.5,266.7,993.9
2010,4,5,-2.7,4.6,10.4,1.3,79.8,3.4,142.1,992.4
2010,4,6,4.8,9.5,14.8,3.2,67.2,7.7,204.3,989.8
2010,4,7,4.6,8.1,11.5,5.2,82.0,7.0,183.5,983.7
2010,4,8,-1.4,4.6,8.3,-5.5,49.0,14.6,102.5,991.1
2010,4,9,3.6,6.0,8.4,2.4,79.0,9.2,166.5,984.7
2010,4,10,2.3,5.2,8.7,-4.5,52.8,19.8,265.0,987.7
2010,4,11,1.3,5.5,10.3,-4.3,50.4,20.0,269.6,995.3
2010,4,12,-1.1,4.9,10.4,-6.0,46.6,13.7,297.1,1004.8
2010,4,13,-3.8,4.1,12.8,-8.2,45.7,6.5,193.5,1011.2
2010,4,14,-4.7,4.6,12.5,-7.6,46.6,10.0,260.0,1007.2
2010,4,15,-5.9,3.3,8.4,-5.8,53.7,8.1,139.4,1006.6
2010,4,16,2.3,4.9,8.0,-2.4,60.3,16.3,105.0,995.4
2010,4,17,-0.4,1.4,4.0,-1.0,85.4,12.1,120.5,988.7
2010,4,18,-1.1,2.4,5.8,0.7,89.0,3.6,178.6,989.5
2010,4,19,-1.9,6.2,14.4,2.4,78.5,4.9,190.8,992.8
2010,4,20,-0.8,9.4,17.6,-0.3,57.3,9.6,286.4,990.2
2010,4,21,1.2,8.5,16.0,-0.7,54.1,5.7,221.8,987.6
2010,4,22,3.1,7.5,12.5,2.9,73.0,5.8,141.1,986.3
2010,4,23,-999.0,3.5,-999.0,0.1,79.9,1.9,90.0,988.8
2010,4,24,-2.7,9.2,15.1,0.3,58.1,8.6,199.3,993.2
2010,4,25,-0.1,8.5,16.6,1.1,63.7,5.9,221.9,984.8
2010,4,26,-1.0,5.7,9.9,-3.2,55.1,10.6,132.1,977.8
2010,4,27,0.3,1.8,4.6,-3.7,71.6,7.5,72.5,977.8
2010,4,28,0.9,6.6,13.0,-2.6,56.4,13.6,271.5,977.0
2010,4,29,0.9,5.5,9.3,-4.1,50.1,17.6,280.0,980.6
2010,4,30,5.5,11.4,17.4,-1.8,41.1,19.6,297.5,983.9
2010,5,1,-1.6,11.3,20.6,-1.0,48.4,6.5,203.5,988.6
2010,5,2,7.7,16.2,22.9,11.1,72.6,3.3,198.0,985.8
2010,5,3,7.7,15.7,19.5,13.2,85.5,8.9,228.2,978.0
2010,5,4,2.0,12.3,19.6,6.7,71.5,8.0,219.5,983.1
2010,5,5,5.7,12.7,17.2,7.0,69.9,6.6,111.9,988.4
2010,5,6,6.7,10.6,17.8,8.2,85.5,10.5,207.6,980.7
2010,5,7,3.5,6.4,10.7,-0.8,60.4,16.6,283.3,990.0
2010,5,8,-2.0,4.1,7.1,0.6,79.1,8.0,96.0,979.9
2010,5,9,1.6,4.6,6.5,-0.1,72.6,17.0,289.5,981.4
2010,5,10,-3.2,1.4,5.6,-5.5,61.0,14.6,315.7,999.7
2010,5,11,-6.3,5.3,14.2,-4.5,54.8,7.8,232.2,1005.7
2010,5,12,-2.7,5.2,12.1,-3.4,57.2,6.6,162.5,1003.9
2010,5,13,-4.4,7.9,18.0,-4.5,48.6,10.2,287.1,1002.2
2010,5,14,3.4,10.2,16.3,1.5,56.9,4.6,146.4,995.4
2010,5,15,3.1,9.7,16.3,4.7,73.4,6.7,153.7,994.0
2010,5,16,-1.7,11.6,19.7,-4.0,42.5,16.7,334.4,997.7
2010,5,17,0.1,12.9,22.6,1.6,49.7,5.8,133.1,1000.2
2010,5,18,4.4,16.0,25.9,3.6,50.6,8.3,175.2,997.1
2010,5,19,5.9,15.4,23.8,6.0,58.0,5.2,230.7,993.4
2010,5,20,6.7,15.6,22.8,4.0,52.5,13.1,284.4,990.4
2010,5,21,1.1,11.4,19.4,-2.2,42.3,7.5,205.3,1001.7
2010,5,22,2.6,16.2,25.5,4.0,50.2,5.2,243.1,1002.3
2010,5,23,8.9,19.5,27.4,11.0,61.3,9.8,234.1,1001.9
2010,5,24,10.5,20.8,29.2,13.9,67.3,7.9,215.0,1001.8
2010,5,25,13.0,21.4,31.5,17.4,78.6,6.8,204.7,998.0
2010,5,26,12.5,20.7,27.9,12.7,63.2,10.0,191.7,991.4
2010,5,27,5.6,13.2,19.0,5.4,62.7,8.5,127.9,994.1
2010,5,28,3.1,13.6,19.2,5.8,61.6,7.9,152.3,995.6
2010,5,29,10.1,16.5,24.2,9.0,63.4,7.9,275.3,989.5
2010,5,30,9.6,14.5,19.9,0.5,42.4,14.9,299.5,989.0
2010,5,31,0.5,11.7,17.6,1.5,52.0,5.6,199.0,994.7
2010,6,1,10.8,13.3,17.3,11.1,86.7,5.9,119.4,987.4
2010,6,2,12.3,15.7,18.6,12.8,83.1,4.7,180.0,987.1
2010,6,3,12.1,14.1,15.2,10.7,80.6,7.3,127.5,986.8
2010,6,4,8.5,16.4,22.6,10.8,72.7,7.1,233.8,988.0
2010,6,5,9.2,12.7,16.4,8.6,76.9,7.1,116.7,984.0
2010,6,6,10.0,11.2,12.8,9.0,87.0,4.4,133.2,981.6
2010,6,7,7.8,12.5,17.3,6.4,67.6,12.3,270.0,984.4
2010,6,8,6.1,12.0,17.5,4.7,63.6,10.3,276.5,993.6
2010,6,9,3.5,14.2,20.9,4.1,55.5,5.6,222.9,995.6
2010,6,10,7.6,15.4,21.9,6.3,57.7,8.5,122.9,991.9
2010,6,11,5.0,15.7,22.5,8.9,66.9,8.4,215.0,997.7
2010,6,12,11.7,17.1,22.5,11.1,70.2,4.7,171.3,997.2
2010,6,13,10.4,17.2,23.7,10.0,65.3,5.3,218.9,993.6
2010,6,14,8.3,14.8,21.2,7.5,63.4,8.2,210.5,990.1
2010,6,15,0.6,13.0,21.8,-1.0,44.5,9.4,276.3,998.0
2010,6,16,3.7,14.4,22.2,5.1,58.2,4.6,184.1,996.2
2010,6,17,12.9,19.4,27.5,11.0,60.9,9.0,151.9,989.5
2010,6,18,11.1,20.9,28.5,12.3,60.7,10.2,234.8,993.0
2010,6,19,14.2,21.1,27.7,14.6,68.6,7.6,230.0,991.6
2010,6,20,13.6,21.4,26.6,15.0,69.5,8.9,249.0,988.6
2010,6,21,10.2,18.9,25.3,6.2,49.3,9.5,286.8,994.2
2010,6,22,7.7,19.0,26.5,6.7,48.7,5.3,177.5,998.1
2010,6,23,16.1,20.1,23.0,13.3,65.2,6.6,150.9,990.7
2010,6,24,11.4,18.9,22.1,14.5,76.9,8.3,254.7,982.8
2010,6,25,7.5,15.7,21.5,7.1,59.7,10.4,267.2,992.2
2010,6,26,10.4,16.4,21.6,8.7,63.7,8.5,291.7,989.1
2010,6,27,7.3,15.9,23.5,8.3,62.3,9.0,204.3,986.5
2010,6,28,13.6,14.6,15.7,10.8,78.3,8.2,103.3,980.5
2010,6,29,10.6,14.5,18.8,11.5,82.2,6.2,222.9,986.4
2010,6,30,8.8,11.6,15.3,7.6,77.3,8.9,241.6,991.8
2010,7,1,4.7,11.7,17.4,6.8,73.3,8.3,260.5,995.0
2010,7,2,8.4,17.6,24.5,7.8,56.2,10.6,254.5,998.4
2010,7,3,14.9,20.8,26.8,13.8,66.3,9.3,237.1,992.5
2010,7,4,18.5,21.9,26.0,16.2,70.5,8.3,231.4,990.2
2010,7,5,18.3,24.2,30.2,18.3,70.5,7.3,198.3,990.6
2010,7,6,21.2,26.0,31.4,19.1,68.4,6.4,188.0,994.6
2010,7,7,20.8,27.0,32.6,20.3,68.9,8.0,224.7,994.7
2010,7,8,18.8,25.6,31.9,18.0,65.1,8.0,173.2,994.0
2010,7,9,20.5,23.8,29.6,19.1,76.4,5.8,204.2,990.7
2010,7,10,18.3,23.4,28.3,16.9,69.5,7.2,258.9,989.5
2010,7,11,15.6,22.9,29.7,13.6,59.3,6.5,120.9,991.3
2010,7,12,15.5,23.1,29.6,14.7,61.7,7.1,211.0,990.8
2010,7,13,18.8,20.8,24.9,16.7,78.3,5.2,168.4,993.5
2010,7,14,16.2,21.9,27.7,15.7,70.0,5.5,156.5,995.6
2010,7,15,16.0,23.0,29.6,14.6,61.0,6.6,154.0,996.3
2010,7,16,19.2,22.2,25.2,18.4,79.0,7.2,196.1,987.6
2010,7,17,18.9,22.8,27.4,17.0,71.3,13.7,230.0,983.8
2010,7,18,15.1,20.1,24.7,14.2,70.1,10.8,257.1,985.9
2010,7,19,12.9,17.4,21.6,13.8,79.8,4.3,234.2,988.9
2010,7,20,14.2,19.7,26.1,11.7,64.5,6.1,225.9,992.7
2010,7,21,11.9,18.6,26.8,12.7,71.0,4.5,184.7,991.2
2010,7,22,11.6,20.0,27.9,10.4,59.4,7.8,291.3,989.0
2010,7,23,9.7,18.7,25.6,8.9,55.5,4.1,191.3,993.1
2010,7,24,17.8,20.3,22.9,14.4,69.3,5.4,130.5,988.5
2010,7,25,14.8,19.7,23.7,12.4,65.0,11.3,271.8,985.2
2010,7,26,11.3,18.7,24.9,8.9,54.8,14.7,287.3,988.0
2010,7,27,7.9,19.7,28.4,11.1,61.8,8.0,228.3,992.9
2010,7,28,15.2,20.2,26.5,15.2,74.8,8.3,229.3,987.9
2010,7,29,12.5,16.6,19.1,10.1,66.3,12.1,282.6,988.0
2010,7,30,7.9,14.3,18.4,9.1,71.6,6.0,224.0,992.7
2010,7,31,6.7,15.6,22.6,7.0,60.7,4.7,208.1,995.1
2010,8,1,8.6,17.4,25.0,8.1,58.7,5.4,235.6,997.5
2010,8,2,12.5,20.1,26.7,12.5,62.8,7.5,140.9,997.2
2010,8,3,17.9,20.1,23.8,17.0,82.8,4.2,237.9,993.2
2010,8,4,19.1,21.6,26.7,18.1,81.3,7.5,160.6,985.5
2010,8,5,16.7,20.9,27.4,17.2,80.3,6.7,273.3,979.9
2010,8,6,7.8,15.4,19.1,7.8,63.8,12.3,273.3,982.2
2010,8,7,2.2,12.1,17.9,3.9,60.6,7.1,248.8,991.0
2010,8,8,8.5,16.3,21.8,11.5,74.3,8.1,216.7,991.9
2010,8,9,14.9,20.1,25.4,15.7,77.2,8.8,231.0,991.3
2010,8,10,11.4,18.2,25.4,13.5,75.5,6.5,248.9,991.1
2010,8,11,11.3,16.9,22.8,10.0,66.3,6.2,125.6,993.9
2010,8,12,10.0,16.7,22.9,7.5,58.1,6.5,116.7,996.6
2010,8,13,10.8,18.0,25.8,8.4,56.2,6.3,92.0,998.1
2010,8,14,13.9,20.1,25.2,13.6,66.8,5.6,160.0,997.8
2010,8,15,15.7,21.9,28.0,15.0,67.2,4.8,198.1,994.2
2010,8,16,17.1,19.5,23.2,16.7,83.7,4.5,151.8,989.6
2010,8,17,13.2,18.2,22.7,13.2,74.2,7.2,255.6,992.2
2010,8,18,9.8,16.4,23.1,10.9,72.1,5.3,190.6,995.5
2010,8,19,8.9,17.4,24.5,11.4,70.0,5.8,219.3,990.6
2010,8,20,10.3,15.7,21.4,7.2,59.2,13.8,268.3,993.3
2010,8,21,5.6,14.4,21.9,8.7,70.2,6.8,214.4,996.8
2010,8,22,11.6,15.2,17.4,11.0,76.3,6.6,83.6,999.7
2010,8,23,12.4,18.1,23.1,11.6,67.7,9.7,104.8,1002.3
2010,8,24,10.3,17.4,24.7,10.4,66.3,4.4,164.4,1000.7
2010,8,25,10.7,15.8,19.7,11.5,76.3,5.9,98.4,995.6
2010,8,26,14.7,16.8,21.6,14.1,84.4,6.3,222.2,989.9
2010,8,27,10.1,15.1,20.9,9.9,73.0,8.0,265.0,995.6
2010,8,28,11.1,16.5,22.3,14.2,86.9,5.5,233.0,997.0
2010,8,29,15.6,22.3,29.1,17.3,75.5,10.1,225.7,996.7
2010,8,30,13.9,21.0,29.1,16.8,79.4,7.2,221.1,997.4
2010,8,31,14.9,23.1,30.7,18.2,76.1,7.5,245.0,994.7
2010,9,1,17.6,23.8,31.1,19.2,77.4,7.7,237.1,992.0
2010,9,2,19.6,22.5,25.0,18.6,79.3,5.4,238.0,990.9
2010,9,3,17.2,19.6,23.9,16.7,83.8,8.0,115.8,985.4
2010,9,4,13.9,17.5,22.4,13.6,79.1,12.0,187.1,975.6
2010,9,5,10.9,12.6,15.3,9.0,79.4,15.9,229.6,984.2
2010,9,6,6.0,13.5,19.7,9.4,78.5,10.8,222.3,995.5
2010,9,7,13.3,15.2,17.2,14.4,95.0,6.2,188.2,994.2
2010,9,8,11.4,14.1,16.0,13.3,94.9,7.7,128.6,983.4
2010,9,9,11.1,12.3,15.1,10.7,90.1,3.5,116.7,985.1
2010,9,10,9.1,12.9,18.5,10.1,84.6,4.1,157.5,990.0
2010,9,11,4.2,12.2,18.8,7.2,73.8,7.5,122.4,996.6
2010,9,12,3.9,11.4,15.6,8.2,81.0,8.6,93.6,997.3
2010,9,13,11.5,12.7,14.6,11.8,94.5,5.1,118.5,990.7
2010,9,14,8.0,12.5,15.6,10.8,89.9,6.5,205.2,987.8
2010,9,15,6.2,10.6,13.9,6.5,77.1,10.3,295.3,992.9
2010,9,16,1.8,8.1,12.1,6.0,87.4,4.7,198.1,995.4
2010,9,17,3.7,10.8,18.3,5.3,71.8,5.9,162.8,995.5
2010,9,18,1.8,10.5,18.1,6.8,80.5,5.7,239.3,999.7
2010,9,19,4.2,12.1,18.1,7.2,75.5,5.5,215.6,997.6
2010,9,20,0.2,8.2,15.9,2.8,73.0,7.1,290.0,996.9
2010,9,21,0.8,6.4,9.6,4.8,89.7,6.0,221.8,994.8
2010,9,22,8.7,14.4,19.9,10.3,78.0,10.7,262.7,988.9
2010,9,23,3.3,9.4,14.3,4.1,71.5,6.6,241.1,1001.3
2010,9,24,7.6,8.5,9.2,7.1,91.3,9.7,107.7,992.9
2010,9,25,7.5,9.1,11.6,8.3,95.0,9.8,113.9,987.8
2010,9,26,6.2,9.3,11.5,5.2,75.8,10.9,83.8,1002.0
2010,9,27,9.2,12.7,17.7,10.1,84.9,5.2,116.7,999.2
2010,9,28,13.5,14.9,18.4,14.3,96.0,3.7,101.3,986.2
2010,9,29,13.2,14.8,15.9,12.7,87.7,9.4,213.2,988.6
2010,9,30,10.7,13.8,16.6,12.9,94.3,4.8,110.0,989.5
2010,10,1,9.6,13.5,16.0,11.9,90.5,7.0,271.4,985.3
2010,10,2,2.3,8.2,12.1,3.6,74.1,11.0,280.5,991.8
2010,10,3,0.4,6.6,13.2,1.2,71.3,6.1,135.0,1004.1
2010,10,4,1.1,7.1,14.7,2.0,73.0,6.1,96.2,1006.5
2010,10,5,-1.8,8.9,19.4,2.1,67.8,4.4,184.0,1001.6
2010,10,6,2.5,10.0,14.8,4.4,70.2,8.8,86.8,997.3
2010,10,7,8.4,9.5,13.2,6.1,80.4,13.3,238.8,976.8
2010,10,8,3.7,8.8,13.8,0.8,58.5,15.0,272.5,981.3
2010,10,9,3.6,6.0,8.3,-2.7,53.9,17.8,297.9,989.2
2010,10,10,0.0,6.2,11.1,-0.4,64.0,11.8,256.2,983.9
2010,10,11,2.4,6.2,11.0,-0.4,63.5,10.8,287.3,986.2
2010,10,12,1.1,6.7,12.1,2.0,73.2,6.8,265.0,989.5
2010,10,13,-0.8,6.3,12.7,1.6,73.5,7.9,275.7,994.6
2010,10,14,-0.2,6.1,10.2,3.1,81.6,5.5,80.0,993.6
2010,10,15,5.0,7.3,9.1,3.4,76.8,19.0,44.6,982.3
2010,10,16,4.1,7.4,10.5,2.3,71.0,12.1,197.8,983.9
2010,10,17,1.4,5.2,11.1,2.0,80.8,12.5,261.0,983.3
2010,10,18,-1.2,4.0,6.7,-3.2,59.9,16.3,279.6,985.6
2010,10,19,-4.6,1.7,8.0,-2.9,73.5,5.0,223.8,987.6
2010,10,20,-0.1,6.5,11.1,0.0,66.6,6.8,204.1,985.7
2010,10,21,1.2,5.2,8.1,2.2,82.0,7.0,166.7,977.6
2010,10,22,-0.1,2.5,5.9,-2.2,72.0,17.0,260.0,984.0
2010,10,23,-1.8,2.7,5.7,-4.1,61.5,14.6,285.4,994.5
2010,10,24,-6.4,0.0,7.5,-4.1,75.7,3.0,216.0,999.6
2010,10,25,0.2,2.9,4.1,1.3,89.3,6.1,87.3,992.1
2010,10,26,3.9,5.7,10.5,4.8,94.1,9.5,112.1,991.7
2010,10,27,2.5,10.8,16.9,8.6,87.3,8.7,146.2,987.5
2010,10,28,-1.2,6.3,14.2,3.2,82.2,6.8,198.8,983.6
2010,10,29,0.8,4.8,7.5,1.3,78.5,9.2,256.1,988.5
2010,10,30,-3.5,-0.2,3.0,-6.2,65.4,10.1,269.4,987.0
2010,10,31,-5.2,-0.7,2.1,-6.1,67.8,9.1,255.5,989.0
2010,11,1,-1.6,2.3,5.8,-4.5,62.0,10.8,264.1,1002.4
2010,11,2,-5.4,1.0,7.0,-5.1,65.0,6.3,260.6,1007.6
2010,11,3,-7.2,-2.7,4.8,-4.8,85.8,2.2,252.5,999.6
2010,11,4,-6.1,0.0,4.3,-2.2,85.7,4.7,49.3,990.2
2010,11,5,2.4,3.6,4.8,2.4,91.9,8.6,130.5,978.1
2010,11,6,0.2,2.7,5.3,-0.4,81.0,7.8,235.8,998.3
2010,11,7,-3.3,-0.4,2.7,-2.9,83.7,4.3,218.7,1004.0
2010,11,8,-1.8,2.6,6.2,1.4,91.4,3.7,190.6,992.3
2010,11,9,-2.7,3.8,8.6,1.5,85.9,3.7,156.2,997.6
2010,11,10,-6.8,-0.6,7.1,-3.9,80.2,3.6,182.5,1007.4
2010,11,11,-7.3,-1.0,8.3,-5.0,76.9,2.3,184.0,1013.8
2010,11,12,-5.9,0.8,11.5,-6.0,67.3,2.6,200.0,1009.7
2010,11,13,-4.5,1.7,10.4,-2.6,75.1,4.1,169.2,1003.5
2010,11,14,2.5,4.0,7.1,-4.6,53.8,12.0,96.1,999.9
2010,11,15,-1.9,2.9,7.2,0.1,82.5,3.0,140.0,995.6
2010,11,16,-1.3,2.8,8.2,0.5,85.4,3.0,140.0,997.1
2010,11,17,2.6,4.6,6.5,2.9,89.0,15.5,98.6,979.6
2010,11,18,-1.6,2.1,4.1,-2.6,72.0,19.2,277.5,986.0
2010,11,19,-9.1,-4.2,-1.5,-10.5,62.6,9.9,299.5,998.5
2010,11,20,-7.3,-3.7,0.9,-7.4,75.7,10.8,249.0,992.3
2010,11,21,-16.6,-7.9,-2.6,-13.2,67.2,6.5,250.0,1011.7
2010,11,22,-6.8,-2.8,-0.8,-5.0,85.0,7.2,94.3,1001.9
2010,11,23,-0.8,0.8,2.1,0.0,94.2,7.0,123.3,987.7
2010,11,24,-6.1,-2.4,1.4,-8.0,66.0,18.5,292.1,992.5
2010,11,25,-8.7,-5.7,-1.3,-10.7,68.7,10.0,266.7,997.8
2010,11,26,-8.0,-4.4,-1.0,-6.9,82.9,8.6,142.3,978.9
2010,11,27,-7.5,-3.6,-1.1,-5.8,85.2,5.5,257.3,978.2
2010,11,28,-9.9,-5.6,-2.4,-7.8,85.0,7.8,250.4,999.5
2010,11,29,-10.3,-4.5,0.2,-6.7,84.6,2.9,245.5,1010.9
2010,11,30,-10.3,-3.1,2.2,-5.1,86.4,4.9,106.3,1007.8
2010,12,1,2.5,3.4,4.3,1.8,89.7,17.7,87.9,994.1
2010,12,2,-0.5,0.6,2.0,-0.7,91.4,8.3,214.2,992.1
2010,12,3,-2.2,-0.1,2.3,-1.6,89.6,3.9,243.5,993.1
2010,12,4,-3.0,-0.3,0.8,-1.6,91.2,6.8,241.4,983.8
2010,12,5,-6.1,-4.9,-3.3,-6.9,86.0,9.2,228.3,979.0
2010,12,6,-6.1,-3.5,0.0,-5.6,85.2,11.4,245.2,966.1
2010,12,7,-6.0,-4.3,-3.6,-6.3,86.2,19.0,229.6,965.6
2010,12,8,-10.6,-8.4,-6.4,-11.2,80.5,12.6,235.4,981.6
2010,12,9,-18.8,-11.9,-8.9,-15.1,77.9,8.8,235.7,997.3
2010,12,10,-25.8,-16.4,-9.9,-19.8,77.0,2.1,73.8,1005.1
2010,12,11,-17.4,-8.8,-3.8,-11.2,82.8,4.0,156.3,999.9
2010,12,12,-18.2,-5.4,2.5,-8.2,80.3,16.2,73.5,993.3
2010,12,13,0.3,3.4,6.8,1.9,89.8,10.8,152.7,967.4
2010,12,14,-11.5,-8.6,-1.5,-11.5,80.0,10.0,218.3,973.9
2010,12,15,-18.4,-13.1,-10.1,-15.5,82.6,9.5,243.0,978.3
2010,12,16,-20.8,-16.1,-10.6,-18.9,79.0,2.1,313.3,984.9
2010,12,17,-22.7,-15.3,-11.3,-18.4,77.2,4.1,219.2,989.4
2010,12,18,-17.7,-10.4,-6.0,-13.3,79.1,1.4,197.5,996.4
2010,12,19,-19.6,-11.4,-5.7,-14.2,79.8,3.4,203.6,997.0
2010,12,20,-20.0,-12.4,-6.7,-15.5,77.7,2.7,290.8,993.8
2010,12,21,-9.8,-3.5,0.3,-5.8,83.6,1.7,175.6,991.9
2010,12,22,-2.7,-0.8,0.8,-4.2,78.0,4.1,182.9,988.4
2010,12,23,-8.5,-2.2,1.4,-8.5,62.4,11.5,131.4,990.9
2010,12,24,-19.3,-11.6,-3.6,-15.9,71.3,4.3,230.9,995.9
2010,12,25,-18.3,-13.2,-5.4,-18.3,66.3,2.8,258.3,996.6
2010,12,26,-21.5,-14.7,-7.2,-19.6,66.9,2.1,92.0,997.0
2010,12,27,-12.4,-9.1,-6.1,-16.1,56.8,16.7,180.0,979.3
2010,12,28,-11.7,-9.6,-6.0,-17.6,52.3,15.6,316.3,980.6
2010,12,29,-16.2,-9.2,-3.3,-15.8,60.4,7.0,232.8,991.2
2010,12,30,-12.6,-5.6,-2.0,-8.6,79.7,6.8,245.0,996.7
2010,12,31,-3.3,-1.2,0.8,-3.5,84.5,3.3,235.7,995.2
