Year,Month,Day,Tmin,Tair,Tmax,Prcp,Tdew,RelH,WndS,WndD
2007,1,1,-6.7,-3.0,0.8,4.2,-3.3,95.0,14.1,107.1
2007,1,2,-7.4,-2.4,2.7,2.6,-6.4,73.9,17.2,268.7
2007,1,3,-8.7,-3.1,2.6,0.0,-5.1,84.2,8.5,250.0
2007,1,4,-1.5,2.5,6.5,0.0,-0.1,85.6,8.7,244.6
2007,1,5,2.3,4.1,5.8,7.9,3.3,95.4,7.8,246.1
2007,1,6,1.8,4.2,6.6,20.7,3.1,98.4,16.9,135.8
2007,1,7,-1.0,1.2,3.4,0.0,-3.4,70.1,18.8,242.7
2007,1,8,-1.6,0.8,3.1,18.5,-0.8,93.5,27.4,101.3
2007,1,9,-2.6,-0.4,1.9,0.0,-2.8,80.3,23.5,245.4
2007,1,10,-13.3,-7.9,-2.5,0.0,-12.6,69.3,20.7,253.8
2007,1,11,-13.5,-10.1,-6.6,0.0,-15.4,71.3,14.5,212.9
2007,1,12,-6.6,-2.2,2.2,3.9,-3.1,90.6,11.0,247.1
2007,1,13,-11.9,-4.9,2.2,1.2,-10.5,67.3,14.3,207.5
2007,1,14,-11.9,-8.9,-5.8,0.0,-13.5,70.5,11.8,270.0
2007,1,15,-12.1,-10.2,-8.2,4.3,-12.4,80.6,26.3,131.7
2007,1,16,-22.0,-15.6,-9.2,1.1,-19.2,63.5,17.6,235.4
2007,1,17,-24.7,-21.8,-18.8,0.0,-27.3,61.0,17.6,246.7
2007,1,18,-20.2,-14.5,-8.7,1.0,-16.6,81.7,6.2,241.7
2007,1,19,-10.7,-6.3,-1.9,0.0,-7.7,83.6,9.0,181.7
2007,1,20,-17.5,-11.3,-5.1,0.0,-17.7,60.2,26.0,257.5
2007,1,21,-19.3,-16.0,-12.7,0.0,-21.6,64.0,22.4,235.4
2007,1,22,-16.6,-12.7,-8.8,-999.0,-17.6,68.8,12.1,242.9
2007,1,23,-15.3,-11.0,-6.7,0.0,-13.8,76.7,9.5,250.4
2007,1,24,-17.0,-11.0,-5.0,3.5,-12.7,72.9,14.3,195.8
2007,1,25,-22.7,-18.1,-13.4,0.0,-24.2,57.3,14.2,251.3
2007,1,26,-25.1,-21.8,-18.4,0.0,-28.2,55.8,20.4,247.9
2007,1,27,-23.6,-18.9,-14.1,0.0,-23.8,65.2,19.2,244.2
2007,1,28,-18.3,-13.5,-8.7,0.0,-18.9,67.3,8.1,268.7
2007,1,29,-19.6,-15.2,-10.8,0.0,-20.1,67.5,12.5,201.7
2007,1,30,-22.7,-19.4,-16.0,0.0,-24.8,60.3,17.6,250.0
2007,1,31,-22.6,-999.0,-19.4,-999.0,-999.0,-999.0,-999.0,-999.0
2007,3,1,-15.8,-10.3,-4.8,0.0,-16.1,62.3,8.6,200.4
2007,3,2,-12.5,-7.9,-3.3,11.2,-9.2,86.8,38.7,58.8
2007,3,3,-6.6,-2.5,1.6,5.1,-2.8,94.4,9.0,127.1
2007,3,4,-5.4,-2.0,1.5,0.0,-4.1,83.0,18.5,245.0
2007,3,5,-18.2,-10.2,-2.2,1.1,-12.0,68.0,17.0,257.9
2007,3,6,-23.0,-19.1,-15.1,0.0,-29.1,41.8,25.7,276.3
2007,3,7,-24.0,-18.3,-12.5,0.0,-24.8,53.1,20.5,250.0
2007,3,8,-24.2,-20.0,-15.8,0.0,-29.2,39.8,21.1,285.8
2007,3,9,-21.4,-15.5,-9.6,0.0,-24.7,44.5,19.4,241.3
2007,3,10,-10.0,-4.3,1.4,2.2,-7.4,78.3,5.5,133.8
2007,3,11,-0.5,2.4,5.2,0.0,-1.3,78.7,15.2,247.5
2007,3,12,-3.2,0.7,4.5,0.0,-3.3,73.1,12.1,250.8
2007,3,13,-2.0,-0.9,0.2,1.5,-2.2,92.2,19.1,65.8
2007,3,14,-1.2,2.2,5.6,17.6,2.3,99.2,6.1,220.4
2007,3,15,1.3,-0.9,4.9,-999.0,-6.1,71.5,16.0,272.1
2007,3,16,-12.9,-9.3,-6.9,-999.0,-15.2,62.8,25.5,77.5
2007,3,17,-8.2,-6.0,-3.7,12.4,-6.7,93.6,37.6,89.6
2007,3,18,-8.7,-5.9,-3.0,1.2,-9.8,71.0,19.9,259.6
2007,3,19,-12.7,-7.9,-3.0,1.2,-14.5,57.7,17.0,185.8
2007,3,20,-12.6,-6.8,-0.9,4.5,-11.3,67.9,20.6,237.5
2007,3,21,-16.3,-9.4,-2.5,0.0,-17.6,49.5,7.0,229.1
2007,3,22,-6.1,0.2,6.5,10.9,-0.8,89.5,9.3,224.2
2007,3,23,-2.1,1.4,4.9,0.0,-3.4,63.7,16.5,265.4
2007,3,24,-6.2,-3.1,0.1,0.0,-6.3,75.1,12.6,125.4
2007,3,25,-6.5,-0.3,5.9,0.0,-4.5,79.1,8.4,92.9
2007,3,26,-2.1,1.3,4.7,0.0,-1.5,83.4,4.8,138.3
2007,3,27,0.8,4.3,7.7,0.0,2.9,91.5,12.2,220.0
2007,3,28,-2.8,0.6,4.0,0.0,-10.6,44.3,24.0,311.3
2007,3,29,-4.2,2.2,8.5,0.0,-12.0,34.6,13.2,272.1
2007,3,30,-2.6,2.9,8.4,0.0,-8.6,42.1,20.5,285.4
2007,3,31,-5.4,-0.6,4.2,0.0,-11.3,43.5,17.7,266.3
2007,4,1,-4.9,-0.6,3.7,0.0,-4.6,71.4,12.9,118.8
2007,4,2,-0.6,0.6,1.7,16.3,0.0,95.0,26.2,65.0
2007,4,3,0.2,1.2,2.1,8.3,0.5,97.6,26.4,54.6
2007,4,4,-0.7,0.4,1.4,5.4,-1.3,89.3,30.0,58.8
2007,4,5,-1.1,-0.3,0.6,8.3,-0.5,98.4,21.0,80.4
2007,4,6,-4.1,-2.4,-0.7,1.0,-5.0,80.1,25.0,242.1
2007,4,7,-4.7,-2.1,0.6,0.0,-7.4,68.9,14.8,241.3
2007,4,8,-4.3,-1.3,1.7,0.0,-5.0,74.2,22.7,247.9
2007,4,9,0.2,1.7,3.1,0.0,-4.3,65.5,21.8,260.4
2007,4,10,-2.4,0.4,3.1,0.0,-6.6,58.3,15.9,295.8
2007,4,11,-4.8,0.8,6.3,0.0,-8.4,50.4,14.3,250.8
2007,4,12,-2.9,0.3,3.5,-999.0,-3.0,77.8,18.3,79.6
2007,4,13,0.7,2.1,3.5,0.0,0.7,92.8,19.7,68.3
2007,4,14,0.6,3.3,5.9,0.0,-0.8,76.8,10.0,138.3
2007,4,15,0.5,1.9,3.3,9.6,0.4,89.5,22.0,62.5
2007,4,16,0.5,1.6,2.9,-999.0,0.7,93.7,58.8,58.3
2007,4,17,1.0,2.5,3.8,-999.0,0.2,85.2,46.7,69.2
2007,4,18,2.1,4.3,6.5,0.0,-0.3,76.4,27.9,68.8
2007,4,19,-0.4,4.1,8.5,0.0,-0.5,71.4,17.3,100.8
2007,4,20,-0.3,10.5,21.2,0.0,-0.4,56.2,10.4,190.9
2007,4,21,2.5,6.9,11.2,0.0,0.3,66.5,10.3,130.4
2007,4,22,0.6,9.5,18.3,0.0,1.1,58.0,7.1,216.1
2007,4,23,7.4,16.4,25.3,7.2,5.6,49.0,17.8,244.3
2007,4,24,2.8,7.9,12.9,0.0,-2.7,49.4,22.1,294.6
2007,4,25,0.3,5.9,11.5,0.0,-8.6,37.0,15.0,270.8
2007,4,26,1.0,8.5,15.9,-999.0,-6.0,37.8,14.1,230.8
2007,4,27,5.2,6.9,8.6,2.8,3.5,80.0,17.1,70.0
2007,4,28,4.9,5.9,6.8,0.0,4.2,89.7,23.8,67.5
2007,4,29,4.8,5.4,5.9,0.0,4.9,96.1,23.6,95.4
2007,4,30,4.9,6.2,7.4,10.8,5.8,97.9,15.4,99.2
2007,5,1,2.9,7.4,11.9,0.0,1.0,63.8,14.7,280.4
2007,5,2,1.6,6.8,11.9,0.0,-1.5,55.8,15.7,290.8
2007,5,3,2.2,7.9,13.6,0.0,-6.5,36.8,21.1,300.8
2007,5,4,3.2,9.6,16.0,0.0,-3.1,40.3,16.9,307.9
2007,5,5,2.8,6.1,9.4,0.2,1.5,69.0,15.8,157.9
2007,5,6,0.6,8.4,16.2,-999.0,-2.3,50.6,9.4,166.4
2007,5,7,6.7,13.9,21.1,0.0,-2.4,33.5,22.0,245.0
2007,5,8,12.6,19.1,25.6,0.0,2.0,32.5,21.2,234.6
2007,5,9,11.0,19.4,27.7,0.0,6.7,48.8,10.7,155.0
2007,5,10,11.2,13.6,15.9,0.0,8.1,70.5,19.2,123.3
2007,5,11,5.8,14.4,22.9,0.0,7.2,60.9,16.8,260.0
2007,5,12,4.3,9.8,15.3,0.0,-3.5,42.9,14.1,193.8
2007,5,13,4.2,9.0,13.8,0.0,-8.0,30.5,12.8,302.1
2007,5,14,4.6,13.2,21.8,0.0,-1.8,37.3,15.3,179.6
2007,5,15,8.7,11.8,14.8,1.0,7.6,78.9,11.2,240.8
2007,5,16,5.2,8.6,12.0,0.2,-1.8,51.8,37.3,63.3
2007,5,17,4.0,6.5,8.9,4.0,3.0,79.2,25.8,77.1
2007,5,18,4.0,8.3,12.5,0.0,2.8,70.6,9.9,95.4
2007,5,19,3.0,10.5,17.9,0.0,4.9,71.3,11.1,110.9
2007,5,20,4.5,6.7,8.8,22.4,5.6,90.5,27.6,71.7
2007,5,21,4.0,10.5,16.9,0.4,1.2,59.9,13.0,234.6
2007,5,22,5.7,9.3,12.8,0.0,3.4,64.9,16.9,105.4
2007,5,23,7.7,12.5,17.2,0.0,6.5,70.4,10.6,79.1
2007,5,24,12.9,22.0,31.1,27.2,10.4,50.4,16.1,240.0
2007,5,25,17.6,25.0,32.3,0.0,13.1,52.0,16.6,241.3
2007,5,26,12.0,17.7,23.4,0.0,4.9,41.2,17.2,267.1
2007,5,27,9.2,12.4,15.6,16.6,4.8,60.3,15.0,80.0
2007,5,28,10.3,15.0,19.6,1.6,9.8,74.3,17.5,221.7
2007,5,29,11.8,17.6,23.4,0.0,7.2,56.6,15.1,250.9
2007,5,30,13.5,15.5,17.5,7.0,11.9,84.0,7.3,189.2
2007,5,31,10.5,12.4,13.7,-999.0,7.9,74.7,21.0,87.1
2007,6,1,10.9,18.4,25.8,2.0,11.9,69.3,13.3,215.9
2007,6,2,10.0,13.3,16.5,0.2,4.7,53.5,20.9,87.1
2007,6,3,9.9,12.8,15.6,0.0,7.3,69.0,25.9,79.6
2007,6,4,12.4,13.7,14.9,-999.0,10.9,85.6,31.6,63.3
2007,6,5,11.1,13.4,15.7,16.2,12.3,93.1,15.2,78.3
2007,6,6,6.3,9.9,13.4,0.0,5.9,74.9,23.6,242.9
2007,6,7,4.8,13.0,21.1,0.0,3.9,56.6,14.5,244.6
2007,6,8,11.8,15.7,19.6,0.0,9.8,68.6,16.0,103.3
2007,6,9,13.9,18.1,22.3,0.2,13.9,79.9,14.3,104.6
2007,6,10,13.0,14.6,16.2,0.0,12.3,84.8,20.1,87.9
2007,6,11,12.8,16.9,20.9,0.0,12.5,75.9,16.9,73.3
2007,6,12,12.5,16.5,20.5,0.0,12.0,72.8,23.9,73.8
2007,6,13,12.8,15.3,17.8,0.0,9.4,67.5,27.4,70.4
2007,6,14,12.2,16.9,21.6,0.0,11.3,70.8,13.8,74.6
2007,6,15,13.1,21.8,29.7,-999.0,10.3,52.2,6.1,169.5
2007,6,16,15.4,23.9,30.9,-999.0,11.5,49.3,8.3,242.2
2007,6,17,18.4,19.7,21.7,-999.0,12.4,64.3,13.1,275.0
2007,6,18,11.4,18.9,26.4,0.0,7.5,49.3,10.6,185.4
2007,6,19,13.6,22.3,30.9,5.8,12.0,57.7,10.3,86.7
2007,6,20,18.6,19.3,22.1,-999.0,17.1,87.0,7.9,160.0
2007,6,21,12.9,16.6,20.2,0.2,10.0,64.6,14.6,267.9
2007,6,22,12.8,17.0,21.2,0.0,6.6,52.5,17.5,305.4
2007,6,23,13.1,15.9,18.7,0.0,6.8,56.8,16.0,299.1
2007,6,24,11.4,17.7,23.9,0.0,4.4,43.8,12.1,279.6
2007,6,25,12.6,19.2,25.7,1.0,12.0,61.8,12.6,245.4
2007,6,26,19.5,25.0,30.5,2.0,17.0,64.9,16.8,250.4
2007,6,27,14.2,17.6,20.9,29.4,13.7,75.1,15.3,107.8
2007,6,28,11.0,17.5,23.9,0.8,11.4,68.7,13.4,267.1
2007,6,29,8.7,14.8,20.9,2.0,7.3,62.4,15.6,253.8
2007,6,30,10.3,13.9,17.5,0.2,7.2,64.5,15.4,276.3
2007,9,6,9.4,14.5,19.5,3.0,10.9,79.7,6.2,243.0
2007,9,7,17.6,23.9,30.1,0.2,18.7,76.3,10.2,237.8
2007,9,8,13.2,21.0,28.7,0.0,14.9,59.6,19.8,250.0
2007,9,9,11.0,13.6,16.2,0.0,6.9,64.5,20.5,113.3
2007,9,10,10.5,16.0,21.5,0.0,9.0,69.3,13.5,80.8
2007,9,11,11.3,13.0,14.7,8.0,10.9,87.5,28.9,69.6
2007,9,12,9.3,12.5,15.6,0.0,8.6,75.0,25.1,243.3
2007,9,13,5.7,9.8,13.8,0.0,2.0,59.0,13.0,261.7
2007,9,14,7.0,15.0,23.0,0.0,9.3,69.6,12.1,133.3
2007,9,15,5.6,11.6,17.6,15.0,9.1,81.6,14.5,240.4
2007,9,16,4.0,9.2,14.4,0.0,3.9,71.9,12.5,251.3
2007,9,17,4.0,11.2,18.3,0.0,6.1,73.1,10.1,254.6
2007,9,18,6.6,13.5,20.3,0.0,8.2,73.1,6.0,224.5
2007,9,19,9.4,16.6,23.7,0.0,10.4,71.4,12.8,242.9
2007,9,20,12.8,18.9,25.0,0.0,11.3,67.8,12.9,261.3
2007,9,21,10.0,16.5,23.0,0.0,10.4,70.8,6.5,157.1
2007,9,22,14.3,20.7,27.1,3.2,14.6,75.8,12.4,142.5
2007,9,23,9.9,14.9,19.8,0.0,4.4,49.5,20.3,251.3
2007,9,24,7.4,14.0,20.5,-999.0,4.6,55.1,12.2,215.8
2007,9,25,13.1,20.1,27.1,0.0,11.8,61.0,11.6,207.8
2007,9,26,14.5,19.5,24.5,8.2,16.9,79.3,11.4,246.5
2007,9,27,10.4,12.5,14.6,4.2,9.4,82.0,26.8,63.8
2007,9,28,8.9,10.2,11.4,16.6,9.3,92.9,12.7,149.1
2007,9,29,5.1,10.3,15.5,0.0,4.9,69.2,13.2,275.4
2007,9,30,3.4,9.3,15.1,0.0,2.2,62.8,6.5,207.1
2007,10,1,8.1,14.7,21.3,0.0,9.0,70.1,8.6,271.3
2007,10,2,11.9,16.4,20.9,0.0,12.0,80.2,6.1,204.2
2007,10,3,10.7,14.6,18.5,0.2,12.3,85.5,7.3,152.2
2007,10,4,10.2,15.9,21.5,0.0,9.8,66.3,14.4,250.8
2007,10,5,8.4,16.0,23.5,0.0,9.1,66.7,12.0,239.2
2007,10,6,10.5,12.8,15.0,0.0,4.4,55.2,10.4,107.1
2007,10,7,5.7,9.6,13.5,0.2,0.8,53.1,11.8,142.1
2007,10,8,7.5,9.4,11.3,1.0,5.8,78.1,7.3,206.5
2007,10,9,6.3,9.5,12.6,0.4,5.4,73.8,17.7,95.8
2007,10,10,9.1,10.1,11.0,0.0,7.6,86.2,20.0,62.5
2007,10,11,8.2,9.8,11.4,0.4,8.0,88.8,29.0,73.8
2007,10,12,6.8,8.9,11.0,22.2,8.2,90.1,29.8,80.4
2007,10,13,5.8,7.6,9.3,3.8,4.2,84.2,15.5,208.3
2007,10,14,4.3,7.3,10.3,1.4,2.9,77.8,12.3,261.3
2007,10,15,3.5,6.7,9.8,0.0,2.4,75.7,14.3,258.8
2007,10,16,4.0,8.7,13.3,0.0,1.9,67.3,15.2,259.2
2007,10,17,1.8,7.0,12.1,0.0,2.7,78.2,11.7,245.7
2007,10,18,4.3,9.2,14.0,0.0,5.4,78.9,7.3,155.0
2007,10,19,9.8,11.3,12.8,11.6,8.4,83.3,22.1,70.8
2007,10,20,12.2,14.5,16.8,2.8,11.3,81.3,18.8,233.8
2007,10,21,11.0,14.9,18.8,0.2,8.8,72.2,19.3,246.3
2007,10,22,10.3,16.6,22.8,0.0,9.6,70.5,8.2,235.9
2007,10,23,5.1,10.4,15.7,16.0,10.0,85.5,11.5,250.8
2007,10,24,3.4,7.0,10.5,0.0,3.2,79.6,10.6,250.8
2007,10,25,2.2,7.1,12.0,0.0,0.5,67.9,9.4,256.7
2007,10,26,0.6,7.5,14.4,0.0,1.4,69.7,6.7,258.8
2007,10,27,7.2,10.4,13.6,23.6,8.1,91.5,12.3,153.8
2007,10,28,0.7,7.1,13.5,0.4,-1.3,59.8,29.2,262.5
2007,10,29,-0.7,1.7,4.1,0.4,-3.8,68.6,14.2,255.0
2007,10,30,0.5,4.6,8.7,0.0,-1.5,68.1,11.3,265.8
2007,10,31,-0.4,5.0,10.3,1.0,2.0,77.3,7.3,117.4
2007,11,1,2.0,7.9,13.8,1.1,0.7,60.7,22.0,249.6
2007,11,2,0.1,3.6,7.0,0.0,-5.5,52.4,11.5,247.9
2007,11,3,0.5,3.4,6.2,0.0,-1.5,68.5,20.3,49.6
2007,11,4,-0.6,4.1,8.8,0.0,-3.7,55.8,13.7,270.4
2007,11,5,-2.8,2.1,7.0,0.0,-1.9,72.5,13.3,152.6
2007,11,6,2.3,4.5,6.7,16.0,2.2,83.5,18.5,79.2
2007,11,7,0.0,2.7,5.3,1.1,0.5,83.0,16.3,244.6
2007,11,8,-0.9,1.1,3.1,0.0,-4.8,65.7,9.5,280.4
2007,11,9,-1.2,0.7,2.6,0.0,-4.9,67.0,9.4,157.5
2007,11,10,-2.0,-0.6,0.9,0.0,-6.8,60.7,19.3,46.3
2007,11,11,-5.2,-0.8,3.7,0.0,-7.9,59.1,8.3,309.6
2007,11,12,-4.6,-0.2,4.3,0.0,-5.0,68.9,9.8,183.9
2007,11,13,0.2,3.3,6.3,1.5,0.3,85.0,11.0,231.7
2007,11,14,1.0,7.3,13.5,1.1,2.4,75.2,8.5,220.4
2007,11,15,3.3,6.9,10.4,11.4,4.2,87.9,8.0,200.4
2007,11,16,-0.9,1.8,4.4,0.0,-1.7,74.5,19.8,275.0
2007,11,17,-1.3,0.2,1.6,0.0,-5.9,64.8,31.9,246.3
2007,11,18,-5.3,-2.0,1.3,0.0,-8.3,61.2,10.3,201.7
2007,11,19,-7.3,-3.9,-0.5,0.0,-8.2,70.6,13.0,123.3
2007,11,20,-3.0,-1.6,-0.1,7.4,-4.1,84.3,12.2,119.2
2007,11,21,-1.0,0.4,1.8,-999.0,-0.7,92.0,11.0,150.8
2007,11,22,-2.5,-0.8,1.0,14.8,-0.6,95.9,30.4,69.6
2007,11,23,-8.6,-5.5,-2.3,1.1,-7.8,84.4,16.1,271.7
2007,11,24,-10.1,-8.8,-7.5,1.2,-12.4,74.1,12.4,273.2
2007,11,25,-7.5,-2.7,2.1,6.1,-3.2,89.8,14.9,275.2
2007,11,26,0.2,1.7,3.1,1.7,-0.9,82.3,12.6,204.3
2007,11,27,-5.9,-1.9,2.2,6.9,-0.8,89.4,19.5,187.1
2007,11,28,-11.0,-8.5,-5.9,0.0,-14.7,61.3,15.1,247.9
2007,11,29,-8.1,-3.9,0.3,8.7,-6.1,85.8,17.8,117.4
2007,11,30,-7.2,-5.2,-3.2,3.3,-9.2,75.7,21.0,202.1
2007,12,1,-11.9,-10.9,-9.9,-999.0,-16.7,62.3,19.6,275.4
2007,12,2,-15.9,-11.4,-6.9,0.0,-16.6,71.9,13.5,206.3
2007,12,3,-6.9,-4.5,-2.0,11.9,-6.4,90.9,38.5,62.9
2007,12,4,-6.2,-3.6,-0.9,15.0,-5.5,86.5,12.4,175.0
2007,12,5,-9.2,-6.7,-4.2,1.6,-7.5,86.1,13.0,248.8
2007,12,6,-15.9,-12.5,-9.1,0.0,-14.9,77.2,17.2,245.8
2007,12,7,-17.2,-10.8,-4.3,3.0,-11.5,84.5,5.4,196.5
2007,12,8,-14.5,-7.6,-0.6,3.3,-9.3,75.4,13.4,266.7
2007,12,9,-18.4,-15.1,-11.8,0.0,-19.5,68.8,12.8,251.7
2007,12,10,-18.1,-13.3,-8.4,0.0,-16.3,76.0,10.5,243.8
2007,12,11,-13.7,-9.6,-5.5,8.7,-11.3,88.5,9.2,250.8
2007,12,12,-14.3,-8.0,-1.6,1.5,-10.5,72.0,17.4,262.5
2007,12,13,-18.2,-14.7,-11.1,0.0,-19.8,65.0,12.2,211.7
2007,12,14,-14.6,-11.2,-7.7,1.1,-12.7,80.9,20.1,160.8
2007,12,15,-20.3,-17.5,-14.6,0.0,-22.3,62.0,16.0,248.8
2007,12,16,-15.8,-11.5,-7.2,27.7,-14.7,82.6,33.0,63.8
2007,12,17,-13.1,-9.9,-6.6,3.4,-13.1,72.7,25.8,242.5
2007,12,18,-19.7,-16.0,-12.2,0.0,-19.1,68.8,16.1,242.5
2007,12,19,-20.0,-14.8,-9.5,2.1,-15.6,81.0,21.0,107.5
2007,12,20,-9.5,-8.2,-6.8,2.1,-10.2,84.8,31.2,63.3
2007,12,21,-7.2,-6.5,-5.7,0.0,-9.1,82.5,17.1,64.6
2007,12,22,-5.7,-3.8,-1.8,0.0,-6.2,83.2,5.5,148.7
2007,12,23,-2.2,1.1,4.3,15.7,-1.8,89.8,10.4,105.4
2007,12,24,-3.4,0.4,4.2,1.6,-5.9,71.5,31.9,235.0
2007,12,25,-5.9,-3.3,-0.6,0.0,-8.1,66.9,20.3,261.7
2007,12,26,-4.2,-2.0,0.2,0.0,-4.4,80.8,8.0,232.2
2007,12,27,-4.2,-2.6,-0.9,3.1,-5.0,86.7,24.8,68.3
2007,12,28,-4.4,-2.8,-1.1,3.0,-4.4,87.4,11.0,146.8
2007,12,29,-4.1,-1.2,1.7,10.1,-3.6,90.7,18.3,103.0
2007,12,30,-8.9,-4.9,-0.9,0.0,-11.1,66.3,17.1,242.9
2007,12,31,-8.7,-7.3,-5.9,2.9,-9.2,84.8,9.8,109.5
2008,1,1,-8.0,-6.2,-4.3,0.0,-8.6,85.7,15.0,164.6
2008,1,2,-18.7,-13.1,-7.4,0.0,-19.0,56.6,20.5,221.3
2008,1,3,-21.0,-18.5,-15.9,0.0,-25.3,56.8,15.5,249.2
2008,1,4,-19.3,-11.6,-3.8,4.5,-14.8,81.9,11.3,246.3
2008,1,5,-3.8,-2.9,-1.9,0.0,-5.2,86.0,7.4,212.4
2008,1,6,-2.7,-0.6,1.5,1.3,-1.2,95.3,5.8,239.6
2008,1,7,0.4,1.9,3.3,3.0,1.1,97.3,5.5,210.0
2008,1,8,0.6,2.8,5.0,14.3,1.5,98.1,10.5,137.7
2008,1,9,0.1,3.1,6.0,8.1,-0.2,88.1,28.7,132.9
2008,1,10,-4.1,-0.8,2.5,0.0,-4.7,67.2,30.3,254.6
2008,1,11,-4.7,-2.8,-0.8,10.1,-4.2,90.6,22.3,84.2
2008,1,12,-6.9,-2.0,2.9,2.0,-4.9,71.2,21.9,240.0
2008,1,13,-11.5,-8.5,-5.5,0.0,-13.1,70.5,13.0,217.9
2008,1,14,-8.1,-6.8,-5.4,0.0,-9.7,78.4,32.3,74.6
2008,1,15,-9.9,-7.1,-4.3,0.0,-10.6,74.3,8.3,177.9
2008,1,16,-12.1,-8.9,-5.7,0.0,-12.9,72.2,8.0,262.1
2008,1,17,-15.4,-10.3,-5.2,0.0,-13.3,76.4,7.3,180.8
2008,1,18,-6.1,-2.0,2.1,17.4,-4.7,87.3,21.5,144.6
2008,1,19,-12.1,-8.1,-4.0,1.2,-11.0,70.7,15.9,257.5
2008,1,20,-22.7,-17.4,-12.1,0.0,-24.1,57.6,16.2,263.8
2008,1,21,-25.4,-21.5,-17.5,0.0,-27.6,56.1,17.1,248.8
2008,1,22,-19.8,-14.5,-9.1,7.7,-15.7,84.2,7.9,137.8
2008,1,23,-18.3,-12.4,-6.4,1.6,-13.8,78.6,18.7,232.1
2008,1,24,-24.0,-19.5,-15.0,0.0,-24.0,64.6,9.1,260.0
2008,1,25,-23.6,-18.5,-13.3,0.0,-21.1,76.3,9.5,241.7
2008,1,26,-20.3,-13.6,-6.9,0.0,-16.4,73.4,7.1,236.3
2008,1,27,-22.4,-14.9,-7.4,1.3,-15.6,80.7,12.4,44.2
2008,1,28,-15.9,-11.1,-6.3,1.1,-13.5,80.2,7.4,112.2
2008,1,29,-11.8,-7.5,-3.2,0.0,-9.2,84.5,14.8,76.7
2008,1,30,-9.4,-4.2,1.0,20.4,-4.1,86.6,25.5,142.9
2008,1,31,-13.0,-10.0,-6.9,0.0,-15.0,63.3,27.1,244.2
2008,2,1,-15.6,-11.3,-7.0,25.1,-12.5,84.6,20.5,92.9
2008,2,2,-9.5,-6.6,-3.6,13.9,-7.9,88.3,23.4,173.3
2008,2,3,-13.0,-9.2,-5.4,0.0,-11.4,81.3,11.0,249.6
2008,2,4,-15.9,-9.8,-3.6,0.0,-13.1,80.8,6.6,160.0
2008,2,5,-11.0,-6.4,-1.8,12.1,-5.7,92.7,16.3,90.9
2008,2,6,-13.0,-8.0,-2.9,1.4,-7.0,87.6,3.3,-999.0
2008,2,7,-13.3,-11.6,-9.9,0.0,-14.3,77.5,25.3,64.2
2008,2,8,-12.8,-9.4,-5.9,1.3,-11.3,81.8,10.8,157.8
2008,2,9,-13.9,-8.5,-3.1,2.2,-10.8,82.6,8.3,171.7
2008,2,10,-7.5,-4.9,-2.3,19.4,-4.4,93.3,19.6,99.6
2008,2,11,-5.7,-999.0,-6.6,-999.0,-999.0,-999.0,-999.0,-999.0
2008,2,14,-11.3,-7.8,-4.3,0.0,-12.1,67.0,14.0,253.9
2008,2,15,-16.9,-9.6,-2.2,7.0,-12.5,74.5,14.8,197.1
2008,2,16,-20.5,-16.9,-13.2,1.4,-22.8,60.0,17.3,247.9
2008,2,17,-20.0,-10.6,-1.1,13.3,-13.8,77.4,6.3,147.0
2008,2,18,-1.3,1.9,5.0,3.0,-0.4,90.1,13.8,141.7
2008,2,19,-8.4,-3.5,1.5,3.1,-5.6,82.0,21.5,244.2
2008,2,20,-17.7,-13.1,-8.4,0.0,-19.9,57.5,22.4,258.3
2008,2,21,-20.0,-16.2,-12.3,0.0,-21.6,61.7,17.1,252.5
2008,2,22,-20.5,-13.3,-6.1,0.0,-16.8,73.8,6.1,182.5
2008,2,23,-18.1,-11.7,-5.2,0.0,-14.6,74.1,11.7,232.5
2008,2,24,-12.9,-7.1,-1.3,1.2,-10.7,75.7,16.9,247.1
2008,2,25,-5.8,-2.9,0.1,0.0,-5.8,78.1,14.6,247.1
2008,2,26,-5.5,-3.9,-2.3,2.2,-5.4,87.0,18.8,111.3
2008,2,27,-11.0,-7.7,-4.3,0.0,-8.6,81.9,21.7,120.0
2008,2,28,-19.1,-14.1,-9.1,0.0,-20.8,53.9,12.4,258.8
2008,2,29,-23.1,-16.6,-10.1,0.0,-24.3,51.9,11.3,204.2
2008,3,1,-13.3,-9.0,-4.7,5.8,-10.2,86.0,25.9,58.8
2008,3,2,-9.5,-5.3,-1.1,0.0,-11.6,61.3,12.5,271.3
2008,3,3,-13.9,-7.0,-0.1,0.0,-10.2,79.8,10.0,152.9
2008,3,4,-8.5,-3.1,2.4,3.4,-8.1,66.5,17.3,224.2
2008,3,5,-10.8,-9.4,-7.9,23.6,-11.7,84.1,36.4,91.7
2008,3,6,-12.9,-7.1,-1.2,1.4,-11.9,72.2,14.0,210.9
2008,3,7,-6.9,-1.2,4.5,2.2,-4.7,78.9,3.9,139.1
2008,3,8,-7.9,-3.9,0.1,59.4,-4.0,92.3,31.8,70.8
2008,3,9,-14.0,-10.5,-7.0,40.9,-11.8,80.8,29.2,127.8
2008,3,10,-17.4,-11.6,-5.8,1.1,-16.6,64.8,11.6,249.1
2008,3,11,-15.8,-8.8,-1.7,0.0,-13.0,68.8,13.4,251.7
2008,3,12,-12.7,-5.6,1.5,5.4,-8.2,71.1,12.0,277.1
2008,3,13,-15.8,-10.4,-4.9,1.1,-17.8,55.0,9.3,183.8
2008,3,14,-9.0,-7.3,-5.5,2.2,-11.2,72.8,24.2,67.5
2008,3,15,-6.5,-4.1,-1.7,8.4,-6.0,84.5,22.6,69.2
2008,3,16,-4.7,-1.6,1.5,1.9,-3.9,83.8,9.9,197.1
2008,3,17,-11.7,-5.9,0.0,2.7,-12.0,58.6,8.9,197.9
2008,3,18,-14.0,-6.8,0.5,12.7,-11.7,68.7,7.8,94.5
2008,3,19,-4.2,-2.3,-0.3,3.7,-3.9,86.8,22.3,62.1
2008,3,20,-5.0,-2.8,-0.6,5.1,-2.6,95.0,17.2,100.8
2008,3,21,-10.3,-7.7,-5.0,3.5,-12.3,69.1,29.8,268.3
2008,3,22,-10.9,-7.0,-3.1,2.6,-13.9,59.0,25.1,272.9
2008,3,23,-13.8,-10.1,-6.4,1.6,-19.2,46.5,23.0,261.3
2008,3,24,-21.2,-13.9,-6.5,2.1,-21.4,48.0,13.0,263.8
2008,3,25,-18.6,-8.6,1.5,0.0,-14.7,60.4,6.2,202.6
2008,3,26,-6.4,-1.3,3.8,7.7,-3.7,78.5,15.2,188.8
2008,3,27,-10.5,-4.1,2.3,3.5,-7.2,77.6,8.2,194.2
2008,3,28,-11.4,-6.9,-2.3,-999.0,-10.3,69.8,16.3,54.6
2008,3,29,-10.4,-5.9,-1.3,3.0,-11.9,62.1,14.6,278.8
2008,3,30,-8.4,-2.8,2.9,0.0,-10.7,55.2,8.5,238.7
2008,3,31,-7.4,-2.4,2.6,5.4,-4.8,80.3,7.8,121.3
2008,4,1,-0.2,2.7,5.5,18.2,-0.1,94.3,21.0,89.6
2008,4,2,-5.0,-1.0,3.0,0.0,-10.0,53.4,33.2,271.3
2008,4,3,-6.4,-0.7,5.0,0.0,-6.6,61.6,21.0,245.0
2008,4,4,-3.2,0.8,4.7,7.0,-4.1,69.2,9.5,171.3
2008,4,5,0.4,1.3,2.2,4.0,0.2,93.9,16.3,85.8
2008,4,6,0.1,2.2,4.3,0.0,0.3,91.3,16.2,82.9
2008,4,7,0.8,2.4,3.9,0.0,-0.4,84.1,21.2,87.1
2008,4,8,-1.3,1.8,4.9,0.0,-1.8,75.3,14.2,83.3
2008,4,9,-1.3,1.9,5.1,0.0,-1.2,79.5,11.9,73.3
2008,4,10,2.3,4.9,7.5,0.0,-1.3,66.8,21.1,255.8
2008,4,11,0.9,3.8,6.7,1.1,-2.5,67.3,13.7,218.8
2008,4,12,0.3,1.1,1.8,8.9,-0.2,92.9,24.4,80.9
2008,4,13,-0.4,2.6,5.6,2.9,-0.8,81.0,10.0,223.0
2008,4,14,-1.1,3.0,7.1,1.1,-5.5,55.1,12.0,294.8
2008,4,15,-1.6,3.5,8.6,1.0,-6.1,50.0,14.0,248.3
2008,4,16,-1.0,6.5,14.0,1.0,-2.4,55.4,13.6,240.8
2008,4,17,1.6,10.6,19.6,1.1,-1.2,50.0,10.1,232.1
2008,4,18,2.7,5.4,8.1,0.0,1.5,75.3,18.3,106.3
2008,4,19,3.0,5.0,7.0,0.0,0.4,73.2,32.0,80.0
2008,4,20,3.1,5.6,8.1,0.0,0.8,73.8,25.5,79.2
2008,4,21,3.6,6.4,9.2,0.0,2.6,80.5,17.8,74.6
2008,4,22,3.6,7.2,10.7,0.0,3.3,82.3,12.4,82.9
2008,4,23,2.8,6.2,9.6,1.6,3.0,86.0,17.9,76.7
2008,4,24,3.0,9.6,16.2,1.3,1.2,66.0,13.8,204.2
2008,4,25,2.6,6.6,10.5,0.0,0.9,66.5,14.6,123.8
2008,4,26,4.5,7.8,11.0,0.0,2.5,71.4,22.6,81.7
2008,4,27,5.9,7.4,8.9,1.2,4.9,83.1,18.0,79.2
2008,4,28,5.7,8.2,10.6,22.1,5.5,87.1,21.6,68.8
2008,4,29,0.7,4.1,7.4,37.0,4.7,92.6,17.9,123.3
2008,4,30,0.5,4.0,7.4,0.0,-2.4,68.5,16.0,241.7
2008,6,1,9.6,10.5,11.4,4.0,8.8,90.5,14.0,81.3
2008,6,2,9.8,14.3,18.8,3.8,9.2,77.3,11.3,175.8
2008,6,3,10.8,14.7,18.5,2.0,9.2,74.8,10.9,249.6
2008,6,4,9.9,12.7,15.5,0.0,5.2,61.4,23.5,76.3
2008,6,5,10.4,13.8,17.1,0.0,6.9,64.1,21.1,85.0
2008,6,6,12.6,15.9,19.1,0.0,11.0,73.5,10.6,140.0
2008,6,7,14.7,22.2,29.6,1.4,16.8,78.2,9.0,225.7
2008,6,8,13.9,22.5,30.3,-999.0,18.5,79.0,15.0,217.9
2008,6,9,14.0,16.6,19.2,0.0,12.6,75.9,17.1,90.8
2008,6,10,13.4,18.3,23.1,19.6,14.4,85.8,12.0,85.8
2008,6,11,13.2,17.7,22.1,9.6,14.0,76.5,19.1,254.2
2008,6,12,10.3,16.3,22.3,0.0,3.7,46.1,12.5,286.7
2008,6,13,9.5,15.0,20.5,0.0,7.4,56.8,10.4,127.9
2008,6,14,14.9,17.3,19.6,1.8,10.0,63.8,19.9,73.3
2008,6,15,12.6,14.8,17.0,37.8,12.8,86.5,20.2,73.3
2008,6,16,13.3,15.0,16.7,4.4,13.8,89.4,18.8,85.8
2008,6,17,14.4,16.6,18.7,13.0,14.5,89.1,14.9,89.2
2008,6,18,13.5,15.7,17.8,17.2,12.9,89.3,11.3,127.9
2008,6,19,13.9,15.2,16.5,5.4,12.9,88.6,15.8,72.9
2008,6,20,13.6,17.0,20.3,1.8,12.5,76.9,8.1,203.3
2008,6,21,13.0,18.2,23.3,0.0,13.8,77.9,10.0,237.7
2008,6,22,14.7,16.1,17.4,15.2,14.6,91.8,13.3,63.0
2008,6,23,14.6,18.7,22.7,7.8,15.4,86.6,7.0,126.7
2008,6,24,14.2,19.4,24.5,0.4,12.9,69.6,15.0,260.0
2008,6,25,12.5,19.0,25.5,4.2,11.3,62.6,17.2,242.5
2008,6,26,15.4,17.8,20.1,3.6,15.8,89.5,8.3,240.0
2008,6,27,13.3,15.5,17.7,0.0,13.7,87.8,20.5,82.1
2008,6,28,13.2,15.6,17.9,30.8,13.7,89.6,26.4,70.8
2008,6,29,14.6,15.4,16.1,13.0,14.1,92.8,24.7,67.1
2008,6,30,14.6,19.7,24.8,4.2,14.7,76.9,16.6,162.9
2008,7,1,16.0,20.5,25.0,0.4,12.3,61.5,14.0,243.9
2008,7,2,14.6,20.8,27.0,0.0,12.4,59.5,12.8,252.1
2008,7,3,12.3,17.4,22.4,27.8,13.4,76.5,9.8,244.6
2008,7,4,9.8,16.7,23.5,7.2,11.0,72.1,12.7,224.6
2008,7,5,12.6,19.4,26.1,0.0,12.5,65.9,11.5,263.3
2008,7,6,15.0,21.0,26.9,0.0,13.6,63.2,13.2,248.3
2008,7,7,15.8,22.6,29.4,0.0,15.2,62.3,14.9,250.4
2008,7,8,19.6,25.2,30.7,0.0,18.0,66.6,12.0,232.1
2008,7,9,21.5,22.4,23.3,10.4,20.4,88.6,11.8,229.2
2008,7,10,14.6,18.8,23.0,0.2,15.0,73.9,19.6,252.5
2008,7,11,13.7,18.5,23.2,0.0,10.6,61.8,12.0,250.4
2008,7,12,12.6,19.1,25.6,0.0,12.3,64.9,9.6,154.2
2008,7,13,18.0,20.3,22.5,34.6,18.0,87.9,17.0,142.5
2008,7,14,16.9,20.6,24.3,0.0,15.9,73.0,18.3,235.4
2008,7,15,16.9,20.5,24.0,0.0,14.7,71.5,15.0,250.0
2008,7,16,15.1,19.6,24.0,3.6,14.8,72.9,7.5,223.0
2008,7,17,14.7,20.5,26.3,1.2,13.3,66.3,10.5,246.7
2008,7,18,16.6,18.2,19.7,0.8,14.8,79.8,11.2,60.0
2008,7,19,15.1,20.4,25.7,10.2,15.9,78.3,8.8,169.6
2008,7,20,14.5,19.2,23.9,0.0,15.5,81.2,5.5,199.6
2008,7,21,15.6,18.3,20.9,0.0,14.7,81.7,19.2,63.8
2008,7,22,15.6,18.3,20.9,1.6,15.2,87.2,25.7,71.7
2008,7,23,17.1,18.8,20.4,5.0,16.0,85.1,26.6,60.0
2008,7,24,17.4,20.5,23.5,26.0,17.8,89.0,20.6,92.1
2008,7,25,17.5,21.6,25.7,2.6,16.2,72.4,12.3,222.5
2008,7,26,15.3,21.9,28.5,8.0,16.0,72.4,10.0,227.8
2008,7,27,18.0,21.9,25.8,0.0,15.9,72.1,13.4,241.7
2008,7,28,15.6,19.6,23.6,3.4,16.0,82.0,7.0,269.2
2008,7,29,16.7,20.9,25.1,1.8,15.9,77.1,11.0,268.3
2008,7,30,15.2,19.9,24.6,0.0,14.5,69.8,10.6,257.1
2008,7,31,18.1,19.6,21.0,9.2,17.1,86.5,13.9,77.9
2008,8,1,17.9,19.7,21.4,0.6,17.4,88.9,18.4,70.8
2008,8,2,16.0,18.4,20.7,7.2,16.5,90.3,19.0,78.3
2008,8,3,15.4,16.8,18.2,1.6,15.1,91.3,21.3,65.4
2008,8,4,15.2,16.4,17.5,1.8,14.4,89.9,17.8,64.6
2008,8,5,14.8,17.6,20.4,0.0,13.5,79.5,20.1,80.4
2008,8,6,15.4,17.1,18.8,5.2,13.7,82.2,22.1,70.0
2008,8,7,15.2,16.6,18.0,10.8,14.2,86.0,22.3,64.2
2008,8,8,15.0,16.0,16.9,21.2,14.6,92.2,19.2,55.8
2008,8,9,15.8,18.3,20.7,0.4,14.9,84.5,11.8,67.1
2008,8,10,16.1,18.7,21.2,0.0,15.6,85.0,16.0,67.1
2008,8,11,15.9,18.7,21.5,2.2,15.9,87.8,13.2,87.9
2008,8,12,15.2,18.2,21.1,1.4,15.2,85.6,8.2,122.1
2008,8,13,13.2,18.1,23.0,0.0,13.9,78.1,8.9,255.4
2008,8,14,12.0,16.9,21.8,0.2,13.8,80.3,9.9,147.0
2008,8,15,13.8,19.9,26.0,0.0,13.5,72.0,8.3,197.8
2008,8,16,13.4,19.2,25.0,0.0,13.8,72.5,12.0,259.2
2008,8,17,12.4,17.0,21.5,1.0,11.7,66.5,15.6,268.3
2008,8,18,10.9,18.2,25.5,22.0,13.9,84.3,11.5,256.3
2008,8,19,9.6,13.8,17.9,0.0,8.5,66.4,14.0,284.2
2008,8,20,8.9,15.1,21.3,0.0,7.6,61.6,13.3,270.8
2008,8,21,13.4,19.6,25.8,0.0,13.3,69.0,13.3,242.9
2008,8,22,14.3,21.1,27.9,0.0,15.2,71.0,10.7,249.6
2008,8,23,15.8,22.3,28.7,0.0,17.2,73.9,7.3,236.8
2008,8,24,17.9,23.2,28.5,0.0,17.6,71.0,11.6,254.2
2008,8,25,12.0,17.1,22.1,0.2,12.7,69.8,15.0,267.5
2008,8,26,11.7,16.9,22.1,0.0,7.3,56.8,11.0,279.6
2008,8,27,10.6,18.6,26.5,0.0,11.0,64.5,7.7,190.8
2008,8,28,15.0,19.7,24.3,0.0,14.8,77.1,15.0,82.1
2008,8,29,14.0,17.5,21.0,0.0,14.4,84.2,19.8,77.1
2008,8,30,15.4,20.5,25.6,11.0,15.0,81.3,9.5,207.8
2008,8,31,14.3,19.0,23.7,0.0,11.3,64.1,11.5,280.9
2008,10,1,10.2,10.9,11.6,16.6,9.6,91.7,23.5,71.7
2008,10,2,4.4,8.7,12.9,5.0,7.9,85.7,14.8,239.6
2008,10,3,4.4,7.6,10.7,1.8,3.2,77.9,22.1,248.3
2008,10,4,4.4,7.7,11.0,0.0,3.6,72.2,18.5,258.3
2008,10,5,3.0,7.1,11.2,0.2,3.3,77.8,8.7,252.5
2008,10,6,1.3,6.6,11.8,0.0,-0.4,64.3,11.2,280.4
2008,10,7,3.1,9.6,16.0,0.0,-0.3,55.8,15.5,257.5
2008,10,8,4.2,9.8,15.4,0.0,2.3,62.6,13.0,222.5
2008,10,9,8.3,12.9,17.5,7.4,8.0,82.8,9.9,205.7
2008,10,10,7.4,11.3,15.1,0.0,6.1,73.8,15.8,252.5
2008,10,11,4.0,9.5,14.9,0.0,3.3,67.5,11.2,265.8
2008,10,12,2.1,8.3,14.4,2.0,4.3,74.1,9.3,252.9
2008,10,13,9.4,10.9,12.3,6.6,8.2,85.6,13.0,121.7
2008,10,14,7.0,13.3,19.5,2.0,8.9,78.3,11.5,147.5
2008,10,15,4.9,8.4,11.9,0.0,3.8,71.6,10.9,247.9
2008,10,16,6.9,9.1,11.3,1.2,6.4,82.4,8.2,215.0
2008,10,17,1.2,5.6,10.0,0.0,-1.9,57.8,13.6,285.0
2008,10,18,-1.2,3.7,8.5,0.0,-3.1,63.5,9.3,284.2
2008,10,19,-3.0,3.4,9.8,0.0,-3.4,66.3,6.8,266.7
2008,10,20,-1.4,3.9,9.2,0.0,-1.4,66.3,8.2,253.8
2008,10,21,2.1,4.6,7.0,10.2,2.6,84.3,24.5,115.4
2008,10,22,-2.6,0.1,2.8,0.0,-2.2,75.1,31.4,81.3
2008,10,23,-3.5,2.2,7.9,0.0,-3.3,69.3,13.5,241.7
2008,10,24,0.4,5.4,10.4,0.0,-1.6,66.4,13.5,253.8
2008,10,25,0.2,5.3,10.4,29.8,2.6,80.8,13.1,159.2
2008,10,26,6.9,9.7,12.5,1.2,7.3,83.8,11.0,149.1
2008,10,27,6.0,10.3,14.6,0.0,5.7,74.3,5.3,177.8
2008,10,28,7.2,8.4,9.6,7.0,6.4,89.0,20.0,67.8
2008,10,29,0.8,4.5,8.2,2.8,0.5,85.7,25.6,204.2
2008,10,30,0.2,2.0,3.8,0.0,-1.7,75.0,19.7,261.3
2008,10,31,-1.2,3.0,7.1,0.0,-0.5,77.1,11.2,266.3
2008,11,1,-1.5,1.6,4.6,0.0,-6.5,55.4,14.4,282.9
2008,11,2,-2.8,0.7,4.2,0.0,-7.9,55.2,10.7,272.9
2008,11,3,-2.7,2.2,7.0,-999.0,-3.0,68.6,10.4,267.4
2008,11,4,4.3,7.2,10.0,0.0,4.6,85.8,7.5,237.9
2008,11,5,5.9,11.4,16.9,1.3,7.3,83.1,7.9,223.0
2008,11,6,4.3,9.3,14.3,0.0,6.6,85.8,6.3,227.8
2008,11,7,4.2,6.1,8.0,1.2,4.9,92.4,25.7,72.5
2008,11,8,4.3,5.2,6.0,6.0,4.1,93.7,34.8,83.3
2008,11,9,4.2,6.5,8.7,2.9,4.3,88.0,10.0,231.7
2008,11,10,1.1,3.6,6.1,0.0,1.8,84.0,10.7,248.3
2008,11,11,0.3,2.2,4.0,0.0,-1.5,77.9,15.4,248.3
2008,11,12,-1.6,1.1,3.7,0.0,-2.7,75.0,12.6,249.2
2008,11,13,-2.4,0.7,3.8,4.8,-1.7,81.5,16.4,95.8
2008,11,14,3.8,5.7,7.6,1.1,4.8,92.5,15.2,67.1
2008,11,15,7.0,8.4,9.8,14.1,7.2,96.2,15.8,80.0
2008,11,16,1.4,5.7,10.0,11.5,4.5,89.9,21.3,197.5
2008,11,17,-2.2,-0.4,1.4,0.0,-4.8,68.8,22.4,250.8
2008,11,18,-5.1,-3.3,-1.5,0.0,-9.7,61.0,13.0,199.2
2008,11,19,-7.3,-5.2,-3.0,0.0,-13.8,49.9,13.0,245.0
2008,11,20,-7.7,-6.1,-4.4,1.1,-14.9,49.5,18.2,304.2
2008,11,21,-7.6,-5.0,-2.3,0.0,-14.1,48.6,16.1,275.8
2008,11,22,-7.3,-5.1,-2.9,0.0,-14.1,49.7,18.1,307.1
2008,11,23,-8.8,-5.7,-2.5,0.0,-15.7,45.0,25.3,262.9
2008,11,24,-11.4,-6.4,-1.4,0.0,-10.8,71.2,11.8,168.3
2008,11,25,-1.9,-0.4,1.1,4.3,-3.3,84.3,40.0,59.6
2008,11,26,1.0,2.2,3.3,4.0,0.3,87.0,26.9,64.6
2008,11,27,-0.6,1.2,3.0,0.0,-0.8,85.5,8.8,140.8
2008,11,28,-0.8,0.1,0.9,3.3,-0.9,94.2,10.1,89.6
2008,11,29,-2.7,-0.4,2.0,1.4,-1.9,86.7,13.6,247.1
2008,11,30,-3.6,-1.3,1.0,1.0,-4.2,81.9,10.7,161.3
2008,12,1,-1.0,0.0,1.0,12.2,-1.2,92.0,23.4,83.3
2008,12,2,-1.5,1.1,3.7,0.0,-1.6,78.2,21.1,242.5
2008,12,3,-2.0,-0.2,1.7,0.0,-4.3,73.2,10.2,263.5
2008,12,4,-6.5,-1.8,2.9,6.0,-2.4,85.2,11.5,256.4
2008,12,5,-11.4,-8.5,-5.5,0.0,-13.0,66.5,14.0,272.5
2008,12,6,-11.4,-6.7,-1.9,0.0,-10.0,72.1,6.1,213.3
2008,12,7,-13.8,-7.6,-1.4,1.4,-6.7,81.3,12.0,157.8
2008,12,8,-18.5,-15.4,-12.2,0.0,-21.0,60.5,20.3,256.7
2008,12,9,-16.7,-11.1,-5.4,17.1,-13.8,82.5,11.8,138.8
2008,12,10,-11.2,-7.6,-3.9,13.2,-7.6,88.0,14.4,165.2
2008,12,11,-14.8,-11.1,-7.4,1.7,-13.3,80.2,17.9,91.7
2008,12,12,-8.7,-5.6,-2.4,14.1,-7.6,85.1,20.1,150.8
2008,12,13,-18.0,-13.4,-8.7,0.0,-19.1,68.3,18.5,252.9
2008,12,14,-17.2,-10.4,-3.6,8.0,-11.8,84.9,4.5,218.0
2008,12,15,-3.6,2.8,9.2,12.2,0.0,90.3,12.8,162.4
2008,12,16,-11.7,-4.9,1.9,0.0,-15.1,50.4,22.4,271.3
2008,12,17,-10.7,-9.5,-8.3,6.0,-11.8,81.1,18.8,106.3
2008,12,18,-11.3,-8.3,-5.3,1.0,-11.3,77.5,15.0,253.8
2008,12,19,-19.7,-15.5,-11.3,1.1,-21.4,60.9,17.4,175.8
2008,12,20,-19.3,-16.7,-14.0,0.0,-18.8,75.7,22.0,72.1
2008,12,21,-20.3,-15.7,-11.0,5.0,-17.8,80.2,28.3,65.0
2008,12,22,-18.1,-13.3,-8.5,3.2,-14.6,76.9,19.8,226.7
2008,12,23,-20.7,-16.3,-11.9,0.0,-21.5,69.0,15.0,253.8
2008,12,24,-11.9,-6.2,-0.5,16.4,-7.6,90.9,6.8,123.2
2008,12,25,-17.1,-6.2,4.8,8.4,-10.5,63.8,23.4,254.6
2008,12,26,-19.6,-13.9,-8.1,0.0,-19.6,64.4,10.2,225.0
2008,12,27,-8.1,-5.1,-2.0,1.1,-7.6,86.9,15.3,64.6
2008,12,28,-2.0,2.5,7.0,14.6,-1.3,87.9,14.3,-999.0
2008,12,29,-7.8,-2.8,2.2,0.0,-8.2,69.8,18.9,232.9
2008,12,30,-16.4,-9.8,-3.2,2.8,-10.0,80.0,16.2,151.7
2008,12,31,-19.4,-16.2,-12.9,0.0,-23.2,59.2,15.7,265.4
2009,1,1,-20.7,-17.2,-13.7,0.0,-24.6,55.5,22.5,250.8
2009,1,2,-20.7,-16.8,-12.8,0.0,-21.2,67.0,16.8,245.0
2009,1,3,-14.4,-13.0,-11.6,0.0,-19.0,61.9,22.3,260.8
2009,1,4,-14.4,-11.4,-8.3,0.0,-15.8,70.8,25.1,240.8
2009,1,5,-11.1,-8.0,-4.8,3.8,-11.0,82.1,18.3,246.7
2009,1,6,-14.8,-11.2,-7.5,0.0,-15.4,66.6,16.8,262.9
2009,1,7,-15.3,-12.2,-9.0,10.5,-13.8,82.0,24.0,96.7
2009,1,8,-11.5,-9.5,-7.4,2.2,-10.7,85.1,22.2,179.6
2009,1,9,-14.9,-13.1,-11.2,0.0,-16.6,72.0,24.3,245.0
2009,1,10,-18.6,-15.9,-13.2,0.0,-20.1,69.3,18.7,245.0
2009,1,11,-19.7,-14.5,-9.2,0.0,-17.1,80.2,6.6,139.6
2009,1,12,-16.1,-12.9,-9.7,1.0,-15.5,79.8,11.8,245.4
2009,1,13,-9.9,-5.4,-0.9,11.8,-8.2,87.6,8.8,123.3
2009,1,14,-23.8,-12.4,-1.0,0.0,-22.1,65.8,26.1,234.2
2009,1,15,-27.8,-24.4,-20.9,0.0,-29.2,63.7,13.9,252.1
2009,1,16,-29.9,-26.3,-22.6,0.0,-30.6,67.5,13.5,250.0
2009,1,17,-30.2,-24.7,-19.1,0.0,-28.1,72.5,7.4,193.9
2009,1,18,-19.8,-15.9,-12.0,7.2,-17.7,83.6,29.8,64.6
2009,1,19,-12.1,-10.4,-8.7,1.0,-13.2,79.9,14.3,74.8
2009,1,20,-18.5,-13.8,-9.0,1.1,-13.9,83.0,8.4,279.6
2009,1,21,-19.8,-15.8,-11.8,0.0,-18.6,78.9,14.3,256.3
2009,1,22,-15.9,-9.2,-2.5,4.6,-12.5,76.0,17.8,264.6
2009,1,23,-23.8,-16.8,-9.8,3.7,-19.2,74.5,15.1,116.3
2009,1,24,-23.1,-15.8,-8.5,1.5,-21.4,64.2,22.3,243.3
2009,1,25,-27.4,-21.9,-16.3,0.0,-26.7,60.6,12.1,269.6
2009,1,26,-29.8,-23.3,-16.7,0.0,-27.8,64.6,9.2,254.6
2009,1,27,-22.9,-17.7,-12.5,0.0,-21.9,71.5,13.8,239.6
2009,1,28,-22.1,-15.2,-8.2,10.5,-16.9,81.0,17.8,142.2
2009,1,29,-9.9,-8.6,-7.2,1.5,-10.6,84.2,18.5,226.7
2009,1,30,-10.3,-7.6,-4.8,1.1,-9.9,86.5,4.9,173.0
2009,1,31,-18.5,-12.1,-5.6,1.5,-12.2,81.7,19.7,202.1
2009,2,1,-20.7,-14.7,-8.6,2.4,-17.1,83.2,9.8,179.6
2009,2,2,-12.2,-7.3,-2.4,0.0,-9.8,82.0,10.3,243.8
2009,2,3,-17.3,-13.5,-9.7,0.0,-15.0,79.3,6.6,159.1
2009,2,4,-16.9,-13.4,-9.9,0.0,-18.8,59.0,9.9,264.2
2009,2,5,-19.2,-15.4,-11.6,0.0,-21.9,59.3,15.5,226.7
2009,2,6,-19.4,-14.9,-10.3,0.0,-18.4,75.9,14.7,244.2
2009,2,7,-15.6,-7.8,0.1,4.1,-10.9,81.5,8.1,201.7
2009,2,8,-16.1,-7.0,2.1,3.7,-9.9,67.5,22.2,270.8
2009,2,9,-18.6,-13.9,-9.2,0.0,-20.8,58.8,17.4,253.3
2009,2,10,-17.0,-11.2,-5.4,1.2,-15.7,70.3,11.2,162.1
2009,2,11,-5.6,-2.2,1.2,0.0,-3.3,93.0,7.5,187.5
2009,2,12,-9.9,-4.8,0.4,2.5,-2.4,92.5,6.9,94.1
2009,2,13,-16.3,-11.5,-6.6,0.0,-17.6,57.8,21.3,275.8
2009,2,14,-11.5,-7.5,-3.4,0.0,-13.7,61.2,22.8,273.3
2009,2,15,-8.2,-6.5,-4.8,0.0,-10.3,72.3,13.5,237.1
2009,2,16,-8.6,-5.5,-2.3,1.1,-8.8,75.4,10.3,233.8
2009,2,17,-10.5,-5.8,-1.1,0.0,-8.5,72.5,7.1,187.6
2009,2,18,-15.3,-8.7,-2.1,0.0,-10.1,78.9,14.5,74.2
2009,2,19,-4.7,-3.6,-2.4,11.1,-3.4,96.3,30.6,58.8
2009,2,20,-10.1,-7.4,-4.7,4.4,-10.3,85.3,22.5,212.1
2009,2,21,-9.5,-7.3,-5.0,0.0,-11.0,74.5,24.5,245.8
2009,2,22,-9.9,-6.2,-2.5,2.3,-7.9,86.4,17.9,108.7
2009,2,23,-4.4,-2.7,-1.0,9.0,-6.1,79.6,12.9,226.7
2009,2,24,-11.4,-6.9,-2.4,0.0,-12.9,58.5,20.2,270.0
2009,2,25,-13.7,-8.6,-3.4,0.0,-13.5,70.8,14.8,222.9
2009,2,26,-12.4,-6.7,-1.0,0.0,-6.9,83.7,4.4,183.2
2009,2,27,-4.6,0.7,6.0,23.0,0.2,92.5,13.0,131.7
2009,2,28,-17.2,-10.9,-4.6,0.0,-16.4,57.2,14.1,256.3
2009,3,1,-18.4,-12.6,-6.8,0.0,-15.8,72.0,15.8,79.2
2009,3,2,-12.2,-10.3,-8.3,2.4,-13.8,72.3,14.1,125.8
2009,3,3,-13.6,-9.5,-5.3,0.0,-18.1,54.7,16.5,267.9
2009,3,4,-17.0,-11.4,-5.7,0.0,-20.6,47.3,15.9,259.6
2009,3,5,-15.4,-10.2,-4.9,2.0,-17.2,52.7,15.5,250.0
2009,3,6,-7.7,-3.0,1.7,17.7,-4.6,94.7,9.9,-999.0
2009,3,7,0.0,2.3,4.6,3.1,-0.7,78.1,17.6,238.3
2009,3,8,-8.4,-1.7,5.0,0.0,-4.7,71.1,13.0,250.0
2009,3,9,-8.7,-5.7,-2.7,0.0,-9.0,76.7,18.5,55.4
2009,3,10,-10.8,-3.8,3.2,0.0,-7.3,75.3,5.8,180.0
2009,3,11,-8.6,-0.3,8.0,7.9,-2.2,82.8,22.5,132.9
2009,3,12,-14.2,-11.3,-8.4,0.0,-21.3,43.1,26.4,266.3
2009,3,13,-17.3,-11.0,-4.7,0.0,-18.9,49.4,17.2,252.1
2009,3,14,-10.7,-4.3,2.2,0.0,-9.2,64.8,15.4,250.8
2009,3,15,-8.5,-4.0,0.6,0.0,-6.1,78.3,15.8,107.9
2009,3,16,-12.8,-7.7,-2.6,0.0,-12.7,66.3,9.2,52.1
2009,3,17,-9.6,-1.2,7.3,0.0,-8.6,62.9,6.6,127.4
2009,3,18,-2.6,3.1,8.8,1.1,-0.7,81.0,6.8,231.8
2009,3,19,-8.0,-2.7,2.6,0.0,-8.9,53.5,16.0,286.7
2009,3,20,-10.4,-5.5,-0.5,0.0,-15.6,44.0,12.1,224.6
2009,3,21,-11.1,-4.5,2.2,0.0,-11.1,56.1,9.3,257.5
2009,3,22,-10.9,-5.3,0.4,0.0,-10.3,58.0,19.2,301.7
2009,3,23,-14.2,-9.7,-5.2,0.0,-16.5,54.2,12.8,222.7
2009,3,24,-9.5,-4.8,0.0,0.0,-8.3,70.6,12.8,115.8
2009,3,25,-6.7,-2.6,1.6,0.0,-5.9,78.4,10.2,86.7
2009,3,26,-5.2,-1.9,1.5,3.6,-3.9,79.9,16.5,77.4
2009,3,27,-1.3,1.7,4.7,4.3,0.2,90.9,10.5,170.8
2009,3,28,-3.2,3.6,10.3,0.0,-0.4,78.8,9.3,180.4
2009,3,29,1.0,2.7,4.3,6.2,-0.6,82.2,32.7,81.3
2009,3,30,0.2,2.0,3.7,1.1,-0.6,84.9,34.3,68.3
2009,3,31,-0.5,0.7,1.9,0.0,-2.0,82.5,11.6,80.8
2009,4,1,-0.4,-999.0,2.6,-999.0,-999.0,-999.0,-999.0,-999.0
2009,4,2,1.0,-999.0,11.8,-999.0,-999.0,-999.0,-999.0,-999.0
2009,4,3,1.5,-999.0,6.1,-999.0,-999.0,-999.0,-999.0,-999.0
2009,4,4,2.4,-999.0,5.4,-999.0,-999.0,-999.0,-999.0,-999.0
2009,4,5,1.2,-999.0,2.1,-999.0,-999.0,-999.0,-999.0,-999.0
2009,4,6,1.2,-999.0,3.8,-999.0,-999.0,-999.0,-999.0,-999.0
2009,4,7,1.2,-999.0,2.8,-999.0,-999.0,-999.0,-999.0,-999.0
2009,4,8,-0.9,-999.0,2.1,-999.0,-999.0,-999.0,-999.0,-999.0
2009,4,9,0.6,-999.0,3.6,-999.0,-999.0,-999.0,-999.0,-999.0
2009,4,10,-1.5,-999.0,4.0,-999.0,-999.0,-999.0,-999.0,-999.0
2009,4,11,-3.1,-999.0,7.5,-999.0,-999.0,-999.0,-999.0,-999.0
2009,4,12,-1.7,-999.0,4.9,-999.0,-999.0,-999.0,-999.0,-999.0
2009,4,13,-0.6,-999.0,9.4,-999.0,-999.0,-999.0,-999.0,-999.0
2009,4,14,-0.4,-999.0,11.5,-999.0,-999.0,-999.0,-999.0,-999.0
2009,4,15,-1.0,-999.0,7.9,-999.0,-999.0,-999.0,-999.0,-999.0
2009,4,16,-0.1,-999.0,10.9,-999.0,-999.0,-999.0,-999.0,-999.0
2009,4,17,3.3,-999.0,17.3,-999.0,-999.0,-999.0,-999.0,-999.0
2009,4,18,1.7,-999.0,7.2,-999.0,-999.0,-999.0,-999.0,-999.0
2009,4,19,-0.4,-999.0,6.9,-999.0,-999.0,-999.0,-999.0,-999.0
2009,4,20,0.3,-999.0,8.3,-999.0,-999.0,-999.0,-999.0,-999.0
2009,4,21,0.3,-999.0,6.4,-999.0,-999.0,-999.0,-999.0,-999.0
2009,4,27,4.7,-999.0,10.6,-999.0,-999.0,-999.0,-999.0,-999.0
2009,4,28,7.2,-999.0,21.1,-999.0,-999.0,-999.0,-999.0,-999.0
2009,4,29,1.7,-999.0,12.9,-999.0,-999.0,-999.0,-999.0,-999.0
2009,4,30,0.7,-999.0,16.7,-999.0,-999.0,-999.0,-999.0,-999.0
2009,5,1,7.9,14.4,20.8,17.1,9.0,77.3,18.6,192.1
2009,5,2,5.1,8.7,12.2,2.2,0.7,57.5,17.1,246.7
2009,5,3,5.1,10.7,16.2,0.0,1.0,54.6,16.0,248.3
2009,5,4,7.2,12.3,17.3,0.0,-0.8,42.7,14.4,257.9
2009,5,5,5.8,9.3,12.7,0.0,0.6,54.9,21.5,68.8
2009,5,6,6.3,7.7,9.1,1.6,4.7,82.1,17.3,74.6
2009,5,7,6.6,8.0,9.3,8.0,6.8,90.7,21.7,67.9
2009,5,8,7.5,10.0,12.5,1.4,8.3,92.4,6.7,168.3
2009,5,9,6.1,10.5,14.8,7.4,8.9,93.1,10.5,134.2
2009,5,10,5.9,8.0,10.1,0.6,5.8,81.6,14.5,211.3
2009,5,11,3.6,9.6,15.6,0.0,0.3,55.6,11.7,202.9
2009,5,12,4.7,11.1,17.5,0.0,-2.1,42.4,8.0,157.5
2009,5,13,4.1,12.5,20.9,0.0,0.5,45.5,8.7,201.7
2009,5,14,9.4,14.2,20.7,-999.0,7.1,64.9,17.9,185.5
2009,5,15,8.1,12.9,17.7,0.0,4.0,54.7,16.4,243.0
2009,5,16,6.7,9.9,13.0,7.6,5.7,73.3,19.6,62.9
2009,5,17,7.1,10.9,14.6,2.0,2.5,60.8,23.7,208.8
2009,5,18,4.2,8.3,12.4,0.0,-2.7,48.2,11.9,245.8
2009,5,19,2.5,10.2,17.8,0.0,1.7,58.2,17.1,260.4
2009,5,20,4.1,6.9,9.7,0.0,-0.5,57.6,10.1,217.5
2009,5,21,5.1,17.7,30.3,0.0,5.1,47.2,23.3,247.5
2009,5,22,7.7,13.8,19.9,0.6,3.4,42.4,17.5,289.2
2009,5,23,5.5,12.7,19.8,0.0,0.8,46.0,7.1,251.7
2009,5,24,9.3,16.0,22.6,0.0,5.3,53.9,12.4,232.1
2009,5,25,4.1,8.3,12.5,0.0,-3.3,42.9,16.7,302.5
2009,5,26,3.1,9.9,16.6,0.0,-3.1,41.2,10.6,188.8
2009,5,27,9.7,11.7,13.7,2.8,5.0,67.8,20.5,67.1
2009,5,28,9.3,12.9,16.4,3.4,8.1,74.3,18.2,84.2
2009,5,29,10.7,13.3,15.8,32.6,11.7,95.5,12.0,87.5
2009,5,30,8.6,12.4,16.2,1.4,10.9,84.6,12.8,245.8
2009,5,31,6.1,11.3,16.5,1.2,5.6,69.7,13.3,221.7
2009,6,1,4.2,10.8,17.4,0.8,3.0,60.0,26.9,237.5
2009,6,2,7.9,13.2,18.5,0.0,5.6,63.5,17.0,242.1
2009,6,3,7.9,13.6,19.3,0.0,3.0,48.3,16.3,248.8
2009,6,4,7.7,13.4,19.1,0.0,1.7,44.8,13.1,233.3
2009,6,5,6.3,15.0,23.7,0.0,4.3,49.8,10.9,236.7
2009,6,6,10.3,16.9,23.4,0.6,6.7,52.8,13.6,194.2
2009,6,7,8.8,14.1,19.3,0.0,1.9,43.6,13.9,280.0
2009,6,8,8.2,13.8,19.3,0.0,3.9,51.9,12.0,204.6
2009,6,9,9.1,12.0,14.9,8.6,6.6,69.3,23.8,64.2
2009,6,10,10.6,11.6,12.6,9.6,10.7,95.0,16.3,58.8
2009,6,11,12.3,15.6,18.8,0.2,12.5,87.0,12.6,73.8
2009,6,12,10.6,13.7,16.7,4.6,12.0,88.9,17.9,75.0
2009,6,13,8.8,16.8,24.8,0.0,10.0,69.8,11.1,211.3
2009,6,14,11.3,16.1,20.8,0.0,10.9,71.8,11.5,94.3
2009,6,15,12.2,17.3,22.4,0.0,12.0,76.7,14.9,82.5
2009,6,16,13.4,19.1,24.8,0.0,11.5,63.5,10.1,174.2
2009,6,17,13.4,20.2,26.9,0.0,12.2,60.5,12.6,245.4
2009,6,18,14.9,19.4,23.9,0.4,11.2,61.2,12.2,243.3
2009,6,19,14.6,16.1,17.5,15.4,14.7,92.1,15.0,97.9
2009,6,20,16.4,18.4,20.3,0.0,16.2,88.5,25.0,59.6
2009,6,21,14.0,16.0,18.0,0.6,14.7,92.3,25.5,91.3
2009,6,22,12.9,17.1,21.2,0.0,13.0,79.3,23.0,67.9
2009,6,23,13.1,17.7,22.3,0.0,11.6,66.7,18.0,87.1
2009,6,24,16.7,20.3,23.8,0.0,14.2,70.7,14.4,82.9
2009,6,25,16.8,23.6,30.4,11.4,17.8,74.8,9.8,176.7
2009,6,26,17.6,20.7,23.7,8.6,17.7,89.5,10.5,92.1
2009,6,27,15.4,17.4,19.3,42.4,16.0,93.6,13.2,77.9
2009,6,28,14.4,16.4,18.3,6.4,15.5,93.7,24.9,88.8
2009,6,29,15.1,16.7,18.3,14.6,15.8,94.1,28.6,82.1
2009,6,30,14.0,16.3,18.5,1.6,15.2,91.4,23.8,86.7
2009,7,1,13.9,16.2,18.5,0.2,14.8,91.2,22.9,84.6
2009,7,2,15.1,16.7,18.3,7.0,15.4,93.7,21.6,83.8
2009,7,3,14.8,16.6,18.3,20.2,15.4,95.2,21.0,87.5
2009,7,4,13.5,15.7,17.9,11.2,14.4,93.4,15.9,140.4
2009,7,5,13.2,17.2,21.2,0.0,12.7,76.8,17.1,247.5
2009,7,6,12.5,15.4,18.2,10.8,12.3,82.7,20.5,65.8
2009,7,7,12.6,15.2,17.7,6.8,12.9,90.4,23.5,57.1
2009,7,8,11.9,15.4,18.8,0.0,12.7,82.8,16.9,86.3
2009,7,9,10.2,18.1,25.9,0.0,11.8,68.4,7.2,250.4
2009,7,10,13.8,20.4,27.0,0.0,13.1,63.4,11.4,242.5
2009,7,11,15.0,21.8,28.5,16.2,14.9,75.9,9.0,184.6
2009,7,12,13.8,17.4,21.0,1.6,13.2,75.5,16.0,234.2
2009,7,13,11.4,15.7,20.0,10.6,11.3,80.3,12.0,248.3
2009,7,14,10.5,15.1,19.7,0.2,10.5,76.5,15.3,248.3
2009,7,15,10.7,15.6,20.4,0.0,9.8,69.0,14.2,250.0
2009,7,16,13.2,16.1,18.9,1.4,13.1,81.3,9.6,130.8
2009,7,17,16.1,20.1,24.0,11.0,15.9,83.1,13.2,74.6
2009,7,18,15.0,18.9,22.7,11.2,16.0,89.7,15.1,113.3
2009,7,19,14.9,18.8,22.7,1.6,14.4,77.5,16.9,246.7
2009,7,20,15.0,20.5,25.9,0.0,14.7,72.6,9.9,250.4
2009,7,21,14.6,21.1,27.6,0.0,15.0,72.2,9.1,152.2
2009,7,22,15.7,17.1,18.5,2.4,14.4,83.7,14.3,68.3
2009,7,23,14.6,19.2,23.8,0.0,14.9,76.6,15.3,55.8
2009,7,24,15.3,17.7,20.1,0.2,14.9,78.3,22.1,65.8
2009,7,25,14.4,15.8,17.2,3.0,13.9,87.5,20.7,61.3
2009,7,26,14.1,15.5,16.8,6.0,13.7,88.7,31.1,69.6
2009,7,27,14.8,18.1,21.3,5.0,16.4,92.5,11.9,91.3
2009,7,28,17.1,22.4,27.6,0.4,17.2,75.2,12.7,242.1
2009,7,29,18.7,23.1,27.4,25.8,19.4,88.0,6.3,149.2
2009,7,30,18.6,23.3,28.0,0.0,18.0,75.0,10.8,220.9
2009,7,31,17.5,20.2,22.8,0.0,16.1,79.3,9.5,241.7
2009,8,1,17.0,22.2,27.4,0.0,16.5,73.0,10.5,232.5
2009,8,2,18.6,23.5,28.4,12.4,17.2,80.7,10.3,152.5
2009,8,3,17.8,21.2,24.5,0.0,14.6,69.9,14.0,241.3
2009,8,4,17.6,23.2,28.8,2.8,15.8,67.2,9.1,174.2
2009,8,5,15.7,20.1,24.5,0.2,13.7,63.9,17.3,252.1
2009,8,6,13.3,17.6,21.9,0.0,12.8,73.1,9.8,251.7
2009,8,7,10.1,14.7,19.3,18.6,11.1,80.3,6.8,275.0
2009,8,8,9.6,16.6,23.5,0.0,9.8,67.1,11.5,244.2
2009,8,9,12.8,18.4,23.9,5.6,13.1,75.0,8.2,164.6
2009,8,10,16.1,21.0,25.9,2.8,18.3,90.8,7.3,188.3
2009,8,11,17.9,21.3,24.6,0.0,16.3,79.0,12.0,73.3
2009,8,12,16.3,20.6,24.8,0.0,16.5,78.2,11.0,60.4
2009,8,13,16.9,23.3,29.7,0.0,15.9,65.5,8.9,186.7
2009,8,14,17.7,24.3,30.8,0.0,18.1,70.5,13.2,240.8
2009,8,15,19.3,24.8,30.3,0.0,18.9,71.6,15.3,242.9
2009,8,16,18.6,24.8,31.0,0.0,19.0,75.3,12.3,194.6
2009,8,17,18.5,25.2,31.9,0.2,19.6,75.6,13.0,207.4
2009,8,18,21.9,27.0,32.1,10.2,21.3,81.2,15.6,243.3
2009,8,19,16.8,21.9,26.9,0.0,16.1,66.2,15.6,257.5
2009,8,20,14.5,20.1,25.6,0.4,14.1,69.5,8.6,200.0
2009,8,21,18.5,20.7,22.8,22.4,17.8,86.8,17.5,69.6
2009,8,22,19.1,23.6,28.0,0.0,19.2,79.5,8.5,216.7
2009,8,23,16.4,19.1,21.8,0.0,15.4,74.8,18.0,108.3
2009,8,24,14.0,19.8,25.5,0.0,12.7,66.5,8.5,258.8
2009,8,25,10.8,17.9,24.9,0.0,12.1,68.7,8.6,243.8
2009,8,26,10.4,17.1,23.7,0.0,10.5,59.3,20.8,261.3
2009,8,27,7.6,12.8,18.0,0.0,3.6,55.0,11.3,280.8
2009,8,28,8.3,13.5,18.7,0.0,4.5,55.4,8.3,181.3
2009,8,29,12.1,13.8,15.4,6.4,9.7,76.8,30.4,66.7
2009,8,30,11.7,15.8,19.8,4.6,13.1,88.9,14.9,115.0
2009,8,31,8.8,14.4,19.9,0.0,7.5,64.2,12.1,270.4
2009,9,1,7.1,14.5,21.9,0.0,8.3,67.0,13.5,243.3
2009,9,2,12.8,18.9,24.9,0.0,12.9,70.4,14.3,243.3
2009,9,3,15.2,20.4,25.5,0.0,14.1,72.8,15.7,244.2
2009,9,4,12.5,19.2,25.9,0.0,10.9,63.7,12.9,258.8
2009,9,5,8.9,14.6,20.3,0.0,6.6,61.3,10.2,274.6
2009,9,6,5.8,12.5,19.2,0.0,5.6,62.6,6.0,183.8
2009,9,7,7.2,15.2,23.1,0.0,9.8,70.0,12.2,245.8
2009,9,8,12.4,18.7,25.0,0.0,12.2,67.1,11.6,205.0
2009,9,9,10.3,14.4,18.5,0.0,6.0,57.8,13.8,115.4
2009,9,10,7.6,15.7,23.8,0.0,7.3,59.0,8.3,135.0
2009,9,11,10.6,17.2,23.7,0.0,10.1,66.8,11.1,236.7
2009,9,12,11.0,18.5,25.9,0.0,9.9,62.8,11.0,239.2
2009,9,13,12.5,16.2,19.9,1.8,10.0,70.5,10.5,275.8
2009,9,14,10.5,13.8,17.1,0.2,9.3,71.8,10.8,262.9
2009,9,15,10.7,14.1,17.4,0.0,8.5,76.3,13.5,109.2
2009,9,16,5.8,10.6,15.3,0.0,4.6,63.4,16.3,101.3
2009,9,17,4.2,11.8,19.3,0.0,5.1,64.3,9.0,240.0
2009,9,18,9.0,12.3,15.5,10.2,7.1,71.9,19.2,263.8
2009,9,19,7.0,11.9,16.7,0.0,3.0,56.9,14.6,268.8
2009,9,20,6.2,13.1,20.0,0.0,7.0,70.3,13.5,243.3
2009,9,21,11.1,17.9,24.7,0.0,10.7,69.3,7.6,249.5
2009,9,22,11.2,14.5,17.8,4.2,13.3,92.6,6.0,244.2
2009,9,23,12.7,16.6,20.5,26.4,17.7,92.3,12.8,251.3
2009,9,24,8.9,13.5,18.1,0.0,7.6,68.3,10.2,287.5
2009,9,25,4.1,8.1,12.1,0.0,4.3,67.8,14.3,119.2
2009,9,26,1.9,9.5,17.1,0.0,3.7,69.0,8.9,270.4
2009,9,27,10.7,12.3,13.9,39.8,10.4,88.0,12.3,137.5
2009,9,28,13.3,15.7,18.1,14.0,13.6,91.9,15.7,116.3
2009,9,29,11.3,13.8,16.3,11.2,11.6,88.4,6.6,166.3
2009,9,30,7.8,9.9,12.0,0.8,7.5,84.9,15.4,240.8
2009,10,1,6.7,7.9,9.0,1.2,6.1,90.3,16.6,238.8
2009,10,2,6.3,8.1,9.9,0.4,5.4,83.5,9.7,209.2
2009,10,3,8.0,9.4,10.8,10.6,7.5,87.1,23.2,61.7
2009,10,4,9.8,11.2,12.6,0.0,9.7,90.7,18.8,70.4
2009,10,5,8.6,12.2,15.7,1.6,9.5,89.2,9.4,220.4
2009,10,6,7.4,11.6,15.7,0.2,7.6,81.0,13.7,255.4
2009,10,7,7.6,8.8,9.9,23.0,7.8,91.8,21.0,77.1
2009,10,8,7.6,9.9,12.2,0.0,6.0,77.5,10.0,232.5
2009,10,9,7.4,9.2,11.0,8.6,8.5,93.8,4.7,261.7
2009,10,10,2.6,6.7,10.7,3.8,3.5,75.8,11.0,230.0
2009,10,11,1.4,5.9,10.4,1.6,-0.6,71.9,17.8,250.0
2009,10,12,2.9,6.4,9.9,0.0,-1.2,63.2,13.8,260.0
2009,10,13,1.1,3.4,5.7,4.0,1.1,84.6,7.3,190.0
2009,10,14,-1.1,2.5,6.0,0.2,-4.2,61.7,11.8,270.8
2009,10,15,-1.6,2.2,5.9,0.0,-5.8,57.7,8.7,204.2
2009,10,16,-1.2,2.9,7.0,0.0,-3.7,62.8,17.8,102.1
2009,10,17,-0.2,3.3,6.7,0.0,-3.3,60.9,17.0,82.9
2009,10,18,0.4,3.9,7.4,0.0,-2.5,63.6,15.6,50.0
2009,10,19,-2.3,3.5,9.3,0.0,-2.7,65.6,7.6,263.8
2009,10,20,3.3,6.1,8.9,0.2,2.0,73.3,7.5,246.3
2009,10,21,2.1,6.1,10.1,0.0,-0.8,66.1,13.4,212.1
2009,10,22,-1.6,1.3,4.2,12.6,-0.3,90.1,23.8,115.4
2009,10,23,-2.2,1.2,4.5,2.0,-2.8,75.0,10.4,149.6
2009,10,24,1.3,3.5,5.6,15.4,2.6,93.1,26.6,60.8
2009,10,25,2.6,6.3,9.9,0.0,1.7,72.1,18.7,234.2
2009,10,26,0.9,4.5,8.1,0.0,-4.1,55.6,12.2,243.9
2009,10,27,1.7,3.2,4.7,0.4,0.2,81.2,25.7,62.9
2009,10,28,3.4,4.1,4.8,0.0,0.8,79.7,29.8,66.7
2009,10,29,3.0,4.3,5.6,0.0,2.0,82.9,12.4,77.5
2009,10,30,1.3,4.9,8.4,1.4,3.8,88.5,5.5,137.5
2009,10,31,7.4,10.5,13.5,14.3,8.4,91.5,11.8,195.8
2009,11,1,1.0,5.8,10.5,0.0,0.8,64.3,16.5,270.0
2009,11,2,0.4,3.7,6.9,1.1,-0.7,73.4,14.5,106.3
2009,11,3,1.3,3.1,4.9,0.0,1.2,83.0,12.3,127.5
2009,11,4,-1.4,1.2,3.8,1.3,-4.8,63.7,15.8,254.6
2009,11,5,-3.3,0.1,3.4,0.0,-4.6,69.3,15.8,100.0
2009,11,6,0.6,3.3,5.9,0.0,-3.0,68.6,12.5,169.2
2009,11,7,-2.4,-0.2,2.0,0.0,-5.1,66.4,7.3,222.5
2009,11,8,1.8,8.2,14.5,0.0,0.6,62.5,15.1,243.8
2009,11,9,2.3,7.1,11.9,0.0,1.9,70.5,7.3,194.2
2009,11,10,2.9,7.5,12.1,0.0,1.8,62.1,15.6,252.1
2009,11,11,-0.8,4.8,10.4,0.0,-1.8,62.6,10.5,253.8
2009,11,12,-2.5,3.2,8.9,0.0,-4.0,65.7,11.3,236.3
2009,11,13,-3.9,1.9,7.7,0.0,-2.8,70.1,9.0,150.8
2009,11,14,-1.6,3.1,7.8,5.3,-0.6,69.5,13.3,80.4
2009,11,15,7.3,9.4,11.4,3.8,8.9,96.6,13.6,163.3
2009,11,16,2.5,5.8,9.1,0.0,-0.5,64.5,18.6,248.8
2009,11,17,-0.6,3.6,7.8,1.1,-2.6,64.2,9.5,250.4
2009,11,18,-2.1,2.3,6.7,0.0,-2.6,74.0,14.5,241.7
2009,11,19,-1.9,3.6,9.1,0.0,-1.5,75.5,10.3,240.4
2009,11,20,0.4,4.0,7.6,16.2,2.7,88.5,12.3,187.4
2009,11,21,1.0,4.6,8.1,0.0,2.5,78.5,18.1,253.3
2009,11,22,-1.5,1.3,4.1,0.0,-1.1,81.8,6.9,141.3
2009,11,23,-3.0,2.0,7.0,0.0,-1.2,81.3,4.6,227.3
2009,11,24,-2.4,1.7,5.8,0.0,0.9,89.1,7.9,155.0
2009,11,25,2.9,3.6,4.3,10.6,2.4,92.0,27.5,74.2
2009,11,26,3.4,4.8,6.2,1.1,4.1,95.7,9.6,68.8
2009,11,27,0.2,3.2,6.1,22.2,3.7,94.0,16.3,83.3
2009,11,28,0.5,3.7,6.8,6.8,-1.1,70.9,17.3,287.9
2009,11,29,0.3,2.3,4.3,0.0,-4.9,60.5,17.9,255.4
2009,11,30,-3.4,-0.9,1.7,2.9,-2.4,83.2,12.5,171.7
2009,12,1,-4.5,-1.6,1.4,0.0,-4.2,82.6,8.0,257.9
2009,12,2,-1.9,0.6,3.0,1.5,-0.9,86.1,11.5,173.5
2009,12,3,0.8,2.8,4.7,26.7,1.7,91.5,31.4,76.3
2009,12,4,0.6,3.1,5.6,0.0,-0.7,78.0,15.1,224.2
2009,12,5,-2.2,-0.3,1.7,0.0,-3.1,79.5,6.8,212.2
2009,12,6,-5.0,-1.3,2.4,0.0,-6.4,67.0,13.2,228.3
2009,12,7,-7.3,-4.8,-2.2,0.0,-9.1,70.8,9.5,254.2
2009,12,8,-9.6,-5.6,-1.5,0.0,-10.6,69.4,9.1,252.9
2009,12,9,-10.2,-7.1,-3.9,24.1,-8.9,82.6,31.9,113.8
2009,12,10,-7.7,-3.5,0.7,3.0,-5.8,82.6,23.7,170.8
2009,12,11,-10.8,-8.6,-6.4,0.0,-14.0,62.4,27.6,250.0
2009,12,12,-14.4,-11.1,-7.7,0.0,-17.9,55.3,19.4,247.1
2009,12,13,-8.5,-4.7,-0.9,1.6,-7.7,79.1,5.5,219.2
2009,12,14,-5.1,-3.4,-1.7,3.5,-5.2,83.3,11.4,222.6
2009,12,15,-6.0,-4.3,-2.6,2.6,-5.3,85.5,24.9,114.6
2009,12,16,-20.1,-13.1,-6.0,0.0,-20.5,56.4,19.1,264.6
2009,12,17,-21.3,-17.4,-13.4,0.0,-23.8,59.2,24.0,245.4
2009,12,18,-18.6,-15.2,-11.8,0.0,-21.4,59.3,21.5,242.5
2009,12,19,-18.0,-13.5,-8.9,1.1,-20.6,56.5,15.0,203.3
2009,12,20,-16.4,-10.4,-4.4,0.0,-15.7,68.6,11.8,260.9
2009,12,21,-9.5,-7.5,-5.5,0.0,-12.8,67.2,18.7,251.7
2009,12,22,-11.2,-10.0,-8.8,12.8,-13.3,78.3,21.6,232.9
2009,12,23,-11.0,-9.1,-7.2,13.8,-11.2,86.8,11.3,233.3
2009,12,24,-7.3,-4.1,-0.9,1.3,-5.4,87.6,8.1,247.9
2009,12,25,-5.1,-3.7,-2.2,1.5,-5.7,82.8,17.3,174.6
2009,12,26,-4.8,-3.4,-2.0,4.7,-6.3,80.6,28.8,74.2
2009,12,27,-2.8,-1.0,0.9,46.1,-0.7,98.5,22.4,98.3
2009,12,28,-3.8,-1.7,0.5,0.0,-2.0,89.3,12.8,241.7
2009,12,29,-17.1,-10.3,-3.5,1.0,-17.3,60.4,20.3,282.5
2009,12,30,-18.5,-15.2,-11.9,0.0,-20.3,67.6,18.8,250.4
2009,12,31,-11.9,-7.9,-3.9,1.1,-10.2,80.8,10.9,108.8
2010,1,1,-5.1,-4.3,-3.4,5.3,-6.0,87.8,24.6,62.5
2010,1,2,-5.0,-3.7,-2.4,10.8,-6.2,85.8,16.8,99.6
2010,1,3,-2.5,0.6,3.6,2.8,-1.9,76.3,23.9,105.8
2010,1,4,-4.3,-1.7,1.0,1.9,-4.1,79.1,15.2,253.8
2010,1,5,-5.6,-4.1,-2.5,0.0,-6.2,87.9,19.5,236.3
2010,1,6,-3.8,-2.5,-1.1,1.4,-5.4,79.2,21.9,239.6
2010,1,7,-7.5,-4.3,-1.0,0.0,-8.4,67.8,18.7,250.0
2010,1,8,-9.1,-5.9,-2.6,1.1,-10.7,70.8,11.5,231.3
2010,1,9,-15.9,-11.9,-7.8,0.0,-19.2,53.4,17.7,281.7
2010,1,10,-18.7,-15.6,-12.5,0.0,-19.9,66.4,14.6,244.6
2010,1,11,-13.5,-9.1,-4.6,0.0,-13.6,71.6,12.8,256.7
2010,1,12,-14.9,-11.4,-7.9,0.0,-18.5,52.5,15.8,296.7
2010,1,13,-18.5,-14.5,-10.4,0.0,-20.9,59.1,17.0,240.8
2010,1,14,-20.0,-12.4,-4.8,1.1,-16.5,74.8,6.6,253.3
2010,1,15,-4.9,-1.5,2.0,0.0,-5.1,81.1,15.7,243.3
2010,1,16,-11.2,-4.7,1.8,1.2,-5.0,77.0,20.5,237.5
2010,1,17,-13.9,-10.1,-6.2,1.1,-15.3,64.6,22.0,81.3
2010,1,18,-6.2,-4.8,-3.4,0.0,-9.2,71.0,23.4,71.7
2010,1,19,-4.0,-3.3,-2.6,0.0,-5.4,85.8,11.0,59.2
2010,1,20,-3.6,-2.3,-0.9,1.8,-4.1,87.8,10.5,73.9
2010,1,21,-6.7,-4.7,-2.6,0.0,-7.7,76.9,17.7,246.7
2010,1,22,-12.7,-7.9,-3.1,0.0,-10.5,78.2,8.5,198.3
2010,1,23,-15.9,-10.6,-5.3,0.0,-15.4,66.1,9.6,257.1
2010,1,24,-11.1,-6.4,-1.7,0.0,-10.5,71.8,12.0,147.9
2010,1,25,-1.9,2.8,7.4,35.2,0.0,91.6,13.5,98.3
2010,1,26,0.6,2.2,3.8,1.1,0.0,88.7,18.0,244.2
2010,1,27,-5.7,-2.3,1.1,1.5,-3.9,84.5,13.0,221.7
2010,1,28,-9.8,-6.1,-2.3,2.6,-6.1,84.9,14.0,133.8
2010,1,29,-16.9,-13.0,-9.1,2.2,-17.4,75.8,25.6,248.8
2010,1,30,-20.1,-17.2,-14.3,0.0,-22.1,66.0,23.0,243.8
2010,1,31,-19.8,-15.5,-11.2,0.0,-19.0,75.0,13.3,250.8
2010,2,1,-17.8,-15.1,-12.3,1.2,-19.8,63.4,19.1,257.9
2010,2,2,-22.0,-18.1,-14.2,0.0,-24.9,54.1,10.6,258.8
2010,2,3,-19.9,-13.5,-7.0,0.0,-18.5,66.5,9.7,244.2
2010,2,4,-14.4,-11.6,-8.7,0.0,-17.2,63.3,16.0,254.2
2010,2,5,-13.7,-11.5,-9.2,0.0,-18.5,57.2,15.5,265.4
2010,2,6,-15.7,-10.8,-5.8,1.2,-18.0,57.9,12.3,287.9
2010,2,7,-11.2,-8.0,-4.7,-999.0,-13.5,62.0,18.0,280.0
2010,2,8,-7.9,-5.9,-3.9,0.0,-9.5,73.8,21.8,239.2
2010,2,9,-8.2,-4.1,0.0,0.0,-6.9,76.8,19.9,235.8
2010,2,10,-11.9,-7.4,-2.9,1.1,-9.6,81.7,9.7,144.6
2010,2,11,-6.0,-3.5,-0.9,0.0,-7.2,74.2,9.2,245.4
2010,2,12,-7.6,-5.4,-3.2,0.0,-9.2,75.2,22.0,237.9
2010,2,13,-7.9,-4.8,-1.7,0.0,-8.1,78.4,22.8,242.1
2010,2,14,-5.5,-3.6,-1.7,0.0,-7.7,73.3,21.5,244.2
2010,2,15,-5.8,-4.3,-2.7,1.1,-7.9,76.4,18.6,243.8
2010,2,16,-4.3,-2.1,0.2,0.0,-5.4,80.8,8.0,250.0
2010,2,17,-3.9,-1.5,0.9,2.6,-3.3,86.8,11.9,235.0
2010,2,18,-1.4,2.7,6.7,0.0,-1.9,77.0,19.5,240.8
2010,2,19,-4.2,-1.0,2.3,2.1,-4.5,79.8,23.7,235.8
2010,2,20,-2.6,0.1,2.7,0.0,-4.4,71.8,19.6,240.4
2010,2,21,-4.6,-1.8,1.0,0.0,-5.0,78.2,15.9,235.0
2010,2,22,-0.9,0.7,2.3,1.3,-1.2,87.4,10.7,146.7
2010,2,23,0.2,1.4,2.5,0.0,-0.3,90.8,15.9,82.1
2010,2,24,0.2,1.1,2.0,9.5,-0.8,87.9,22.3,66.7
2010,2,25,-1.2,0.2,1.6,20.8,-0.8,95.5,43.7,58.8
2010,2,26,-1.2,0.5,2.1,4.4,-1.8,82.8,48.7,65.0
2010,2,27,0.9,1.7,2.5,0.0,-0.5,83.7,34.0,65.4
2010,2,28,0.0,0.9,1.7,1.3,-0.6,91.2,19.1,67.9
2010,3,1,0.4,2.1,3.8,1.1,-1.7,79.2,10.5,103.5
2010,3,2,-2.6,-0.5,1.6,0.0,-3.6,76.4,14.0,69.2
2010,3,3,-5.7,-2.7,0.3,0.0,-5.2,78.5,12.9,76.7
2010,3,4,-5.2,-2.3,0.7,0.0,-5.1,73.3,19.0,62.9
2010,3,5,-8.4,-4.7,-0.9,0.0,-9.8,62.9,9.9,173.0
2010,3,6,-5.6,0.4,6.4,0.0,-7.7,56.8,15.5,238.8
2010,3,7,-2.2,2.4,7.0,0.0,-3.7,67.2,15.5,236.3
2010,3,8,-1.0,2.8,6.5,0.0,-6.3,52.7,18.8,265.0
2010,3,9,-3.5,-0.1,3.3,0.0,-9.5,51.1,14.9,301.3
2010,3,10,-5.9,-1.1,3.8,0.0,-8.9,55.7,14.5,257.9
2010,3,11,-4.3,-1.4,1.6,0.0,-5.6,71.2,12.0,62.1
2010,3,12,-2.3,0.2,2.7,0.0,-5.6,65.7,19.7,70.4
2010,3,13,-0.8,1.3,3.3,0.0,-4.0,68.5,20.0,80.8
2010,3,14,1.1,3.1,5.1,0.0,-3.9,63.5,29.2,82.5
2010,3,15,0.1,2.4,4.7,0.0,-2.1,71.7,23.4,80.0
2010,3,16,-3.2,4.2,11.5,0.0,-2.1,69.4,9.1,160.0
2010,3,17,-2.2,4.6,11.3,0.0,-3.2,58.0,16.1,233.3
2010,3,18,1.6,6.4,11.1,0.0,-2.4,53.1,14.3,232.9
2010,3,19,0.8,2.0,3.2,0.0,-2.5,72.5,15.0,80.9
2010,3,20,-1.7,3.6,8.9,0.0,-3.3,59.7,13.1,244.6
2010,3,21,-3.9,-0.2,3.6,0.0,-7.7,58.3,10.6,118.3
2010,3,22,-3.0,3.5,10.0,0.0,-5.0,59.8,10.8,223.8
2010,3,23,-1.8,0.5,2.8,13.0,-3.2,80.2,41.6,64.6
2010,3,24,-2.0,0.5,3.0,9.1,-1.8,83.9,12.5,209.1
2010,3,25,-7.8,1.8,11.4,1.1,-5.5,60.7,13.1,239.6
2010,3,26,-13.1,-8.3,-3.5,1.0,-20.2,37.7,16.0,304.2
2010,3,27,-14.2,-8.4,-2.6,1.0,-19.1,39.1,10.8,221.7
2010,3,28,-3.4,1.4,6.2,0.0,-6.9,58.2,14.6,93.3
2010,3,29,0.2,1.2,2.2,26.2,0.8,96.0,13.5,85.4
2010,3,30,0.8,2.7,4.6,3.3,-0.2,82.9,28.9,73.8
2010,3,31,1.6,2.9,4.1,0.0,1.3,90.1,33.0,73.3
2010,4,1,1.5,3.4,5.2,0.0,1.4,90.3,15.2,76.7
2010,4,2,0.1,3.5,6.8,0.0,2.0,93.5,14.6,74.6
2010,4,3,2.9,13.7,24.5,0.0,6.1,71.2,7.7,148.2
2010,4,4,5.5,12.3,19.1,0.0,2.1,51.3,14.8,233.2
2010,4,5,2.8,8.2,13.5,3.1,2.5,65.8,6.8,235.4
2010,4,6,6.8,11.8,16.7,0.0,3.7,64.5,14.0,198.8
2010,4,7,4.7,8.1,11.4,5.0,5.8,85.2,9.0,122.5
2010,4,8,2.2,5.0,7.8,-999.0,-3.6,53.0,24.7,84.3
2010,4,9,4.9,6.6,8.3,7.1,3.0,77.3,17.0,146.3
2010,4,10,3.6,7.0,10.3,1.4,-3.5,51.5,26.2,261.3
2010,4,11,3.1,7.7,12.2,0.0,-3.2,49.0,25.1,260.0
2010,4,12,2.5,7.4,12.2,0.0,-4.8,45.2,14.0,273.8
2010,4,13,-0.2,6.4,12.9,0.0,-5.1,46.5,10.1,209.6
2010,4,14,1.2,8.0,14.8,0.0,-5.7,42.0,15.2,242.9
2010,4,15,0.2,3.8,7.4,0.0,-1.2,66.8,18.8,110.0
2010,4,16,3.0,6.8,10.6,0.0,-0.1,67.2,24.2,77.5
2010,4,17,1.1,3.9,6.6,6.7,0.5,80.6,18.4,126.3
2010,4,18,2.3,4.7,7.1,2.8,1.7,82.9,16.3,125.7
2010,4,19,2.4,7.4,12.3,0.0,4.1,83.8,7.2,170.4
2010,4,20,5.5,12.2,18.9,1.1,1.2,52.2,13.2,255.8
2010,4,21,4.4,10.4,16.4,0.0,0.8,56.8,9.1,141.7
2010,4,22,6.3,8.2,10.0,0.0,3.3,72.5,14.5,78.3
2010,4,23,3.8,8.5,13.1,0.0,4.1,73.9,7.8,111.7
2010,4,24,2.4,9.7,16.9,4.2,1.6,62.2,11.2,232.9
2010,4,25,4.2,10.5,16.8,1.6,3.3,62.8,8.5,215.8
2010,4,26,4.8,6.6,8.3,1.5,-2.3,52.3,32.4,90.8
2010,4,27,2.0,3.9,5.7,2.8,-1.2,70.6,34.8,63.8
2010,4,28,4.7,9.1,13.5,0.0,-0.2,58.6,15.3,147.9
2010,4,29,3.0,7.1,11.1,0.0,-3.5,46.9,18.0,286.3
2010,4,30,6.9,12.9,18.8,0.0,-1.2,38.3,18.1,290.0
2010,5,1,5.9,13.9,21.8,1.1,-0.1,40.7,10.7,227.5
2010,5,2,12.4,18.5,24.5,0.0,10.6,65.9,6.7,193.0
2010,5,3,9.8,16.0,22.1,3.6,11.0,84.5,17.7,158.3
2010,5,4,9.1,15.2,21.3,0.0,8.7,69.7,11.6,207.5
2010,5,5,8.3,13.8,19.3,0.8,8.0,77.3,13.5,100.4
2010,5,6,7.3,13.6,19.8,5.8,8.9,85.0,18.0,179.2
2010,5,7,4.6,9.1,13.6,0.0,0.3,57.1,18.5,280.0
2010,5,8,3.3,5.4,7.5,5.4,2.1,77.2,20.2,105.2
2010,5,9,2.5,5.5,8.4,0.4,1.2,71.6,17.4,258.3
2010,5,10,0.2,3.4,6.6,0.0,-4.3,57.3,14.1,300.8
2010,5,11,-0.6,7.0,14.6,0.0,-1.5,56.5,13.4,183.3
2010,5,12,2.7,7.1,11.4,0.0,-0.8,54.3,11.7,112.9
2010,5,13,2.0,10.5,18.9,0.0,-3.4,40.5,13.0,270.0
2010,5,14,8.0,11.0,14.0,0.0,2.4,57.7,10.6,116.5
2010,5,15,5.3,10.5,15.6,0.6,4.8,70.4,14.3,109.2
2010,5,16,3.9,12.4,20.8,0.0,-2.4,39.3,15.3,293.8
2010,5,17,6.2,11.7,17.1,0.0,4.2,56.3,10.0,150.0
2010,5,18,7.7,17.8,27.9,0.0,4.4,44.9,9.9,235.0
2010,5,19,11.5,18.3,25.1,0.0,6.6,50.5,7.1,220.0
2010,5,20,11.4,18.0,24.6,0.0,4.3,45.5,16.1,273.8
2010,5,21,8.1,14.6,21.0,0.0,-1.7,36.0,11.0,137.5
2010,5,22,7.6,17.8,27.9,0.0,5.1,45.2,8.3,216.3
2010,5,23,15.5,22.6,29.7,0.0,12.1,53.0,13.6,260.0
2010,5,24,17.2,23.9,30.6,0.0,14.9,57.3,15.5,240.0
2010,5,25,12.0,21.8,31.6,30.2,17.1,79.8,12.7,177.1
2010,5,26,12.5,20.3,28.0,0.0,13.0,79.3,18.5,90.8
2010,5,27,11.3,15.1,18.8,0.0,7.1,59.8,18.3,76.7
2010,5,28,9.6,14.3,18.9,0.0,7.4,59.9,12.9,102.9
2010,5,29,13.8,19.3,24.7,0.0,10.0,58.9,10.0,209.2
2010,5,30,10.8,16.2,21.5,0.0,0.6,34.7,15.9,270.4
2010,5,31,8.0,13.9,19.8,2.4,2.6,45.4,8.8,220.4
2010,6,1,12.4,14.0,15.6,19.0,11.7,88.1,11.8,63.3
2010,6,2,13.1,17.6,22.0,8.0,14.4,85.8,9.7,172.1
2010,6,3,12.5,14.7,16.8,6.8,11.1,78.8,19.9,81.7
2010,6,4,12.4,18.4,24.4,0.6,11.8,67.5,12.9,237.1
2010,6,5,10.3,14.1,17.8,4.2,9.1,73.2,24.9,69.6
2010,6,6,10.4,12.1,13.7,8.0,9.8,89.3,10.4,142.9
2010,6,7,10.0,14.7,19.4,0.0,7.7,67.6,13.7,269.6
2010,6,8,9.8,14.5,19.1,0.0,5.7,59.6,11.5,269.6
2010,6,9,9.3,14.5,19.6,0.0,8.3,63.3,12.7,141.7
2010,6,10,13.8,17.4,21.0,0.0,9.3,61.5,15.5,115.4
2010,6,11,11.2,17.8,24.3,0.0,11.2,66.2,14.0,242.1
2010,6,12,15.0,19.6,24.1,0.0,13.8,75.5,7.5,125.4
2010,6,13,14.1,19.8,25.4,0.0,12.9,71.2,7.0,112.5
2010,6,14,12.9,17.2,21.5,0.0,9.4,62.5,11.7,273.0
2010,6,15,10.2,16.9,23.6,0.0,-0.3,33.1,11.0,303.9
2010,6,16,8.8,16.3,23.7,0.6,6.9,53.5,6.7,226.7
2010,6,17,14.9,21.1,27.3,0.8,12.9,63.3,9.5,135.8
2010,6,18,17.4,23.9,30.4,0.0,14.1,56.9,18.3,240.0
2010,6,19,18.9,24.9,30.8,1.6,16.1,65.3,14.0,250.8
2010,6,20,16.3,22.2,28.1,0.2,18.4,84.3,11.5,171.7
2010,6,21,13.9,21.0,28.0,0.0,7.3,44.6,10.6,257.5
2010,6,22,12.5,20.7,28.9,0.0,8.8,47.7,6.7,162.5
2010,6,23,19.3,22.0,24.6,0.0,15.1,66.7,9.7,117.1
2010,6,24,15.0,19.3,23.6,21.2,16.7,79.1,9.0,217.9
2010,6,25,12.6,17.9,23.2,0.0,9.1,57.3,14.1,262.9
2010,6,26,13.4,18.5,23.6,4.2,10.9,63.5,12.2,274.2
2010,6,27,11.3,18.4,25.4,0.0,10.1,61.5,14.5,236.3
2010,6,28,13.7,14.9,16.1,3.2,12.3,85.3,30.5,73.8
2010,6,29,13.1,17.2,21.3,1.8,13.4,85.9,9.0,162.1
2010,6,30,10.0,14.0,18.0,5.2,9.8,77.1,15.1,259.2
2010,7,1,8.9,13.4,17.9,1.2,8.9,72.5,12.1,267.5
2010,7,2,10.3,18.2,26.0,0.6,9.6,57.4,13.9,254.6
2010,7,3,16.7,22.5,28.3,0.4,15.2,65.1,16.2,249.6
2010,7,4,20.3,24.0,27.7,0.2,17.2,68.3,15.5,235.8
2010,7,5,20.2,26.6,32.9,0.8,20.2,72.2,10.4,225.4
2010,7,6,18.4,21.3,24.1,0.0,20.0,88.8,12.3,121.7
2010,7,7,19.1,27.0,34.9,0.0,21.7,68.7,13.6,207.9
2010,7,8,17.8,26.0,34.1,0.0,18.8,78.4,15.5,111.3
2010,7,9,21.7,27.3,32.9,13.6,21.4,79.8,9.0,195.4
2010,7,10,20.5,24.8,29.0,0.4,19.7,75.7,12.1,237.5
2010,7,11,19.0,23.7,28.4,0.0,17.3,69.5,10.2,97.9
2010,7,12,18.3,25.5,32.6,0.0,16.1,57.8,9.0,182.5
2010,7,13,20.2,23.4,26.6,7.6,19.1,79.6,7.6,160.4
2010,7,14,19.8,23.5,27.1,0.0,18.5,75.5,11.5,82.5
2010,7,15,17.7,24.5,31.3,0.0,16.9,65.0,9.3,160.0
2010,7,16,20.3,24.0,27.6,4.8,20.0,79.4,12.6,160.0
2010,7,17,19.3,25.3,31.2,2.2,18.9,73.5,20.7,240.8
2010,7,18,18.8,22.6,26.4,0.0,16.1,70.8,17.7,252.9
2010,7,19,17.2,20.1,23.0,1.4,15.9,79.4,8.7,245.4
2010,7,20,15.7,22.0,28.3,0.0,14.2,65.6,11.3,243.8
2010,7,21,15.0,21.6,28.1,0.8,14.9,70.5,8.2,226.7
2010,7,22,16.4,23.1,29.8,0.2,12.4,57.3,10.0,282.1
2010,7,23,14.9,20.7,26.4,0.0,11.2,53.1,9.8,151.3
2010,7,24,18.6,21.4,24.1,6.4,16.3,72.9,11.8,70.0
2010,7,25,16.8,21.1,25.4,0.6,14.4,66.7,15.7,261.7
2010,7,26,15.6,20.6,25.6,0.0,10.5,55.6,16.8,281.7
2010,7,27,14.2,22.0,29.7,1.2,12.9,56.4,15.0,244.6
2010,7,28,19.8,25.2,30.6,0.4,17.1,67.9,16.6,240.4
2010,7,29,14.7,18.0,21.3,0.0,11.4,62.3,15.1,275.0
2010,7,30,12.3,16.4,20.4,0.0,10.5,67.2,9.1,228.8
2010,7,31,11.7,18.8,25.8,0.0,8.2,53.8,6.6,222.1
2010,8,1,11.5,19.8,28.1,0.0,10.3,55.7,6.9,192.5
2010,8,2,15.6,22.7,29.8,2.8,15.2,68.0,8.7,117.5
2010,8,3,19.1,22.6,26.1,11.6,19.1,87.8,7.6,222.5
2010,8,4,20.0,24.4,28.8,31.2,20.1,84.7,12.0,200.0
2010,8,5,18.1,24.4,30.6,0.2,19.6,79.1,9.7,244.6
2010,8,6,10.7,16.0,21.3,0.0,9.2,60.8,18.1,263.3
2010,8,7,9.2,14.6,20.0,0.0,6.0,56.6,14.2,248.8
2010,8,8,13.3,18.6,23.8,2.6,12.8,67.8,12.6,240.8
2010,8,9,18.5,22.9,27.3,0.4,17.8,79.3,13.2,242.9
2010,8,10,16.1,21.0,25.9,1.0,16.8,79.0,11.2,252.1
2010,8,11,15.0,18.9,22.8,0.2,12.1,63.1,12.5,128.8
2010,8,12,13.9,18.6,23.3,0.0,10.6,60.2,14.5,56.3
2010,8,13,12.9,19.6,26.2,0.0,11.8,60.9,10.3,54.2
2010,8,14,15.8,21.8,27.8,0.0,15.6,67.1,7.6,124.6
2010,8,15,19.0,24.8,30.5,0.0,16.7,64.3,9.2,153.3
2010,8,16,17.5,20.5,23.4,15.0,18.5,87.8,7.3,143.8
2010,8,17,15.4,20.5,25.6,2.8,15.1,73.6,11.2,266.3
2010,8,18,13.6,19.4,25.1,0.0,13.7,72.6,9.8,253.8
2010,8,19,13.4,20.2,26.9,0.0,13.0,64.5,9.5,238.8
2010,8,20,11.9,17.6,23.2,0.0,8.8,57.7,12.8,292.1
2010,8,21,11.2,17.5,23.8,0.0,11.2,68.5,13.2,241.3
2010,8,22,15.1,16.6,18.1,0.0,13.3,79.9,21.3,86.1
2010,8,23,15.2,18.5,21.8,0.0,14.3,78.2,22.0,70.0
2010,8,24,14.5,19.4,24.3,0.0,14.1,72.8,11.0,73.3
2010,8,25,14.6,17.6,20.6,3.4,14.1,79.7,9.6,67.1
2010,8,26,14.7,19.2,23.7,6.6,15.9,88.7,10.8,204.8
2010,8,27,12.1,17.0,21.8,1.6,10.7,68.5,14.7,250.4
2010,8,28,13.7,18.0,22.3,1.0,15.2,83.0,9.5,214.6
2010,8,29,19.1,25.1,31.1,0.0,18.2,70.2,17.1,239.2
2010,8,30,18.7,24.8,30.8,0.0,18.1,70.0,16.5,241.3
2010,8,31,20.0,26.2,32.4,0.0,20.1,70.2,16.4,242.5
2010,9,1,22.2,27.9,33.5,0.0,20.4,68.6,16.1,247.5
2010,9,2,20.0,23.9,27.7,2.8,18.9,70.3,10.6,266.7
2010,9,3,17.3,19.4,21.5,0.0,16.2,81.0,20.9,67.1
2010,9,4,14.5,19.2,23.9,4.6,13.9,76.7,21.0,166.3
2010,9,5,11.8,14.5,17.2,2.2,8.9,70.3,23.4,239.6
2010,9,6,10.4,16.6,22.7,15.8,10.0,72.6,19.0,244.2
2010,9,7,13.9,16.2,18.4,13.2,14.6,93.6,12.3,192.9
2010,9,8,12.3,14.0,15.7,15.8,13.2,93.8,19.7,67.1
2010,9,9,11.7,13.2,14.6,2.6,10.9,87.6,15.4,98.3
2010,9,10,10.8,14.1,17.3,0.0,11.1,85.7,9.4,180.8
2010,9,11,7.9,13.1,18.2,0.2,9.1,73.5,11.7,145.4
2010,9,12,11.2,13.9,16.5,0.0,10.0,77.4,19.0,68.8
2010,9,13,12.0,13.8,15.5,17.6,12.0,91.1,8.1,131.3
2010,9,14,11.2,14.8,18.3,0.8,11.4,82.7,10.5,206.7
2010,9,15,9.3,12.7,16.0,0.2,7.4,72.4,12.4,267.5
2010,9,16,7.5,10.5,13.5,2.2,7.5,81.3,9.9,232.2
2010,9,17,7.7,13.1,18.4,0.0,7.1,67.1,13.3,139.6
2010,9,18,5.4,12.7,20.0,2.4,7.9,72.4,8.7,255.4
2010,9,19,7.4,13.4,19.3,0.2,8.9,71.3,9.4,220.4
2010,9,20,6.0,12.0,17.9,0.0,4.4,64.6,9.5,288.8
2010,9,21,6.6,8.8,11.0,12.6,6.0,81.2,10.0,209.2
2010,9,22,9.3,15.5,21.6,0.0,10.9,73.6,15.2,257.9
2010,9,23,6.3,10.7,15.0,0.0,5.0,66.3,12.2,256.3
2010,9,24,9.0,10.2,11.3,22.0,8.1,88.7,26.0,70.0
2010,9,25,8.9,10.2,11.5,4.2,8.7,91.6,25.3,67.5
2010,9,26,8.9,10.3,11.6,0.0,6.0,75.0,27.8,71.7
2010,9,27,10.2,13.2,16.2,10.6,10.2,84.5,13.4,70.0
2010,9,28,12.7,13.6,14.4,38.2,13.2,96.8,16.0,69.6
2010,9,29,12.2,14.8,17.3,0.2,12.4,85.3,14.1,192.1
2010,9,30,12.6,14.4,16.1,30.2,13.0,93.0,11.5,111.9
2010,10,1,10.1,13.4,16.7,12.8,13.2,92.6,11.4,245.8
2010,10,2,5.5,9.5,13.5,0.0,4.9,71.8,14.5,262.1
2010,10,3,3.0,8.8,14.5,0.0,3.4,69.5,10.1,171.3
2010,10,4,4.1,9.2,14.3,0.0,4.6,73.0,9.3,156.7
2010,10,5,3.1,10.7,18.3,0.0,5.1,72.8,7.8,159.2
2010,10,6,9.5,11.6,13.7,5.6,7.1,75.5,23.1,74.6
2010,10,7,8.1,11.0,13.9,11.2,7.5,83.8,16.0,202.1
2010,10,8,6.4,11.0,15.5,0.0,2.1,58.6,17.4,257.9
2010,10,9,4.2,6.8,9.3,0.0,-1.6,53.2,18.1,278.3
2010,10,10,4.0,8.2,12.3,0.0,0.6,59.3,18.6,251.7
2010,10,11,4.3,8.3,12.2,0.0,0.5,59.8,13.5,260.4
2010,10,12,4.6,8.8,12.9,0.0,3.2,70.4,11.7,242.1
2010,10,13,3.5,8.5,13.4,0.0,3.0,69.7,12.0,244.6
2010,10,14,4.8,7.6,10.3,0.2,5.0,81.5,11.9,85.4
2010,10,15,6.0,8.0,10.0,15.6,5.5,83.5,40.3,54.6
2010,10,16,5.6,8.1,10.6,4.8,4.3,76.9,10.0,178.3
2010,10,17,3.8,7.6,11.4,0.2,3.6,79.0,17.2,247.9
2010,10,18,1.4,5.2,9.0,0.2,-2.0,60.5,19.2,256.3
2010,10,19,0.2,5.0,9.7,0.0,-1.6,62.3,13.3,240.0
2010,10,20,5.0,9.1,13.1,0.0,1.1,58.7,13.1,216.5
2010,10,21,2.6,5.7,8.7,9.4,3.6,79.2,12.6,130.4
2010,10,22,1.7,4.8,7.9,0.0,-1.2,69.7,25.5,256.3
2010,10,23,0.1,3.7,7.2,0.0,-2.9,60.3,19.4,267.9
2010,10,24,-0.7,3.9,8.5,0.0,-2.0,68.9,9.3,202.9
2010,10,25,3.8,4.6,5.3,8.8,2.5,85.8,23.2,68.3
2010,10,26,5.0,7.3,9.6,0.4,5.0,91.1,31.8,75.8
2010,10,27,6.4,10.0,13.5,0.8,9.1,92.5,13.3,115.4
2010,10,28,4.3,10.7,17.1,0.4,5.6,78.9,12.6,247.1
2010,10,29,1.0,5.0,9.0,0.0,2.6,75.4,15.0,254.6
2010,10,30,-1.0,2.1,5.1,0.0,-5.2,62.0,15.3,262.1
2010,10,31,-2.4,0.5,3.3,0.0,-5.0,63.2,9.8,244.2
2010,11,1,0.9,4.3,7.7,0.0,-3.5,60.9,12.9,283.3
2010,11,2,-1.2,3.6,8.3,0.0,-4.0,60.3,9.8,265.0
2010,11,3,-2.1,2.6,7.3,0.0,-1.8,80.4,8.6,243.8
2010,11,4,-1.4,2.1,5.6,8.2,0.2,82.4,15.0,74.2
2010,11,5,3.8,4.7,5.5,17.3,3.2,91.0,29.6,110.8
2010,11,6,2.5,4.6,6.6,0.0,0.9,79.5,14.1,240.8
2010,11,7,-1.6,0.9,3.3,0.0,-1.4,81.0,10.0,234.6
2010,11,8,1.0,3.8,6.6,4.2,2.4,86.8,26.8,100.8
2010,11,9,4.1,5.8,7.5,0.0,2.2,78.1,22.9,63.3
2010,11,10,3.0,4.2,5.3,0.0,-0.5,72.9,24.5,68.8
2010,11,11,-1.1,2.6,6.3,0.0,-0.8,74.5,15.0,82.9
2010,11,12,-1.9,5.0,11.9,1.1,-3.5,62.0,8.1,246.3
2010,11,13,-0.2,4.6,9.3,1.1,0.3,75.5,13.5,177.1
2010,11,14,3.2,4.6,6.0,0.0,-0.9,69.0,25.2,70.4
2010,11,15,0.2,4.5,8.7,1.3,2.1,83.8,8.9,162.1
2010,11,16,1.3,5.3,9.3,0.0,2.3,87.5,6.9,184.2
2010,11,17,4.4,5.4,6.3,37.0,3.9,92.1,25.4,63.9
2010,11,18,-0.3,2.8,5.8,0.0,-1.2,71.9,22.5,259.2
2010,11,19,-5.4,-2.5,0.5,0.0,-9.6,56.6,11.6,286.3
2010,11,20,-4.9,-1.3,2.3,5.7,-5.9,74.6,14.0,226.7
2010,11,21,-7.9,-4.8,-1.7,0.0,-11.2,61.1,9.8,242.1
2010,11,22,-3.4,-1.5,0.4,4.6,-3.4,87.4,15.5,63.3
2010,11,23,0.2,1.5,2.7,17.6,0.9,95.0,25.1,112.1
2010,11,24,-5.3,-1.3,2.8,0.0,-6.2,66.5,20.6,271.3
2010,11,25,-7.4,-5.5,-2.7,-999.0,-10.2,69.5,15.8,232.8
2010,11,26,-5.2,-2.6,0.0,9.7,-5.8,80.5,16.9,141.3
2010,11,27,-6.1,-3.0,0.2,3.3,-5.0,81.3,10.2,220.8
2010,11,28,-8.2,-4.7,-1.1,0.0,-7.1,78.9,16.0,249.6
2010,11,29,-6.1,-2.1,2.0,1.1,-5.3,77.1,7.8,269.6
2010,11,30,-6.3,-1.9,2.6,7.7,-3.0,84.6,15.2,77.5
2010,12,1,2.5,3.6,4.7,28.0,1.5,87.3,28.1,67.5
2010,12,2,0.3,1.6,2.8,4.3,-0.2,87.3,14.4,218.3
2010,12,3,-0.3,1.4,3.0,0.0,-1.0,84.3,8.4,216.7
2010,12,4,-2.5,-0.6,1.3,18.9,-0.9,93.2,9.4,247.6
2010,12,5,-4.8,-3.7,-2.5,0.0,-5.9,84.5,17.2,237.9
2010,12,6,-4.8,-2.5,-0.1,3.9,-4.8,87.4,20.6,241.7
2010,12,7,-5.5,-4.1,-2.6,2.7,-5.8,83.3,25.8,235.0
2010,12,8,-8.5,-7.0,-5.5,0.0,-10.2,77.9,25.3,245.0
2010,12,9,-13.7,-10.7,-7.6,0.0,-14.0,70.3,17.0,247.5
2010,12,10,-15.8,-11.7,-7.5,0.0,-15.6,74.0,8.7,177.5
2010,12,11,-10.3,-6.8,-3.3,3.9,-8.4,85.6,7.5,181.7
2010,12,12,-8.8,-3.1,2.7,16.3,-5.7,87.7,28.6,85.4
2010,12,13,-2.8,1.7,6.2,8.2,1.6,91.3,16.6,159.6
2010,12,14,-10.6,-6.7,-2.8,3.5,-10.5,77.9,17.3,241.3
2010,12,15,-13.2,-11.8,-10.4,3.3,-14.3,79.0,20.4,244.2
2010,12,16,-15.8,-12.7,-9.5,0.0,-15.6,75.8,6.7,266.5
2010,12,17,-14.6,-12.0,-9.4,0.0,-14.8,77.8,11.5,253.3
2010,12,18,-12.6,-8.9,-5.1,0.0,-11.2,80.1,5.1,257.4
2010,12,19,-13.2,-8.9,-4.5,1.3,-10.2,83.0,10.1,256.7
2010,12,20,-10.0,-7.8,-5.5,0.0,-10.6,78.9,7.5,294.6
2010,12,21,-5.5,-1.5,2.5,1.1,-4.2,80.5,7.0,214.6
2010,12,22,-1.0,-0.2,0.7,5.0,-1.5,92.4,2.4,220.0
2010,12,23,-8.3,-3.6,1.2,3.0,-4.3,84.3,6.7,231.7
2010,12,24,-11.9,-8.3,-4.7,0.0,-11.9,77.6,7.9,248.8
2010,12,25,-14.7,-10.4,-6.0,0.0,-13.7,80.3,4.8,250.8
2010,12,26,-13.1,-9.2,-5.3,1.1,-12.6,74.2,10.8,178.8
2010,12,27,-10.3,-7.2,-4.0,1.4,-12.6,60.3,21.3,171.3
2010,12,28,-10.7,-7.6,-4.5,0.0,-17.3,48.8,17.2,277.5
2010,12,29,-11.8,-8.0,-4.1,1.0,-13.6,63.0,15.2,235.4
2010,12,30,-6.6,-3.3,0.0,0.0,-5.8,82.5,14.5,249.2
2010,12,31,-2.4,-0.5,1.4,0.0,-2.0,88.3,8.8,226.7
2011,1,1,0.7,1.8,2.9,1.1,0.6,94.5,11.7,154.6
2011,1,2,-1.5,1.4,4.2,7.2,-0.9,84.6,16.3,187.9
2011,1,3,-6.8,-4.1,-1.3,0.0,-9.5,62.3,18.6,260.8
2011,1,4,-10.5,-7.3,-4.1,0.0,-12.8,64.6,15.3,254.2
2011,1,5,-12.2,-8.7,-5.1,0.0,-16.3,56.0,21.6,243.8
2011,1,6,-10.4,-8.4,-6.3,0.0,-14.6,62.4,15.5,251.3
2011,1,7,-11.9,-8.4,-4.9,0.0,-11.6,72.4,19.0,54.2
2011,1,8,-5.5,-2.9,-0.2,1.1,-5.5,79.9,22.7,70.0
2011,1,9,-5.6,-3.5,-1.3,0.0,-6.4,76.6,10.8,251.7
2011,1,10,-6.9,-3.2,0.6,2.2,-8.9,69.0,21.3,248.8
2011,1,11,-10.4,-7.6,-4.7,0.0,-12.6,66.8,9.2,246.1
2011,1,12,-7.6,-4.4,-1.1,1.2,-7.7,75.1,25.0,60.0
2011,1,13,-8.4,-4.6,-0.7,0.0,-9.6,61.9,15.8,279.2
2011,1,14,-10.5,-8.7,-6.9,0.0,-13.3,68.4,19.0,236.3
2011,1,15,-10.8,-9.8,-8.7,0.0,-14.4,68.8,8.7,193.8
2011,1,16,-13.6,-11.1,-8.5,1.2,-15.2,69.7,14.5,234.2
2011,1,17,-18.0,-15.8,-13.5,0.0,-21.0,65.6,15.9,247.5
2011,1,18,-16.6,-10.6,-4.6,7.4,-14.1,74.3,11.0,66.3
2011,1,19,-15.0,-9.1,-3.1,2.1,-10.1,74.6,16.6,117.1
2011,1,20,-16.2,-12.9,-9.6,1.1,-17.5,68.6,6.9,269.1
2011,1,21,-16.5,-12.3,-8.1,2.0,-13.9,77.3,14.5,123.3
2011,1,22,-20.7,-17.9,-15.0,1.1,-22.7,63.2,20.0,245.8
2011,1,23,-25.4,-21.3,-17.1,0.0,-26.9,57.5,12.3,257.9
2011,1,24,-27.4,-23.1,-18.8,0.0,-29.8,55.6,22.8,243.8
2011,1,25,-22.1,-17.5,-12.9,0.0,-21.6,69.2,5.7,260.5
2011,1,26,-15.1,-10.6,-6.0,1.0,-14.5,70.8,6.0,200.0
2011,1,27,-8.3,-6.4,-4.5,0.0,-9.3,78.9,9.8,123.8
2011,1,28,-9.2,-6.0,-2.8,0.0,-10.0,72.9,8.1,249.6
2011,1,29,-9.2,-7.3,-5.4,0.0,-9.6,78.9,12.5,74.2
2011,1,30,-15.2,-11.9,-8.5,0.0,-14.8,74.0,10.0,158.3
2011,1,31,-20.5,-17.8,-15.1,0.0,-24.8,54.4,18.5,247.1
2011,2,1,-19.1,-15.6,-12.1,1.1,-21.2,62.8,12.1,251.3
2011,2,2,-16.5,-13.6,-10.6,5.0,-15.9,77.2,21.3,92.9
2011,2,3,-17.1,-12.9,-8.6,0.0,-15.7,71.5,12.6,226.3
2011,2,4,-9.5,-7.1,-4.6,1.1,-10.4,72.1,18.8,245.4
2011,2,5,-6.3,-3.5,-0.6,1.8,-8.4,70.3,9.3,220.4
2011,2,6,-3.0,-1.0,1.0,6.2,-5.5,76.5,13.5,195.4
2011,2,7,-6.0,-4.1,-2.1,4.4,-7.7,81.0,12.0,112.9
2011,2,8,-17.1,-11.3,-5.4,4.3,-11.4,76.9,15.8,145.8
2011,2,9,-18.8,-13.6,-8.3,3.5,-17.4,71.5,14.4,252.1
2011,2,10,-18.4,-14.8,-11.1,0.0,-19.3,65.3,11.1,253.3
2011,2,11,-15.7,-11.6,-7.4,1.3,-16.8,67.0,13.2,253.2
2011,2,12,-13.4,-8.4,-3.4,5.1,-12.3,73.5,11.2,166.1
2011,2,13,-17.8,-12.3,-6.7,5.9,-16.8,68.8,9.0,166.3
2011,2,14,-9.9,-7.8,-5.6,10.9,-8.6,85.3,26.3,96.7
2011,2,15,-17.3,-13.6,-9.8,0.0,-21.7,49.5,21.1,277.9
2011,2,16,-16.5,-10.9,-5.2,0.0,-17.4,59.6,8.6,234.8
2011,2,17,-5.8,-1.7,2.5,0.0,-7.1,70.2,10.8,221.7
2011,2,18,-0.4,1.5,3.4,23.9,-0.3,93.4,10.5,140.5
2011,2,19,-8.7,-3.5,1.8,1.0,-8.5,62.7,18.3,274.2
2011,2,20,-11.2,-8.4,-5.5,0.0,-16.4,54.5,22.0,256.7
2011,2,21,-15.5,-12.1,-8.7,1.0,-21.1,49.9,17.8,283.3
2011,2,22,-15.6,-8.6,-1.6,1.1,-19.1,48.6,11.6,249.2
2011,2,23,-12.0,-7.3,-2.5,1.0,-17.4,44.6,12.8,249.2
2011,2,24,-15.2,-7.7,-0.1,1.1,-14.1,58.6,8.0,208.3
2011,2,25,-11.7,-7.3,-2.8,0.0,-9.6,74.7,11.8,187.5
2011,2,26,-17.0,-14.2,-11.4,0.0,-22.3,48.1,17.7,271.7
2011,2,27,-17.2,-12.3,-7.3,1.1,-17.9,61.6,12.9,50.0
2011,2,28,-8.8,-5.4,-2.0,19.1,-6.8,89.5,16.5,104.2
2011,3,1,-10.7,-7.1,-3.4,0.0,-14.2,58.3,17.8,252.1
2011,3,2,-17.2,-8.5,0.3,4.6,-13.9,64.2,15.5,272.1
2011,3,3,-19.7,-15.6,-11.5,0.0,-24.2,47.9,17.1,261.3
2011,3,4,-22.2,-14.0,-5.7,0.0,-18.3,65.0,9.4,152.6
2011,3,5,-6.7,-3.4,0.0,27.2,-3.7,92.8,8.5,63.8
2011,3,6,-4.3,-2.1,0.2,22.2,-1.5,94.8,3.7,75.0
2011,3,7,-12.0,-8.2,-4.3,18.5,-9.1,84.7,18.3,130.4
2011,3,8,-16.6,-11.2,-5.8,0.0,-15.8,65.2,13.5,212.5
2011,3,9,-18.0,-11.5,-5.0,2.3,-12.6,77.9,21.2,61.7
2011,3,10,-5.5,-2.6,0.4,18.7,-3.9,93.0,22.0,65.4
2011,3,11,0.2,1.5,2.7,17.9,-0.6,90.7,21.4,74.2
2011,3,12,0.2,1.7,3.2,3.1,-0.3,88.1,16.3,190.0
2011,3,13,-3.5,0.5,4.4,0.0,-3.2,72.8,16.0,245.0
2011,3,14,-10.2,-6.9,-3.5,0.0,-10.8,67.9,13.6,77.9
2011,3,15,-12.4,-4.6,3.2,0.0,-9.4,66.5,9.7,257.5
2011,3,16,-5.6,-1.9,1.9,2.9,-3.3,86.2,3.8,216.7
2011,3,17,1.2,4.1,6.9,4.1,0.5,84.8,13.3,207.0
2011,3,18,-2.5,2.5,7.5,15.0,-0.8,86.0,14.4,155.4
2011,3,19,-6.5,-4.0,-1.5,0.0,-9.4,65.1,9.6,83.3
2011,3,20,-9.3,-3.0,3.3,0.0,-10.3,57.6,8.5,233.3
2011,3,21,-8.6,-4.1,0.5,1.4,-6.1,79.0,12.0,92.5
2011,3,22,-4.3,-0.1,4.1,1.5,-3.9,76.0,10.7,198.3
2011,3,23,-7.2,-3.3,0.7,0.0,-9.8,61.9,8.6,168.3
2011,3,24,-5.6,-2.6,0.5,0.0,-5.5,78.8,12.5,68.3
2011,3,25,-9.3,-4.6,0.1,1.7,-7.0,77.3,14.8,253.8
2011,3,26,-8.0,-4.4,-0.7,0.0,-15.0,44.1,20.8,279.2
2011,3,27,-11.3,-6.4,-1.5,0.0,-16.1,45.6,25.1,267.5
2011,3,28,-6.7,-2.1,2.5,0.0,-10.9,52.1,19.3,267.9
2011,3,29,-3.7,1.1,5.9,0.0,-7.5,53.6,15.1,277.5
2011,3,30,-3.0,1.8,6.6,0.0,-5.7,56.1,12.5,248.3
2011,3,31,-4.6,-0.6,3.5,1.1,-5.1,68.1,11.0,80.0
2011,4,1,-0.6,1.1,2.8,1.8,-2.2,80.7,18.4,60.4
2011,4,2,-0.7,4.5,9.6,1.5,-4.5,57.0,12.5,266.7
2011,4,3,-0.9,3.7,8.3,0.0,-9.7,36.0,15.3,283.3
2011,4,4,-2.1,-0.1,1.9,11.9,-3.1,78.1,14.5,90.4
2011,4,5,1.2,3.2,5.1,11.5,0.9,89.2,20.0,190.0
2011,4,6,-3.7,-0.3,3.1,0.0,-8.6,51.4,21.0,265.0
2011,4,7,-5.5,-0.3,4.9,0.0,-9.8,50.1,12.3,237.1
2011,4,8,-6.0,1.1,8.1,0.0,-9.0,47.6,9.7,192.2
2011,4,9,0.1,6.1,12.1,0.0,-2.7,55.6,12.6,200.4
2011,4,10,-1.0,7.6,16.1,0.0,-1.0,59.6,5.9,134.3
2011,4,11,4.6,8.3,11.9,2.4,4.8,84.4,9.0,133.8
2011,4,12,2.9,8.4,13.8,0.0,-3.8,46.6,16.7,236.3
2011,4,13,1.8,3.8,5.8,3.2,-0.7,74.5,18.2,66.7
2011,4,14,-4.0,2.4,8.8,1.4,-3.7,62.8,15.9,259.6
2011,4,15,-7.0,-2.1,2.8,0.0,-15.6,35.3,13.0,240.4
2011,4,16,-2.8,1.0,4.7,6.6,-7.0,58.4,23.5,63.3
2011,4,17,0.8,4.7,8.6,30.0,0.6,81.9,23.5,131.3
2011,4,18,0.6,2.2,3.8,0.0,-1.7,73.2,25.6,236.3
2011,4,19,-1.2,3.6,8.4,0.0,-8.4,43.4,14.3,257.9
2011,4,20,-2.3,0.3,2.8,19.4,-4.2,78.3,30.9,56.7
2011,4,21,-0.5,2.9,6.3,6.0,-1.1,82.1,12.0,165.8
2011,4,22,0.0,5.5,11.0,0.0,-4.5,52.8,11.6,220.4
2011,4,23,0.6,4.1,7.6,5.0,-0.7,75.4,10.3,85.0
2011,4,24,2.5,6.9,11.3,1.3,0.6,64.7,12.7,268.8
2011,4,25,0.9,8.6,16.3,1.0,0.4,58.3,6.6,202.1
2011,4,26,3.8,6.2,8.6,10.3,1.6,71.9,18.6,131.7
2011,4,27,3.4,4.8,6.2,0.0,2.9,86.3,36.3,70.0
2011,4,28,3.1,7.2,11.2,13.9,3.8,92.4,23.5,87.1
2011,4,29,6.3,10.8,15.3,1.1,3.2,61.1,22.6,254.6
2011,4,30,4.6,7.7,10.7,0.0,1.5,66.3,12.6,113.3
2011,5,1,3.4,7.9,12.4,0.0,1.8,67.8,17.9,70.4
2011,5,2,5.5,9.4,13.3,3.2,4.2,72.0,19.8,102.5
2011,5,3,8.0,10.1,12.2,17.2,7.7,86.7,15.6,140.0
2011,5,4,4.3,6.3,8.2,17.6,5.7,92.1,18.5,111.3
2011,5,5,3.9,4.6,5.3,13.4,3.2,90.9,9.0,118.3
2011,5,6,3.6,6.3,8.9,4.2,2.8,81.5,14.0,215.8
2011,5,7,4.0,6.3,8.5,4.4,4.8,88.9,8.3,95.0
2011,5,8,1.8,7.5,13.1,0.0,2.8,70.3,8.4,133.3
2011,5,9,6.4,9.0,11.5,0.0,2.5,63.0,20.3,70.0
2011,5,10,6.0,7.9,9.8,0.0,1.0,62.7,30.3,75.4
2011,5,11,6.0,8.6,11.1,0.0,4.0,75.1,24.7,77.9
2011,5,12,5.5,8.5,11.4,0.0,4.6,77.4,23.8,82.1
2011,5,13,7.1,9.5,11.8,2.6,5.5,78.3,26.5,72.9
2011,5,14,7.9,9.1,10.3,2.0,7.5,91.6,24.1,80.8
2011,5,15,7.5,9.5,11.4,0.0,3.6,69.3,20.8,58.8
2011,5,16,5.2,7.2,9.2,2.0,1.8,72.5,37.1,62.1
2011,5,17,5.2,6.9,8.6,2.2,3.5,80.6,35.2,68.8
2011,5,18,7.8,10.2,12.6,0.0,8.0,87.7,23.9,80.8
2011,5,19,9.8,13.5,17.1,0.8,11.5,91.0,15.4,82.5
2011,5,20,9.0,16.2,23.4,0.0,13.8,81.8,6.0,91.7
2011,5,21,8.0,10.0,11.9,0.0,5.6,73.7,33.1,74.6
2011,5,22,8.3,11.2,14.1,1.0,5.4,68.6,19.9,79.2
2011,5,23,8.9,14.1,19.3,8.0,11.1,85.9,10.5,80.0
2011,5,24,10.8,17.4,24.0,7.4,12.7,75.3,17.7,197.9
2011,5,25,9.4,13.8,18.1,0.0,3.7,55.5,7.6,167.1
2011,5,26,9.9,11.1,12.3,5.2,7.8,81.7,18.8,65.8
2011,5,27,9.8,10.5,11.1,7.6,8.0,84.9,31.5,69.6
2011,5,28,9.2,11.7,14.2,11.6,10.1,89.2,28.5,82.5
2011,5,29,12.0,14.5,16.9,24.0,13.8,94.0,7.5,187.4
2011,5,30,13.5,19.5,25.4,0.0,9.1,56.0,9.8,236.7
2011,5,31,13.5,16.4,19.2,0.0,9.1,64.9,12.8,88.3
2011,6,1,14.3,22.5,30.7,4.8,12.8,64.8,17.6,194.6
2011,6,2,9.2,12.7,16.1,0.2,5.7,61.5,19.3,267.1
2011,6,3,8.9,14.3,19.7,0.0,4.3,54.7,16.7,196.7
2011,6,4,7.4,12.2,16.9,0.0,5.1,60.5,11.2,71.7
2011,6,5,10.6,16.6,22.5,0.0,9.6,72.7,13.1,85.4
2011,6,6,11.1,15.9,20.6,0.0,11.7,80.0,12.4,72.9
2011,6,7,10.5,17.1,23.7,0.2,12.3,82.5,11.6,101.7
2011,6,8,12.8,16.1,19.4,0.2,13.0,85.8,16.5,74.2
2011,6,9,13.6,19.9,26.2,1.0,15.2,78.2,11.0,186.7
2011,6,10,13.3,16.2,19.1,0.0,7.0,53.1,17.5,81.3
2011,6,11,12.3,15.9,19.4,1.6,8.9,61.3,17.6,77.1
2011,6,12,12.0,13.3,14.6,27.8,11.0,86.6,18.1,79.6
2011,6,13,11.4,13.3,15.1,2.0,10.2,83.2,30.7,57.1
2011,6,14,11.0,16.6,22.2,0.0,10.0,64.6,9.0,101.3
2011,6,15,13.4,20.1,26.7,0.0,12.9,65.8,5.5,120.0
2011,6,16,14.8,22.4,30.0,1.0,13.8,66.2,12.7,164.6
2011,6,17,13.1,16.6,20.0,0.0,14.2,84.9,17.2,77.1
2011,6,18,11.6,14.7,17.8,7.4,12.5,90.0,16.6,68.3
2011,6,19,9.1,14.6,20.0,0.0,8.8,67.2,13.3,267.5
2011,6,20,12.1,18.1,24.0,0.0,9.6,59.8,10.3,265.4
2011,6,21,11.9,19.0,26.1,0.0,11.2,67.8,12.0,155.8
2011,6,22,11.8,16.7,21.6,0.0,12.3,73.8,14.9,60.8
2011,6,23,15.6,17.6,19.6,3.6,13.7,78.6,19.0,76.7
2011,6,24,13.0,15.0,17.0,7.8,12.2,80.7,22.1,67.1
2011,6,25,12.9,14.4,15.9,4.2,12.5,89.8,21.0,57.1
2011,6,26,14.4,18.6,22.8,2.2,15.4,90.1,10.4,107.5
2011,6,27,12.4,20.1,27.8,0.0,13.2,66.7,11.5,234.8
2011,6,28,14.5,22.0,29.4,0.0,13.5,64.7,10.0,157.9
2011,6,29,16.6,20.0,23.4,35.6,15.8,82.5,14.4,140.4
2011,6,30,14.4,17.8,21.2,1.8,14.1,82.0,17.3,214.6
2011,7,1,14.3,17.4,20.5,0.0,14.6,81.9,8.3,72.1
2011,7,2,13.4,21.2,29.0,0.0,15.6,69.3,9.4,247.1
2011,7,3,18.3,22.2,26.0,7.6,17.7,74.6,9.2,226.5
2011,7,4,18.5,23.9,29.3,0.0,15.2,66.7,14.0,246.3
2011,7,5,15.8,22.0,28.1,0.0,13.0,55.7,10.9,223.3
2011,7,6,16.3,21.5,26.6,12.0,16.5,79.0,11.1,259.6
2011,7,7,13.3,18.2,23.1,0.0,11.1,62.8,11.3,269.6
2011,7,8,11.7,19.1,26.5,0.0,11.3,60.8,7.5,246.7
2011,7,9,15.7,21.0,26.2,2.6,11.8,59.1,11.8,289.6
2011,7,10,15.1,21.2,27.3,1.8,13.0,63.6,12.3,227.9
2011,7,11,18.0,23.7,29.4,30.2,19.1,83.3,11.1,257.1
2011,7,12,17.3,23.2,29.0,0.2,19.1,80.8,12.4,250.0
2011,7,13,14.4,18.6,22.7,0.8,13.0,67.7,12.7,127.5
2011,7,14,13.0,19.3,25.6,0.4,12.5,64.5,7.8,169.6
2011,7,15,14.0,21.2,28.4,0.2,13.5,60.8,8.3,216.3
2011,7,16,15.3,22.8,30.3,0.0,14.2,59.2,11.2,239.6
2011,7,17,19.7,24.6,29.5,8.0,18.1,74.9,12.3,243.8
2011,7,18,19.0,24.2,29.3,0.0,16.6,67.1,13.5,259.2
2011,7,19,15.7,20.9,26.1,0.0,9.7,49.8,10.3,275.0
2011,7,20,14.4,22.1,29.8,8.0,15.3,68.5,14.0,277.5
2011,7,21,18.7,23.9,29.0,43.2,20.2,88.8,9.7,195.8
2011,7,22,18.4,24.6,30.7,0.4,19.8,87.2,11.0,78.3
2011,7,23,18.1,24.1,30.1,0.0,17.4,69.0,15.5,272.9
2011,7,24,15.4,20.6,25.8,0.0,11.7,56.8,10.3,207.5
2011,7,25,14.0,20.1,26.2,9.2,13.3,63.3,6.8,199.6
2011,7,26,14.6,16.5,18.4,42.8,15.2,89.6,15.6,85.0
2011,7,27,14.8,17.4,19.9,1.4,15.4,88.1,9.3,99.2
2011,7,28,13.8,20.8,27.8,0.0,15.6,74.3,7.9,257.8
2011,7,29,17.1,21.7,26.3,7.2,18.2,78.5,8.5,267.5
2011,7,30,15.8,21.6,27.3,0.0,14.3,62.2,10.8,278.8
2011,7,31,13.3,19.7,26.0,0.0,13.3,65.6,8.5,245.4
2011,8,1,16.6,20.4,24.1,9.8,16.7,81.3,6.9,247.1
2011,8,2,16.0,19.0,22.0,30.8,15.7,82.4,10.6,126.3
2011,8,3,15.9,18.4,20.8,0.0,15.5,84.9,23.2,67.1
2011,8,4,16.6,19.4,22.1,0.0,16.0,83.0,19.9,69.6
2011,8,5,15.7,21.7,27.7,0.0,15.5,70.1,10.0,165.0
2011,8,6,17.8,24.0,30.2,0.2,17.8,69.8,11.5,221.3
2011,8,7,17.7,19.3,20.8,7.6,17.8,88.5,15.6,59.6
2011,8,8,17.0,18.6,20.2,0.8,16.2,87.7,14.1,76.3
2011,8,9,15.7,18.7,21.6,0.0,15.8,83.5,17.8,90.8
2011,8,10,16.5,17.8,19.1,31.8,16.0,89.3,22.8,62.1
2011,8,11,16.2,19.3,22.3,2.2,15.4,83.9,11.6,219.6
2011,8,12,15.7,19.7,23.6,0.0,14.8,76.9,16.0,249.2
2011,8,13,15.5,21.3,27.1,1.8,16.2,76.5,11.3,245.4
2011,8,14,17.0,22.2,27.4,0.0,16.9,76.8,8.5,145.0
2011,8,15,18.0,20.0,21.9,1.0,17.2,83.4,10.0,72.9
2011,8,16,15.3,20.7,26.0,16.4,14.7,74.6,7.9,230.4
2011,8,17,12.4,18.0,23.5,0.0,10.7,61.6,11.6,250.8
2011,8,18,14.6,21.1,27.6,19.0,15.4,78.1,9.2,220.4
2011,8,19,15.1,21.3,27.5,0.0,17.1,78.4,8.5,268.8
2011,8,20,15.6,22.1,28.5,0.0,16.2,69.8,10.9,252.5
2011,8,21,18.1,19.2,20.2,42.8,17.5,90.6,8.6,171.7
2011,8,22,11.7,15.8,19.9,0.2,13.3,77.0,18.7,228.8
2011,8,23,10.2,15.3,20.4,0.0,8.3,64.3,12.3,264.2
2011,8,24,14.8,21.1,27.1,-999.0,13.0,62.0,11.0,229.0
2011,8,25,17.4,20.6,23.8,0.4,15.7,75.2,10.8,177.9
2011,8,26,13.5,17.8,22.0,0.0,12.8,69.8,12.7,253.8
2011,8,27,12.2,18.4,24.6,0.2,14.2,77.5,9.0,250.0
2011,8,28,13.5,16.2,18.8,65.0,13.2,80.3,34.7,58.3
2011,8,29,12.7,17.3,21.9,1.4,10.6,68.5,15.5,247.5
2011,8,30,11.3,15.7,20.1,12.0,12.5,84.5,8.9,240.4
2011,8,31,10.1,15.7,21.3,0.2,10.9,74.3,9.0,241.3
2011,9,1,12.9,17.1,21.3,0.0,13.4,78.9,12.8,62.5
2011,9,2,15.7,20.8,25.8,0.2,15.3,72.0,9.2,115.0
2011,9,3,16.8,21.8,26.7,18.6,16.7,77.2,8.5,227.5
2011,9,4,15.8,16.5,17.2,7.4,14.1,84.1,14.8,64.2
2011,9,5,14.0,16.0,18.0,32.4,15.3,94.9,13.0,74.8
2011,9,6,13.1,17.0,20.9,15.0,12.6,80.9,13.3,157.9
2011,9,7,13.9,16.1,18.2,0.0,12.3,79.8,13.0,93.8
2011,9,8,12.8,17.7,22.6,0.0,12.8,74.6,11.3,240.8
2011,9,9,12.3,18.6,24.8,0.0,10.1,64.0,14.2,265.0
2011,9,10,7.6,13.3,19.0,0.0,4.9,55.8,10.0,247.9
2011,9,11,5.7,13.3,20.8,0.0,6.7,65.6,11.3,246.7
2011,9,12,12.4,17.1,21.7,0.0,13.0,79.6,10.7,237.0
2011,9,13,15.0,17.5,19.9,7.8,14.5,83.0,12.6,145.8
2011,9,14,8.9,12.9,16.9,0.0,8.9,74.5,9.5,269.6
2011,9,15,6.8,9.7,12.6,10.2,8.5,85.2,8.5,256.7
2011,9,16,5.9,9.6,13.2,0.0,2.8,65.7,18.3,251.3
2011,9,17,4.6,11.2,17.7,0.0,4.9,68.1,12.7,241.7
2011,9,18,5.0,12.3,19.6,0.0,5.6,68.4,6.4,171.7
2011,9,19,6.1,13.0,19.8,0.0,6.5,67.8,5.4,177.0
2011,9,20,9.9,12.2,14.5,4.0,10.4,89.9,5.5,232.3
2011,9,21,12.7,16.8,20.8,0.0,11.7,80.5,9.0,202.9
2011,9,22,13.8,17.8,21.7,2.8,14.6,82.5,6.0,107.1
2011,9,23,15.9,19.4,22.9,0.0,16.4,88.1,7.5,192.5
2011,9,24,14.7,16.9,19.1,0.0,13.6,82.6,14.0,91.3
2011,9,25,13.8,19.2,24.6,0.0,15.9,84.8,13.4,236.3
2011,9,26,13.2,18.8,24.4,0.0,13.7,76.8,9.9,245.4
2011,9,27,11.4,14.4,17.3,0.0,7.6,65.8,17.8,128.3
2011,9,28,10.7,14.2,17.7,0.4,10.7,78.0,13.3,72.5
2011,9,29,14.7,15.7,16.7,13.2,13.1,84.8,12.3,112.1
2011,9,30,12.9,15.9,18.9,2.6,12.4,79.2,18.5,230.8
2011,10,1,7.8,10.5,13.1,6.0,6.2,77.9,22.3,94.6
2011,10,2,8.0,9.2,10.3,0.4,6.8,84.6,40.1,72.1
2011,10,3,7.8,10.0,12.2,7.0,8.5,86.4,25.5,64.2
2011,10,4,7.9,10.2,12.4,0.2,7.7,83.3,27.0,73.3
2011,10,5,3.4,7.9,12.4,1.6,0.9,64.0,13.1,192.1
2011,10,6,0.8,5.6,10.4,0.0,-4.7,49.3,12.0,282.9
2011,10,7,-0.3,7.1,14.4,0.0,0.1,63.5,9.6,241.3
2011,10,8,6.8,14.6,22.3,0.0,9.4,72.7,15.3,238.3
2011,10,9,12.2,17.9,23.5,0.0,12.3,72.4,14.5,247.1
2011,10,10,8.1,14.2,20.2,0.0,4.7,51.0,11.4,280.8
2011,10,11,5.9,9.4,12.8,0.0,4.3,69.9,11.4,127.9
2011,10,12,7.0,10.6,14.1,0.0,6.6,76.7,16.7,59.2
2011,10,13,9.7,11.6,13.4,0.4,8.9,83.3,17.3,55.4
2011,10,14,11.9,13.7,15.5,28.2,12.0,93.0,27.7,85.4
2011,10,15,8.5,11.3,14.0,17.2,9.3,85.9,20.6,194.6
2011,10,16,7.1,9.5,11.8,10.6,5.6,78.2,20.1,235.4
2011,10,17,7.2,8.7,10.2,6.4,5.1,80.7,16.9,233.3
2011,10,18,7.0,9.5,11.9,2.8,5.9,81.6,16.8,239.6
2011,10,19,3.8,8.3,12.7,0.2,4.5,74.8,17.5,129.6
2011,10,20,8.3,9.2,10.0,8.2,6.5,84.8,41.0,71.3
2011,10,21,8.9,9.8,10.7,0.4,7.5,85.0,12.6,239.6
2011,10,22,7.9,9.3,10.7,1.0,6.4,82.7,14.5,236.7
2011,10,23,4.7,6.9,9.1,0.0,3.6,76.8,11.0,242.1
2011,10,24,4.6,8.0,11.4,4.6,3.6,74.7,11.5,118.8
2011,10,25,4.4,7.9,11.3,0.4,4.7,79.5,15.9,232.9
2011,10,26,1.2,4.0,6.8,0.0,-1.8,67.4,13.5,270.8
2011,10,27,-0.7,2.8,6.3,0.0,-5.4,55.6,11.2,294.6
2011,10,28,-1.4,2.3,5.9,0.0,-4.7,62.3,14.7,255.8
2011,10,29,-3.0,1.9,6.7,0.0,-4.4,63.7,12.6,152.1
2011,10,30,-0.9,2.8,6.5,0.0,-4.0,57.5,14.0,197.5
2011,10,31,-2.6,2.8,8.1,0.0,-2.3,71.6,7.9,262.1
2011,11,1,0.5,5.7,10.9,0.0,-0.3,69.9,5.9,276.3
2011,11,2,0.3,6.9,13.4,0.0,1.3,70.5,8.2,234.2
2011,11,3,0.1,5.4,10.6,1.7,2.6,81.2,10.0,247.5
2011,11,4,-0.6,2.8,6.2,1.1,-3.5,65.5,13.4,281.3
2011,11,5,-2.6,2.2,7.0,1.1,-4.0,63.9,9.9,252.5
2011,11,6,-1.8,3.7,9.1,0.0,-2.8,68.4,12.6,247.5
2011,11,7,-1.3,4.6,10.5,0.0,-0.4,69.5,10.0,243.3
2011,11,8,4.2,8.2,12.2,0.0,1.3,63.5,14.2,233.8
2011,11,9,5.9,7.1,8.3,1.0,3.4,78.0,23.0,72.9
2011,11,10,5.0,7.2,9.3,1.5,4.8,89.3,16.9,127.1
2011,11,11,0.7,4.1,7.5,1.5,-0.7,69.6,17.0,262.9
2011,11,12,0.2,2.2,4.1,5.8,-2.3,75.9,14.9,247.1
2011,11,13,1.6,5.1,8.5,0.0,3.4,86.8,10.3,108.3
2011,11,14,6.3,10.7,15.1,2.2,6.6,82.4,9.2,154.6
2011,11,15,3.7,7.5,11.3,3.8,6.2,84.6,12.8,242.9
2011,11,16,1.3,4.9,8.5,0.0,3.9,88.5,4.8,216.7
2011,11,17,-1.5,2.5,6.4,0.0,-3.8,62.3,12.4,268.8
2011,11,18,-1.8,0.2,2.2,0.0,-6.1,66.0,12.9,261.3
2011,11,19,-0.3,3.4,7.1,0.0,-3.8,59.9,9.0,255.8
2011,11,20,-3.4,2.4,8.1,4.8,-1.3,71.4,10.8,272.3
2011,11,21,-8.6,-4.6,-0.6,0.0,-13.0,51.8,11.7,267.9
2011,11,22,-9.8,-5.0,-0.2,0.0,-10.9,64.5,8.8,243.3
2011,11,23,-4.7,-2.8,-0.8,1.4,-5.9,74.0,23.6,83.3
2011,11,24,-5.8,-2.3,1.2,0.0,-4.8,84.5,8.5,242.1
2011,11,25,1.1,3.7,6.2,1.8,2.5,92.3,15.0,240.8
2011,11,26,2.8,5.5,8.2,0.0,0.6,72.0,15.6,155.0
2011,11,27,1.5,2.9,4.2,4.6,0.0,82.5,27.5,65.8
2011,11,28,-1.3,4.7,10.6,14.0,2.1,81.0,13.5,221.7
2011,11,29,-1.5,1.3,4.0,9.4,0.6,91.8,18.5,106.3
2011,11,30,2.2,5.3,8.4,21.0,2.7,88.2,25.1,157.9
2011,12,1,-3.9,-0.8,2.4,0.0,-6.5,63.8,12.3,246.7
2011,12,2,-2.9,-1.8,-0.6,4.6,-3.9,85.6,7.2,189.2
2011,12,3,-6.5,-3.7,-0.9,0.0,-6.8,76.2,8.2,245.4
2011,12,4,-5.3,-0.4,4.5,2.8,-4.1,75.0,4.9,237.5
2011,12,5,2.3,4.4,6.5,13.8,4.0,95.9,3.8,240.5
2011,12,6,-1.4,1.1,3.6,4.8,-0.9,86.1,24.8,77.9
2011,12,7,-1.4,-0.6,0.3,0.0,-2.7,85.1,18.6,65.8
2011,12,8,-4.1,-2.0,0.1,3.0,-4.8,79.3,14.4,250.0
2011,12,9,-1.7,-0.2,1.4,6.2,-3.0,81.5,11.9,237.5
2011,12,10,-8.4,-4.0,0.4,0.0,-7.8,73.7,13.7,251.3
2011,12,11,-11.4,-6.0,-0.5,0.0,-10.1,76.3,8.4,258.8
2011,12,12,-2.2,-0.6,1.1,0.0,-4.7,75.4,12.1,257.1
2011,12,13,-1.3,-0.2,0.9,1.0,-2.1,86.4,10.0,199.1
2011,12,14,0.1,0.9,1.7,0.0,-2.6,78.7,7.7,71.4
2011,12,15,-0.1,2.5,5.0,43.9,0.2,95.5,11.3,71.7
2011,12,16,-7.3,-0.9,5.6,4.3,-3.6,74.0,17.5,266.7
2011,12,17,-12.7,-10.0,-7.2,0.0,-16.8,55.1,11.9,297.5
2011,12,18,-15.2,-11.9,-8.5,0.0,-17.6,63.3,8.5,280.0
2011,12,19,-12.6,-7.1,-1.6,6.3,-9.8,79.2,8.2,202.1
2011,12,20,-13.1,-8.6,-4.1,0.0,-15.6,60.0,14.1,258.8
2011,12,21,-12.9,-6.8,-0.6,1.6,-9.8,80.9,6.7,189.5
2011,12,22,-1.1,0.0,1.1,1.7,-1.8,88.5,11.4,210.0
2011,12,23,-14.3,-7.1,0.2,2.5,-6.9,85.4,18.4,135.7
2011,12,24,-18.4,-15.8,-13.2,0.0,-19.1,74.8,6.4,257.9
2011,12,25,-18.9,-12.6,-6.2,5.0,-15.0,78.6,8.8,116.7
2011,12,26,-10.2,-6.6,-2.9,0.0,-9.1,78.9,13.5,247.9
2011,12,27,-2.9,-0.9,1.1,17.2,-3.6,80.4,9.0,193.8
2011,12,28,-12.4,-5.4,1.6,6.0,-4.3,89.0,24.0,172.9
2011,12,29,-17.6,-15.0,-12.4,1.1,-21.0,61.0,29.7,240.4
2011,12,30,-19.9,-13.1,-6.2,0.0,-18.9,69.0,14.9,181.7
2011,12,31,-6.9,-5.2,-3.4,1.3,-7.5,82.3,23.5,66.3
