Year,Month,Day,Tmin,Tair,Tmax,Prcp,Tdew,RelH,WndS,WndD,Pres
2007,1,1,-15.4,-6.0,1.6,-999.0,-6.7,94.8,11.1,162.2,-999.0
2007,1,2,-8.4,-8.6,-3.4,-999.0,-10.6,86.0,16.9,292.1,-999.0
2007,1,3,-15.1,-7.6,-1.5,-999.0,-8.1,96.6,3.8,157.5,-999.0
2007,1,4,-4.6,0.0,1.2,-999.0,-0.2,98.3,5.8,208.7,-999.0
2007,1,5,0.5,1.8,3.7,-999.0,1.7,99.4,3.1,174.3,-999.0
2007,1,6,1.4,1.5,3.3,-999.0,1.5,99.9,4.8,226.0,-999.0
2007,1,7,-5.4,-4.5,0.4,-999.0,-6.1,89.3,14.8,287.9,-999.0
2007,1,8,-8.0,-6.0,-4.4,-999.0,-6.4,97.3,10.7,126.5,-999.0
2007,1,9,-7.6,-6.6,-2.5,-999.0,-7.6,93.0,9.0,280.5,-999.0
2007,1,10,-15.3,-14.5,-10.5,-999.0,-16.7,83.9,13.2,300.5,-999.0
2007,1,11,-18.5,-16.4,-14.9,-999.0,-17.9,88.5,6.5,209.1,-999.0
2007,1,13,-20.3,-19.2,-12.0,-999.0,-21.6,81.1,9.2,275.7,-999.0
2007,1,14,-28.6,-22.1,-14.8,-999.0,-24.2,82.9,4.7,235.6,-999.0
2007,1,15,-28.0,-23.1,-20.4,-999.0,-25.0,84.8,3.7,231.4,-999.0
2007,1,16,-26.1,-24.6,-20.8,-999.0,-28.2,72.6,10.6,280.6,-999.0
2007,1,17,-30.1,-27.2,-23.5,-999.0,-30.6,73.3,9.8,255.0,-999.0
2007,1,18,-28.4,-16.3,-9.8,-999.0,-17.5,90.7,4.7,130.4,-999.0
2007,1,19,-14.5,-9.4,-5.2,-999.0,-10.3,93.3,4.6,195.6,-999.0
2007,1,20,-18.0,-17.5,-11.2,-999.0,-20.6,77.0,30.5,296.4,-999.0
2007,1,21,-24.8,-22.9,-18.9,-999.0,-26.2,74.6,14.8,296.1,-999.0
2007,1,22,-29.0,-24.0,-16.6,-999.0,-26.4,81.2,3.9,229.3,-999.0
2007,1,23,-18.8,-11.3,-7.9,-999.0,-12.3,92.5,5.2,129.4,-999.0
2007,1,24,-18.1,-16.3,-7.9,-999.0,-18.3,84.4,11.2,245.9,-999.0
2007,1,25,-30.6,-26.3,-21.5,-999.0,-29.5,74.6,10.1,271.4,-999.0
2007,1,26,-31.4,-27.2,-22.9,-999.0,-30.6,73.1,10.2,274.8,-999.0
2007,1,27,-29.2,-22.3,-15.0,-999.0,-25.5,75.7,6.9,283.3,-999.0
2007,1,28,-26.0,-21.7,-14.2,-999.0,-24.5,78.9,5.0,192.4,-999.0
2007,1,29,-32.0,-25.9,-20.5,-999.0,-29.3,73.5,7.1,278.6,-999.0
2007,1,30,-35.1,-28.7,-22.0,-999.0,-31.9,73.8,5.2,277.9,-999.0
2007,1,31,-34.6,-26.7,-19.2,-999.0,-29.4,78.0,3.3,226.0,-999.0
2007,2,1,-29.7,-21.0,-11.1,-999.0,-22.8,85.3,5.3,-999.0,-999.0
2007,2,2,-19.7,-8.2,-5.8,-999.0,-9.0,94.5,7.6,119.5,-999.0
2007,2,3,-9.9,-12.3,-7.1,-999.0,-15.1,80.9,13.8,223.7,-999.0
2007,2,4,-29.1,-25.2,-21.3,-999.0,-29.3,69.6,10.7,282.9,-999.0
2007,2,5,-31.9,-27.4,-23.0,-999.0,-31.1,70.8,11.9,259.1,-999.0
2007,2,6,-27.5,-21.7,-19.3,-999.0,-25.1,73.7,11.1,277.5,-999.0
2007,2,7,-26.3,-21.6,-18.2,-999.0,-24.8,75.8,7.2,268.5,-999.0
2007,2,8,-24.2,-20.6,-17.5,-999.0,-23.5,77.7,9.9,286.5,-999.0
2007,2,9,-22.1,-17.5,-12.7,-999.0,-20.7,76.5,15.1,283.0,-999.0
2007,2,10,-21.6,-19.6,-16.6,-999.0,-22.8,76.5,11.0,294.0,-999.0
2007,2,11,-21.6,-999.0,-26.4,-999.0,-999.0,-999.0,-999.0,-999.0,-999.0
2007,2,14,-22.6,-16.9,-10.8,-999.0,-18.6,86.2,3.9,182.3,-999.0
2007,2,15,-16.5,-11.5,-8.1,-999.0,-13.0,88.9,22.1,321.9,-999.0
2007,2,16,-21.8,-19.1,-17.0,-999.0,-22.1,77.5,19.2,295.5,-999.0
2007,2,17,-18.8,-12.3,-8.9,-999.0,-14.9,80.9,13.4,289.5,-999.0
2007,2,18,-20.4,-17.6,-12.3,-999.0,-20.5,78.7,8.6,308.2,-999.0
2007,2,19,-29.7,-24.8,-20.1,-999.0,-28.5,71.4,9.5,250.8,-999.0
2007,2,20,-30.5,-21.7,-13.8,-999.0,-25.4,73.0,5.4,238.1,-999.0
2007,2,21,-28.2,-20.4,-13.3,-999.0,-23.4,77.0,11.9,300.5,-999.0
2007,2,22,-21.2,-15.3,-8.9,-999.0,-19.9,69.5,11.9,292.5,-999.0
2007,2,23,-19.4,-14.9,-9.1,-999.0,-18.2,75.5,14.6,296.8,-999.0
2007,2,24,-13.4,-8.9,-4.9,-999.0,-12.4,75.9,25.4,335.8,-999.0
2007,2,25,-18.7,-13.7,-8.4,-999.0,-19.8,62.1,9.5,265.5,-999.0
2007,2,26,-20.9,-11.9,-4.9,-999.0,-18.1,61.4,7.0,226.8,-999.0
2007,2,27,-17.8,-12.8,-7.1,-999.0,-17.2,71.5,9.0,307.9,-999.0
2007,2,28,-19.0,-14.2,-8.4,-999.0,-19.5,65.3,13.0,338.6,-999.0
2007,3,1,-22.4,-999.0,-12.6,-999.0,-999.0,-999.0,-999.0,-999.0,-999.0
2007,3,7,-31.4,-999.0,-19.1,-999.0,-999.0,-999.0,-999.0,-999.0,-999.0
2007,3,8,-33.1,-999.0,-19.5,-999.0,-999.0,-999.0,-999.0,-999.0,-999.0
2007,3,9,-30.1,-999.0,-10.4,-999.0,-999.0,-999.0,-999.0,-999.0,-999.0
2007,3,10,-14.6,-999.0,-0.7,-999.0,-999.0,-999.0,-999.0,-999.0,-999.0
2007,3,11,-7.4,-999.0,-3.1,-999.0,-999.0,-999.0,-999.0,-999.0,-999.0
2007,3,12,-20.4,-999.0,-5.7,-999.0,-999.0,-999.0,-999.0,-999.0,-999.0
2007,3,13,-21.1,-999.0,-3.6,-999.0,-999.0,-999.0,-999.0,-999.0,-999.0
2007,3,14,-5.0,-999.0,3.2,-999.0,-999.0,-999.0,-999.0,-999.0,-999.0
2007,3,15,-14.2,-999.0,-2.6,-999.0,-999.0,-999.0,-999.0,-999.0,-999.0
2007,3,16,-28.2,-999.0,-9.6,-999.0,-999.0,-999.0,-999.0,-999.0,-999.0
2007,3,17,-15.2,-999.0,-9.5,-999.0,-999.0,-999.0,-999.0,-999.0,-999.0
2007,3,18,-11.9,-999.0,-9.4,-999.0,-999.0,-999.0,-999.0,-999.0,-999.0
2007,3,19,-21.4,-999.0,-9.2,-999.0,-999.0,-999.0,-999.0,-999.0,-999.0
2007,3,20,-12.6,-999.0,-6.8,-999.0,-999.0,-999.0,-999.0,-999.0,-999.0
2007,3,21,-24.7,-999.0,-7.8,-999.0,-999.0,-999.0,-999.0,-999.0,-999.0
2007,3,22,-10.4,-999.0,3.8,-999.0,-999.0,-999.0,-999.0,-999.0,-999.0
2007,3,23,-9.5,-999.0,-4.1,-999.0,-999.0,-999.0,-999.0,-999.0,-999.0
2007,3,24,-20.5,-999.0,-1.0,-999.0,-999.0,-999.0,-999.0,-999.0,-999.0
2007,3,26,-2.4,-999.0,7.9,-999.0,-999.0,-999.0,-999.0,-999.0,-999.0
2007,3,27,1.3,-999.0,3.8,-999.0,-999.0,-999.0,-999.0,-999.0,-999.0
2007,3,28,-9.9,-999.0,-3.5,-999.0,-999.0,-999.0,-999.0,-999.0,-999.0
2007,3,29,-9.1,-999.0,5.3,-999.0,-999.0,-999.0,-999.0,-999.0,-999.0
2007,3,30,-4.2,-999.0,-1.4,-999.0,-999.0,-999.0,-999.0,-999.0,-999.0
2007,3,31,-14.0,-999.0,-1.2,-999.0,-999.0,-999.0,-999.0,-999.0,-999.0
2007,4,1,-15.2,-5.1,3.5,-999.0,-11.7,65.4,7.8,197.1,-999.0
2007,4,2,-2.4,-3.1,-1.7,-999.0,-8.2,70.3,17.7,116.1,-999.0
2007,4,3,-5.0,-3.7,-2.8,-999.0,-4.5,94.5,17.4,115.7,-999.0
2007,4,4,-5.5,-3.0,0.5,-999.0,-6.7,77.7,17.8,113.5,-999.0
2007,4,5,-5.1,-1.8,1.1,-999.0,-2.4,96.1,12.4,99.5,-999.0
2007,4,6,-2.1,-1.1,0.6,-999.0,-2.1,93.3,9.5,96.5,-999.0
2007,4,7,-3.4,-1.7,1.3,-999.0,-3.1,90.4,4.4,178.6,-999.0
2007,4,8,-5.0,-1.5,1.2,-999.0,-3.7,85.8,9.3,304.7,-999.0
2007,4,9,-5.5,-999.0,0.4,-999.0,-999.0,-999.0,-999.0,-999.0,-999.0
2007,4,10,-12.6,-4.0,0.5,-999.0,-14.2,47.2,10.2,230.6,-999.0
2007,4,11,-13.9,-3.5,4.0,-999.0,-14.3,45.5,11.2,306.5,-999.0
2007,4,12,-8.6,0.0,6.6,-999.0,-10.8,45.7,8.2,190.7,-999.0
2007,4,13,1.3,2.6,5.8,-999.0,-7.2,50.1,6.8,142.0,-999.0
2007,4,14,-3.7,3.9,9.9,-999.0,-6.1,51.0,5.7,131.0,-999.0
2007,4,15,-2.6,1.7,5.4,-999.0,-4.1,67.3,9.7,128.3,-999.0
2007,4,16,1.1,3.6,6.9,-999.0,-7.4,44.8,16.2,91.9,-999.0
2007,4,17,0.9,4.2,8.8,-999.0,-6.7,45.9,12.3,102.0,-999.0
2007,4,18,0.5,6.7,14.6,-999.0,-5.7,44.5,10.9,103.0,-999.0
2007,4,19,-2.0,7.6,16.3,-999.0,-5.3,44.4,7.8,233.3,-999.0
2007,4,20,-0.8,7.9,15.5,-999.0,-5.1,42.8,8.0,256.2,-999.0
2007,4,21,-1.4,4.3,10.6,-999.0,-5.4,53.5,9.8,271.3,-999.0
2007,4,22,-2.2,4.3,13.7,-999.0,-2.4,66.8,5.5,224.5,-999.0
2007,4,23,3.5,10.4,20.0,-999.0,6.4,80.5,8.5,200.0,-999.0
2007,4,24,-3.2,-1.1,1.9,-999.0,-6.5,67.9,25.2,295.9,-999.0
2007,4,25,-7.1,-1.1,3.6,-999.0,-10.0,53.5,14.0,287.9,-999.0
2007,4,26,-4.4,3.0,9.7,-999.0,-8.5,45.5,12.5,300.0,-999.0
2007,4,27,-2.7,5.8,15.4,-999.0,-3.5,56.5,4.5,145.9,-999.0
2007,4,28,2.9,8.3,14.8,-999.0,1.3,63.8,5.5,113.9,-999.0
2007,4,29,-1.5,3.9,12.9,-999.0,1.5,86.7,5.9,168.0,-999.0
2007,4,30,2.6,2.7,3.5,-999.0,2.3,97.9,10.7,100.6,-999.0
2007,5,4,-0.7,-999.0,9.5,-999.0,-999.0,-999.0,-999.0,-999.0,-999.0
2007,5,5,-0.9,-999.0,7.0,-999.0,-999.0,-999.0,-999.0,-999.0,-999.0
2007,5,6,-1.9,-999.0,13.9,-999.0,-999.0,-999.0,-999.0,-999.0,-999.0
2007,5,7,6.0,-999.0,21.9,-999.0,-999.0,-999.0,-999.0,-999.0,-999.0
2007,5,8,7.8,-999.0,13.1,-999.0,-999.0,-999.0,-999.0,-999.0,-999.0
2007,5,9,2.0,-999.0,18.5,-999.0,-999.0,-999.0,-999.0,-999.0,-999.0
2007,5,10,0.1,-999.0,25.0,-999.0,-999.0,-999.0,-999.0,-999.0,-999.0
2007,5,11,6.3,-999.0,18.2,-999.0,-999.0,-999.0,-999.0,-999.0,-999.0
2007,5,12,-1.6,-999.0,7.9,-999.0,-999.0,-999.0,-999.0,-999.0,-999.0
2007,5,13,-2.9,-999.0,6.7,-999.0,-999.0,-999.0,-999.0,-999.0,-999.0
2007,5,14,-4.8,-999.0,16.8,-999.0,-999.0,-999.0,-999.0,-999.0,-999.0
2007,5,15,5.5,-999.0,12.6,-999.0,-999.0,-999.0,-999.0,-999.0,-999.0
2007,5,16,-2.0,-999.0,10.8,-999.0,-999.0,-999.0,-999.0,-999.0,-999.0
2007,5,17,-0.7,-999.0,13.7,-999.0,-999.0,-999.0,-999.0,-999.0,-999.0
2007,5,18,-1.9,-999.0,16.2,-999.0,-999.0,-999.0,-999.0,-999.0,-999.0
2007,5,19,2.1,-999.0,18.1,-999.0,-999.0,-999.0,-999.0,-999.0,-999.0
2007,5,20,0.7,-999.0,4.0,-999.0,-999.0,-999.0,-999.0,-999.0,-999.0
2007,5,21,0.5,-999.0,11.8,-999.0,-999.0,-999.0,-999.0,-999.0,-999.0
2007,5,22,-0.6,-999.0,15.7,-999.0,-999.0,-999.0,-999.0,-999.0,-999.0
2007,5,23,3.6,-999.0,20.5,-999.0,-999.0,-999.0,-999.0,-999.0,-999.0
2007,5,24,11.3,-999.0,28.5,-999.0,-999.0,-999.0,-999.0,-999.0,-999.0
2007,5,25,12.8,-999.0,29.1,-999.0,-999.0,-999.0,-999.0,-999.0,-999.0
2007,5,26,12.8,-999.0,16.4,-999.0,-999.0,-999.0,-999.0,-999.0,-999.0
2007,5,30,9.2,-999.0,18.9,-999.0,-999.0,-999.0,-999.0,-999.0,-999.0
2007,5,31,5.1,-999.0,20.8,-999.0,-999.0,-999.0,-999.0,-999.0,-999.0
2007,7,1,9.2,11.6,15.6,-999.0,7.1,75.1,11.1,255.0,-999.0
2007,7,2,7.2,12.7,17.6,-999.0,7.1,72.0,10.3,285.5,-999.0
2007,7,3,4.6,14.3,21.3,-999.0,7.0,65.8,6.5,222.4,-999.0
2007,7,4,6.5,14.5,21.0,-999.0,9.4,73.5,5.6,168.9,-999.0
2007,7,5,13.1,14.8,16.9,-999.0,13.8,94.4,6.0,123.5,-999.0
2007,7,6,13.9,14.7,18.7,-999.0,12.0,84.8,11.3,276.3,-999.0
2007,7,7,7.5,11.0,18.1,-999.0,7.7,81.4,7.6,274.2,-999.0
2007,7,8,7.7,13.8,19.1,-999.0,7.5,69.4,7.8,195.7,-999.0
2007,7,9,6.7,13.9,20.5,-999.0,10.0,80.2,9.4,170.0,-999.0
2007,7,10,11.8,14.7,19.8,-999.0,11.4,82.0,7.5,212.9,-999.0
2007,7,11,11.8,16.1,20.0,-999.0,15.5,96.8,8.7,120.4,-999.0
2007,7,12,10.6,15.9,20.5,-999.0,10.6,73.2,8.6,248.8,-999.0
2007,7,13,10.6,14.6,17.8,-999.0,11.3,81.6,7.9,228.6,-999.0
2007,7,14,7.9,15.4,20.6,-999.0,9.5,71.4,5.6,182.9,-999.0
2007,7,15,11.5,14.5,18.7,-999.0,12.5,88.8,8.4,181.4,-999.0
2007,7,16,10.5,13.9,18.4,-999.0,11.4,86.3,6.7,217.4,-999.0
2007,7,17,9.4,12.8,17.9,-999.0,10.5,87.7,6.7,188.8,-999.0
2007,7,18,9.2,14.2,19.8,-999.0,9.9,78.0,7.5,231.9,-999.0
2007,7,19,8.1,11.7,18.4,-999.0,7.5,76.7,4.9,225.8,-999.0
2007,7,20,6.5,16.6,22.4,-999.0,8.3,61.9,7.8,240.6,-999.0
2007,7,21,14.9,16.3,21.1,-999.0,7.8,58.5,12.8,247.3,-999.0
2007,7,22,6.7,16.1,26.0,-999.0,8.1,64.1,8.1,270.8,-999.0
2007,7,23,12.0,21.2,27.3,-999.0,11.1,55.4,8.5,215.4,-999.0
2007,7,24,14.7,18.2,24.0,-999.0,14.2,79.1,5.8,210.0,-999.0
2007,7,25,12.5,-999.0,28.6,-999.0,-999.0,-999.0,-999.0,-999.0,-999.0
2007,7,26,17.6,24.9,30.0,-999.0,16.7,62.5,10.0,276.7,-999.0
2007,7,27,-999.0,22.0,-999.0,-999.0,15.1,67.3,9.6,281.4,-999.0
2007,7,28,16.9,-999.0,22.0,-999.0,-999.0,-999.0,-999.0,-999.0,-999.0
2007,7,29,11.8,-999.0,23.6,-999.0,-999.0,-999.0,-999.0,-999.0,-999.0
2007,7,30,-999.0,14.4,-999.0,-999.0,9.7,75.7,5.0,266.7,-999.0
2007,9,1,-999.0,9.9,-999.0,-999.0,5.2,73.8,11.0,290.8,-999.0
2007,9,2,5.6,12.0,17.8,-999.0,8.3,80.0,8.0,203.0,-999.0
2007,9,3,13.6,-999.0,15.4,-999.0,-999.0,-999.0,-999.0,-999.0,-999.0
2007,9,6,5.9,10.2,17.6,-999.0,9.1,92.8,5.9,141.6,-999.0
2007,9,7,9.1,18.1,21.7,-999.0,17.5,96.5,5.6,183.0,-999.0
2007,9,8,12.8,14.6,21.6,-999.0,11.3,81.0,14.2,274.3,-999.0
2007,9,9,3.4,9.3,14.6,-999.0,4.7,74.7,6.5,149.6,-999.0
2007,9,10,7.3,9.1,12.7,-999.0,6.5,85.2,5.6,265.9,-999.0
2007,9,11,2.8,6.9,9.1,-999.0,6.2,95.5,11.0,157.6,-999.0
2007,9,12,7.5,8.1,10.1,-999.0,6.7,91.3,16.3,227.9,-999.0
2007,9,13,1.0,4.1,7.5,-999.0,-0.9,71.8,11.7,296.7,-999.0
2007,9,14,1.3,12.1,19.3,-999.0,8.0,77.3,8.8,152.5,-999.0
2007,9,15,6.3,6.8,12.4,-999.0,4.4,85.0,12.7,287.1,-999.0
2007,9,16,0.4,-999.0,11.5,-999.0,-999.0,-999.0,-999.0,-999.0,-999.0
2007,9,18,4.9,12.3,19.3,-999.0,7.5,75.6,5.8,210.5,-999.0
2007,9,19,11.2,15.3,19.4,-999.0,12.6,84.3,5.6,198.6,-999.0
2007,9,20,12.9,13.1,17.1,-999.0,9.0,76.4,12.3,286.7,-999.0
2007,9,21,2.7,10.3,18.1,-999.0,7.5,84.3,5.1,167.0,-999.0
2007,9,22,12.9,14.9,21.1,-999.0,11.4,80.0,9.3,182.9,-999.0
2007,9,23,7.5,8.7,10.6,-999.0,2.0,63.5,20.5,286.8,-999.0
2007,9,24,3.8,6.4,10.0,-999.0,1.6,72.5,8.8,260.5,-999.0
2007,9,25,5.0,11.6,19.2,-999.0,10.4,93.0,7.6,173.8,-999.0
2007,9,26,8.5,9.5,13.2,-999.0,8.1,91.0,10.9,283.0,-999.0
2007,9,27,4.4,6.9,10.5,-999.0,5.1,88.7,4.4,231.7,-999.0
2007,9,28,4.7,7.7,12.2,-999.0,4.8,83.8,5.8,307.1,-999.0
2007,9,29,4.5,6.0,9.0,-999.0,0.6,70.4,15.3,304.2,-999.0
2007,9,30,-3.0,3.2,12.1,-999.0,-0.6,79.4,4.5,161.4,-999.0
2007,10,2,13.3,14.6,19.8,-999.0,13.2,92.2,4.4,172.7,-999.0
2007,10,3,10.5,14.4,17.7,-999.0,11.7,84.3,8.9,168.5,-999.0
2007,10,4,8.2,11.7,16.1,-999.0,4.2,62.4,12.1,243.9,-999.0
2007,10,5,6.8,12.6,18.2,-999.0,4.3,59.7,12.9,249.1,-999.0
2007,10,6,2.5,4.4,7.0,-999.0,-1.5,66.1,7.6,260.8,-999.0
2007,10,7,0.7,4.2,8.8,-999.0,-1.9,65.8,8.0,228.3,-999.0
2007,10,8,1.6,4.2,7.4,-999.0,1.2,81.5,6.9,172.9,-999.0
2007,10,9,1.6,-999.0,4.4,-999.0,-999.0,-999.0,-999.0,-999.0,-999.0
2007,10,11,4.8,6.1,7.0,-999.0,5.2,94.5,10.3,110.4,-999.0
2007,10,12,5.6,5.3,6.7,-999.0,3.9,91.0,14.0,93.6,-999.0
2007,10,13,1.0,1.8,3.7,-999.0,1.4,96.7,5.1,140.0,-999.0
2007,10,14,1.0,3.0,5.0,-999.0,2.1,93.7,10.7,299.1,-999.0
2007,10,15,2.8,5.6,9.0,-999.0,1.4,76.0,16.0,299.5,-999.0
2007,10,16,0.1,3.4,8.1,-999.0,0.0,79.6,11.8,302.0,-999.0
2007,10,17,-2.8,2.8,10.8,-999.0,-0.2,82.9,4.9,235.9,-999.0
2007,10,18,-3.1,3.4,12.8,-999.0,0.1,82.1,4.4,243.6,-999.0
2007,10,19,1.2,6.1,8.6,-999.0,5.1,93.8,10.5,136.8,-999.0
2007,10,20,6.9,10.5,13.0,-999.0,9.7,95.0,7.8,187.4,-999.0
2007,10,21,7.7,9.0,12.7,-999.0,6.6,85.7,9.3,269.0,-999.0
2007,10,22,4.6,10.0,16.6,-999.0,8.3,90.5,3.8,212.6,-999.0
2007,10,23,5.3,5.7,15.3,-999.0,4.6,93.4,10.6,312.9,-999.0
2007,10,24,-1.0,1.8,4.1,-999.0,1.2,96.1,5.1,260.0,-999.0
2007,10,25,-0.5,1.2,5.1,-999.0,-0.8,87.2,9.0,286.5,-999.0
2007,10,26,-1.6,4.8,12.3,-999.0,0.6,76.8,5.5,227.5,-999.0
2007,10,27,1.2,4.9,7.4,-999.0,4.5,97.0,5.8,116.0,-999.0
2007,10,28,0.4,0.8,9.0,-999.0,-0.9,88.6,18.0,278.6,-999.0
2007,10,29,-4.8,-3.3,-1.6,-999.0,-6.3,80.5,9.4,235.7,-999.0
2007,10,30,-3.0,-1.2,1.6,-999.0,-3.9,82.7,8.9,295.6,-999.0
2007,10,31,-6.8,2.4,9.2,-999.0,-0.9,80.2,6.8,131.4,-999.0
2007,11,1,3.4,-999.0,10.3,-999.0,-999.0,-999.0,-999.0,-999.0,-999.0
2007,11,2,-2.6,-999.0,2.3,-999.0,-999.0,-999.0,-999.0,-999.0,-999.0
2007,11,3,-5.1,-999.0,7.1,-999.0,-999.0,-999.0,-999.0,-999.0,-999.0
2007,11,4,-1.1,-999.0,2.5,-999.0,-999.0,-999.0,-999.0,-999.0,-999.0
2007,11,5,-6.3,-999.0,3.2,-999.0,-999.0,-999.0,-999.0,-999.0,-999.0
2007,11,6,-2.2,-999.0,-0.4,-999.0,-999.0,-999.0,-999.0,-999.0,-999.0
2007,11,7,-0.9,-999.0,0.6,-999.0,-999.0,-999.0,-999.0,-999.0,-999.0
2007,11,8,-4.5,-999.0,-1.9,-999.0,-999.0,-999.0,-999.0,-999.0,-999.0
2007,11,9,-5.7,-999.0,-2.6,-999.0,-999.0,-999.0,-999.0,-999.0,-999.0
2007,11,10,-6.4,-999.0,-2.6,-999.0,-999.0,-999.0,-999.0,-999.0,-999.0
2007,11,11,-14.5,-999.0,-3.8,-999.0,-999.0,-999.0,-999.0,-999.0,-999.0
2007,11,12,-7.0,-999.0,-3.2,-999.0,-999.0,-999.0,-999.0,-999.0,-999.0
2007,11,13,-5.4,-999.0,1.4,-999.0,-999.0,-999.0,-999.0,-999.0,-999.0
2007,11,14,-0.4,-999.0,4.9,-999.0,-999.0,-999.0,-999.0,-999.0,-999.0
2007,11,15,0.4,-999.0,3.8,-999.0,-999.0,-999.0,-999.0,-999.0,-999.0
2007,11,16,-1.2,-999.0,0.4,-999.0,-999.0,-999.0,-999.0,-999.0,-999.0
2007,11,17,-3.8,-999.0,-2.8,-999.0,-999.0,-999.0,-999.0,-999.0,-999.0
2007,11,18,-7.7,-999.0,-3.7,-999.0,-999.0,-999.0,-999.0,-999.0,-999.0
2007,11,19,-14.6,-999.0,-2.8,-999.0,-999.0,-999.0,-999.0,-999.0,-999.0
2007,11,20,-8.3,-999.0,-4.7,-999.0,-999.0,-999.0,-999.0,-999.0,-999.0
2007,11,21,-5.5,-999.0,-2.3,-999.0,-999.0,-999.0,-999.0,-999.0,-999.0
2007,11,28,-17.5,-999.0,-10.1,-999.0,-999.0,-999.0,-999.0,-999.0,-999.0
2007,11,29,-18.4,-999.0,-6.2,-999.0,-999.0,-999.0,-999.0,-999.0,-999.0
2007,11,30,-13.9,-999.0,-6.4,-999.0,-999.0,-999.0,-999.0,-999.0,-999.0
2007,12,1,-17.9,-15.7,-13.3,-999.0,-19.5,73.0,18.6,301.7,-999.0
2007,12,2,-19.5,-15.6,-12.8,-999.0,-18.7,77.7,6.9,219.2,-999.0
2007,12,3,-17.4,-9.4,-3.5,-999.0,-11.3,85.9,12.1,93.9,-999.0
2007,12,4,-8.0,-6.4,-3.5,-999.0,-8.6,84.1,7.1,189.6,-999.0
2007,12,5,-14.1,-12.5,-8.1,-999.0,-14.8,82.7,5.7,268.3,-999.0
2007,12,6,-19.3,-17.6,-15.1,-999.0,-20.6,78.0,5.8,231.3,-999.0
2007,12,7,-21.2,-14.2,-7.9,-999.0,-15.8,87.8,3.4,125.9,-999.0
2007,12,8,-13.2,-12.9,-7.1,-999.0,-15.4,81.4,10.5,231.3,-999.0
2007,12,9,-25.4,-21.7,-17.4,-999.0,-24.6,77.6,5.1,229.5,-999.0
2007,12,10,-25.6,-18.9,-12.3,-999.0,-21.5,80.0,3.8,240.6,-999.0
2007,12,11,-20.9,-16.7,-11.6,-999.0,-18.7,84.6,3.8,217.1,-999.0
2007,12,12,-16.5,-13.5,-8.8,-999.0,-16.4,79.0,13.0,275.5,-999.0
2007,12,13,-25.4,-22.0,-18.5,-999.0,-25.3,74.8,6.1,205.9,-999.0
2007,12,14,-22.8,-16.5,-14.1,-999.0,-19.1,80.1,10.9,175.4,-999.0
2007,12,15,-24.6,-22.8,-18.6,-999.0,-26.7,70.5,11.2,290.0,-999.0
2007,12,16,-29.7,-22.1,-15.1,-999.0,-25.2,76.0,9.0,183.6,-999.0
2007,12,17,-18.9,-14.2,-10.9,-999.0,-17.6,75.4,18.3,281.3,-999.0
2007,12,18,-22.1,-19.2,-14.4,-999.0,-22.7,74.5,9.1,264.8,-999.0
2007,12,19,-30.4,-24.1,-17.7,-999.0,-27.7,72.9,5.3,264.8,-999.0
2007,12,20,-27.3,-20.6,-13.6,-999.0,-23.9,74.8,8.1,176.5,-999.0
2007,12,21,-24.4,-17.8,-13.4,-999.0,-20.5,80.0,4.6,229.5,-999.0
2007,12,22,-14.7,-7.9,-3.8,-999.0,-9.2,90.5,3.0,124.0,-999.0
2007,12,23,-5.6,-1.0,2.3,-999.0,-1.4,97.3,6.7,120.9,-999.0
2007,12,24,-4.4,-3.0,2.9,-999.0,-3.5,96.6,11.0,211.3,-999.0
2007,12,25,-10.4,-10.1,-6.9,-999.0,-11.3,90.4,9.3,249.5,-999.0
2007,12,26,-11.7,-10.4,-4.2,-999.0,-11.8,89.6,5.6,240.0,-999.0
2007,12,27,-18.6,-13.8,-10.9,-999.0,-15.6,86.2,8.3,93.3,-999.0
2007,12,28,-13.9,-11.4,-7.7,-999.0,-13.0,88.6,5.9,220.5,-999.0
2007,12,29,-15.3,-9.9,-6.1,-999.0,-11.3,89.8,12.3,113.8,-999.0
2007,12,30,-15.2,-14.2,-5.1,-999.0,-16.4,83.1,9.4,262.6,-999.0
2007,12,31,-15.2,-999.0,-21.8,-999.0,-999.0,-999.0,-999.0,-999.0,-999.0
2008,1,1,-22.1,-999.0,-13.2,-999.0,-999.0,-999.0,-999.0,-999.0,-999.0
2008,1,2,-27.4,-23.7,-20.0,-999.0,-28.1,71.2,7.6,286.7,968.3
2008,1,3,-31.6,-25.8,-20.0,-999.0,-29.1,71.4,5.4,201.9,978.2
2008,1,4,-24.8,-999.0,-7.6,-999.0,-999.0,-999.0,-999.0,-999.0,-999.0
2008,1,8,0.2,1.4,2.5,-999.0,0.6,96.1,6.3,148.8,964.6
2008,1,9,-1.5,1.2,3.9,-999.0,0.8,98.0,14.1,133.5,945.0
2008,1,10,-11.0,-5.8,-0.5,-999.0,-8.2,86.1,15.6,282.5,957.1
2008,1,11,-11.7,-9.0,-6.3,-999.0,-11.0,87.8,10.8,117.5,964.1
2008,1,12,-13.7,-7.9,-2.0,-999.0,-8.7,89.5,10.5,204.2,957.0
2008,1,13,-23.0,-18.0,-12.9,-999.0,-19.3,79.7,8.7,290.0,973.9
2008,1,14,-24.2,-18.7,-13.1,-999.0,-20.1,81.4,5.4,267.7,973.6
2008,1,15,-18.3,-15.0,-11.7,-999.0,-17.7,78.0,6.3,204.2,963.7
2008,1,16,-18.4,-12.6,-6.8,-999.0,-14.1,83.8,2.1,197.5,971.5
2008,1,17,-20.8,-14.0,-7.2,-999.0,-15.6,84.5,2.8,141.3,971.9
2008,1,18,-16.9,-9.8,-2.6,-999.0,-8.9,88.2,10.5,155.9,952.9
2008,1,19,-28.1,-22.5,-16.9,-999.0,-24.1,73.1,10.1,285.0,959.0
2008,1,20,-33.9,-30.3,-26.7,-999.0,-34.7,66.7,7.3,291.4,963.7
2008,1,21,-35.9,-30.9,-25.9,-999.0,-34.4,68.6,5.7,234.2,973.0
2008,1,22,-30.8,-24.6,-18.4,-999.0,-27.0,77.0,3.1,211.2,966.7
2008,1,23,-27.5,-20.1,-12.6,-999.0,-22.6,76.5,10.0,271.3,956.4
2008,1,24,-34.6,-28.0,-21.4,-999.0,-30.7,71.7,5.1,264.3,965.1
2008,1,25,-33.2,-26.4,-19.6,-999.0,-28.9,75.3,3.2,241.7,964.6
2008,1,26,-29.9,-21.9,-13.9,-999.0,-26.1,75.3,3.7,280.0,971.4
2008,1,27,-27.3,-19.4,-11.5,-999.0,-23.0,79.2,3.7,200.5,974.2
2008,1,28,-14.1,-10.2,-6.2,-999.0,-12.7,86.7,3.8,100.5,970.9
2008,1,29,-15.4,-9.6,-3.8,-999.0,-12.0,84.1,7.4,116.3,960.8
2008,1,30,-13.4,-6.9,-0.4,-999.0,-4.7,93.8,15.5,143.8,947.3
2008,1,31,-25.1,-19.3,-13.4,-999.0,-21.3,73.3,14.5,261.3,971.0
2008,2,1,-26.7,-20.4,-14.0,-999.0,-22.5,78.5,5.8,160.6,984.6
2008,2,2,-22.0,-15.8,-9.6,-999.0,-15.7,83.4,10.3,214.2,966.5
2008,2,3,-23.2,-16.6,-10.0,-999.0,-19.5,82.6,4.2,259.0,971.2
2008,2,4,-23.1,-15.7,-8.2,-999.0,-17.3,84.0,3.8,200.0,977.2
2008,2,5,-16.8,-12.4,-7.9,-999.0,-13.7,87.5,5.0,111.1,966.3
2008,2,6,-24.4,-17.6,-10.7,-999.0,-18.8,79.1,10.3,301.9,961.4
2008,2,7,-25.5,-19.1,-11.5,-999.0,-22.8,73.0,6.4,190.0,966.3
2008,2,8,-20.4,-14.8,-9.2,-999.0,-16.9,84.0,4.6,163.2,964.3
2008,2,9,-18.3,-11.7,-5.1,-999.0,-14.8,85.0,2.8,125.0,964.6
2008,2,10,-13.0,-9.7,-6.4,-999.0,-10.6,87.4,14.0,106.7,953.6
2008,2,11,-11.6,-9.6,-6.6,-999.0,-12.5,79.7,14.4,320.0,955.4
2008,2,12,-23.5,-17.2,-10.8,-999.0,-19.9,74.4,9.2,265.0,974.0
2008,2,13,-24.0,-17.0,-10.0,-999.0,-16.3,85.7,10.5,148.3,963.8
2008,2,14,-20.2,-16.1,-11.9,-999.0,-18.7,76.0,9.4,290.5,962.0
2008,2,15,-27.6,-20.9,-14.2,-999.0,-23.1,73.3,8.9,250.9,960.0
2008,2,16,-29.2,-24.4,-19.5,-999.0,-28.9,70.1,7.6,274.1,968.2
2008,2,17,-27.0,-17.6,-8.1,-999.0,-18.0,84.8,5.6,114.7,963.9
2008,2,18,-8.2,-2.3,3.7,-999.0,-2.8,95.6,9.8,161.7,944.2
2008,2,19,-21.8,-13.4,-5.0,-999.0,-16.2,77.2,11.8,280.4,948.2
2008,2,20,-24.6,-20.6,-16.5,-999.0,-25.3,69.0,10.6,282.6,958.3
2008,2,21,-30.3,-22.6,-14.9,-999.0,-26.8,66.8,7.2,266.5,968.2
2008,2,22,-25.3,-16.1,-6.9,-999.0,-20.8,74.0,4.0,200.6,968.1
2008,2,23,-25.3,-15.4,-5.4,-999.0,-17.9,71.9,8.0,260.9,962.0
2008,2,24,-17.6,-11.0,-4.4,-999.0,-11.1,83.3,8.5,244.6,957.3
2008,2,25,-15.2,-11.0,-6.8,-999.0,-16.1,66.5,8.2,286.4,958.5
2008,2,26,-25.3,-17.6,-9.8,-999.0,-23.8,59.9,7.7,262.6,961.2
2008,2,27,-23.8,-17.6,-11.3,-999.0,-25.0,56.0,10.7,307.4,956.3
2008,2,28,-27.5,-22.0,-16.5,-999.0,-29.2,55.5,13.5,305.7,966.0
2008,2,29,-33.1,-22.9,-12.7,-999.0,-29.0,58.6,5.4,219.5,977.8
2008,3,1,-25.3,-17.7,-10.1,-999.0,-19.2,76.2,9.2,115.2,970.1
2008,3,2,-19.3,-12.2,-5.1,-999.0,-17.6,63.8,12.7,297.5,970.4
2008,3,3,-23.2,-12.3,-1.3,-999.0,-15.4,82.7,7.1,168.6,961.4
2008,3,4,-26.1,-13.6,-1.0,-999.0,-18.7,71.1,17.8,295.2,963.5
2008,3,5,-29.1,-21.6,-14.1,-999.0,-22.9,77.7,9.8,187.0,966.4
2008,3,6,-16.4,-11.2,-6.0,-999.0,-13.9,81.8,7.5,195.4,966.4
2008,3,7,-12.3,-7.7,-3.0,-999.0,-8.5,86.5,8.8,249.1,972.1
2008,3,8,-16.9,-13.6,-10.2,-999.0,-19.0,63.4,12.4,203.0,970.0
2008,3,9,-21.4,-16.6,-11.8,-999.0,-20.8,66.5,12.3,220.0,964.5
2008,3,10,-26.5,-16.0,-5.5,-999.0,-20.5,61.2,5.7,224.3,970.9
2008,3,11,-16.4,-8.9,-1.4,-999.0,-12.4,74.6,5.6,184.0,958.8
2008,3,12,-21.7,-13.9,-6.1,-999.0,-16.3,65.6,13.8,264.6,956.7
2008,3,13,-26.3,-18.3,-10.2,-999.0,-25.9,54.8,8.3,298.6,966.9
2008,3,14,-26.2,-16.3,-6.3,-999.0,-22.1,55.8,8.6,169.2,964.6
2008,3,15,-12.4,-7.6,-2.8,-999.0,-11.7,74.1,11.3,113.3,961.6
2008,3,16,-12.1,-7.1,-2.1,-999.0,-9.2,78.5,8.8,266.5,968.1
2008,3,17,-18.4,-11.4,-4.4,-999.0,-18.6,55.4,11.1,278.8,984.2
2008,3,18,-22.5,-9.4,3.7,-999.0,-17.7,56.8,6.7,180.0,979.2
2008,3,19,-6.7,-3.9,-1.1,-999.0,-10.7,64.6,12.3,113.5,964.7
2008,3,20,-5.9,-3.9,-1.9,-999.0,-5.5,89.2,8.3,187.9,953.4
2008,3,21,-14.5,-10.2,-5.9,-999.0,-14.1,81.9,35.2,295.9,947.7
2008,3,22,-17.4,-13.9,-10.4,-999.0,-18.8,68.6,27.1,305.4,951.4
2008,3,23,-26.0,-20.7,-15.3,-999.0,-24.6,61.0,19.8,297.9,964.0
2008,3,24,-30.5,-22.8,-15.0,-999.0,-27.3,62.5,9.2,258.0,971.3
2008,3,25,-25.0,-13.0,-0.9,-999.0,-16.9,65.5,6.4,157.9,967.0
2008,3,26,-18.2,-9.1,0.0,-999.0,-8.5,84.3,12.2,215.7,956.4
2008,3,27,-20.8,-12.9,-4.9,-999.0,-18.2,66.8,8.2,296.0,964.2
2008,3,28,-22.9,-12.3,-7.0,-999.0,-17.1,68.9,8.0,267.0,969.1
2008,3,29,-18.3,-10.4,-2.5,-999.0,-16.5,58.0,15.9,323.2,975.4
2008,3,30,-16.1,-6.4,3.4,-999.0,-13.1,55.0,6.6,200.0,986.4
2008,3,31,-5.5,-1.5,2.6,-999.0,-6.8,69.5,7.0,169.6,976.6
2008,4,1,-3.4,-1.1,1.2,-999.0,-2.6,93.7,10.6,110.0,956.8
2008,4,2,-12.2,-5.9,0.4,-999.0,-11.8,73.8,30.1,305.7,956.5
2008,4,3,-13.9,-6.1,1.8,-999.0,-11.0,65.6,13.4,275.8,968.5
2008,4,4,-6.9,1.1,9.0,-999.0,-3.5,73.5,6.6,274.1,965.1
2008,4,5,-5.0,0.4,5.7,-999.0,-2.5,79.7,6.9,175.5,967.4
2008,4,6,-2.0,5.8,13.6,-999.0,-1.1,70.6,10.3,118.8,979.6
2008,4,7,-0.4,4.6,9.5,-999.0,-3.1,64.1,12.0,114.8,983.1
2008,4,8,0.2,5.1,9.9,-999.0,-3.9,67.5,8.3,140.4,977.4
2008,4,9,-0.8,5.8,12.3,-999.0,0.3,71.9,6.7,185.0,970.7
2008,4,10,-0.7,2.0,4.6,-999.0,0.5,88.0,11.9,240.0,962.2
2008,4,11,-2.7,-0.1,2.7,-999.0,-6.0,65.3,12.7,201.8,968.5
2008,4,12,-3.5,-1.6,0.2,-999.0,-6.7,69.0,9.8,106.5,960.3
2008,4,13,-3.4,-1.0,1.5,-999.0,-3.5,83.2,14.8,260.0,958.0
2008,4,14,-6.2,-0.6,5.1,-999.0,-8.8,56.0,14.6,319.2,964.0
2008,4,15,-5.7,1.4,8.1,-999.0,-9.4,47.9,8.7,271.9,967.8
2008,4,16,0.8,7.9,14.6,-999.0,-6.0,38.4,9.3,205.2,965.3
2008,4,17,-0.5,7.7,15.8,-999.0,-0.9,51.6,8.6,220.4,967.8
2008,4,18,-1.5,3.1,9.3,-999.0,-1.3,76.7,6.3,253.6,974.2
2008,4,19,-0.9,4.4,9.6,-999.0,-2.1,65.0,7.9,155.4,975.7
2008,4,20,0.6,2.3,4.0,-999.0,0.8,86.8,7.8,99.6,977.9
2008,4,21,-1.9,5.9,13.6,-999.0,-0.9,72.6,5.5,205.0,980.6
2008,4,22,1.1,7.3,13.4,-999.0,3.2,80.3,5.3,217.5,975.6
2008,4,23,0.7,6.8,12.9,-999.0,2.8,83.7,9.0,191.7,969.7
2008,4,24,0.5,5.7,10.8,-999.0,-1.0,71.7,9.8,285.4,973.4
2008,4,25,-2.0,4.8,11.6,-999.0,-3.2,60.0,6.4,188.2,975.5
2008,4,26,-1.9,5.3,12.4,-999.0,-3.5,53.2,12.0,139.6,974.5
2008,4,27,1.7,4.2,6.7,-999.0,1.5,86.8,12.3,108.8,972.4
2008,4,28,2.3,6.5,10.6,-999.0,2.4,82.0,12.5,107.7,968.7
2008,4,29,0.6,2.6,4.6,-999.0,2.1,97.3,8.5,146.7,959.4
2008,4,30,-3.5,-1.4,0.7,-999.0,-3.8,88.8,9.8,288.8,961.8
2008,5,1,-6.2,-1.9,2.4,-999.0,-4.6,78.3,7.8,293.8,973.2
2008,5,2,-3.1,-999.0,10.0,-999.0,-999.0,-999.0,-999.0,-999.0,-999.0
2008,5,3,0.4,5.9,11.3,-999.0,0.0,71.8,14.2,117.1,973.0
2008,5,4,3.5,4.4,5.2,-999.0,3.2,92.7,10.6,111.7,966.8
2008,5,5,1.6,7.4,13.1,-999.0,1.3,75.9,6.2,214.3,968.3
2008,5,6,1.6,8.7,15.7,-999.0,2.4,72.0,8.1,188.5,965.2
2008,5,7,0.7,6.1,11.5,-999.0,-0.8,63.1,10.5,243.3,963.0
2008,5,8,1.9,4.3,6.7,-999.0,3.2,93.4,12.3,187.1,953.2
2008,5,9,-1.5,4.5,10.5,-999.0,-0.6,72.6,11.5,278.8,963.6
2008,5,10,-2.4,5.3,13.0,-999.0,-0.6,68.6,8.0,181.3,966.3
2008,5,11,-1.4,6.6,14.5,-999.0,0.1,65.0,8.0,103.3,968.2
2008,5,12,0.7,8.5,16.3,-999.0,0.5,59.0,8.9,136.7,969.7
2008,5,13,1.3,10.7,20.1,-999.0,1.5,57.0,6.4,255.8,971.3
2008,5,14,4.3,13.8,23.2,-999.0,3.0,48.3,10.2,157.4,966.4
2008,5,15,-0.1,6.4,12.9,-999.0,3.6,69.9,12.3,224.6,964.8
2008,5,16,-1.8,7.0,15.8,-999.0,-0.5,65.2,6.8,291.8,962.1
2008,5,17,-1.0,9.0,19.0,-999.0,-0.5,53.0,10.3,169.1,950.9
2008,5,18,0.6,8.8,17.0,-999.0,3.2,70.8,8.5,255.7,943.7
2008,5,19,-0.7,5.7,12.1,-999.0,4.5,90.3,5.2,194.2,942.0
2008,5,20,3.0,5.1,7.1,-999.0,4.1,94.1,8.3,293.8,944.4
2008,5,21,2.6,7.7,12.8,-999.0,4.0,83.5,6.6,190.9,950.2
2008,5,22,2.6,8.6,14.6,-999.0,4.9,78.5,9.0,228.2,954.6
2008,5,23,3.7,8.9,14.0,-999.0,3.5,73.4,11.0,310.0,960.5
2008,5,24,3.4,9.1,14.7,-999.0,-0.1,57.4,13.7,289.0,965.5
2008,5,25,0.9,10.1,19.2,-999.0,2.6,55.2,11.5,260.8,962.4
2008,5,26,7.2,7.7,11.4,-999.0,6.0,89.6,7.4,222.1,957.7
2008,5,27,1.9,5.2,8.4,-999.0,0.8,80.5,15.5,315.2,960.7
2008,5,28,1.2,6.1,11.0,-999.0,0.9,76.0,15.3,277.8,965.3
2008,5,29,1.1,4.6,8.1,-999.0,0.8,75.6,21.4,282.5,961.6
2008,5,30,-1.3,7.0,15.2,-999.0,-0.2,63.8,9.9,307.9,969.1
2008,5,31,1.2,10.5,17.6,-999.0,1.7,58.5,10.6,166.1,961.6
2008,6,1,8.8,10.8,13.3,-999.0,4.9,67.4,7.1,110.4,958.6
2008,6,2,7.3,11.4,16.3,-999.0,7.7,79.7,6.6,212.5,960.4
2008,6,3,4.4,7.1,10.2,-999.0,1.0,67.6,12.0,292.1,965.6
2008,6,4,-1.5,7.2,15.3,-999.0,-0.8,63.0,7.4,286.4,970.9
2008,6,5,-0.1,11.9,21.3,-999.0,0.9,53.5,7.8,194.5,973.3
2008,6,6,8.7,12.2,16.4,-999.0,9.1,83.8,5.6,187.5,969.1
2008,6,7,12.3,16.4,21.6,-999.0,15.8,96.7,6.5,135.0,961.5
2008,6,8,14.4,18.3,24.8,-999.0,11.8,70.1,13.5,258.1,957.7
2008,6,9,8.2,15.7,21.5,-999.0,5.2,53.1,6.2,173.9,964.7
2008,6,10,10.9,14.6,18.7,-999.0,12.2,87.0,9.5,110.8,960.8
2008,6,11,12.3,13.3,16.8,-999.0,10.1,81.8,13.7,288.3,962.4
2008,6,12,6.6,12.5,18.6,-999.0,2.1,52.8,14.4,297.5,974.9
2008,6,13,3.3,14.6,23.0,-999.0,2.9,49.7,6.8,176.5,976.3
2008,6,14,12.5,18.0,23.6,-999.0,6.6,48.7,9.4,126.7,968.7
2008,6,15,12.6,13.5,15.4,-999.0,12.0,91.7,9.2,112.1,965.0
2008,6,16,12.4,-999.0,14.1,-999.0,-999.0,-999.0,-999.0,-999.0,-999.0
2008,6,18,11.3,12.4,14.3,-999.0,11.5,94.2,12.3,107.4,962.0
2008,6,19,11.6,13.7,16.9,-999.0,11.2,86.5,14.2,109.1,965.1
2008,6,20,10.9,13.1,15.9,-999.0,12.1,93.3,5.5,135.8,965.7
2008,6,21,11.6,13.2,16.8,-999.0,12.3,95.5,3.9,183.5,966.3
2008,6,22,9.0,14.7,20.5,-999.0,13.4,92.6,4.6,147.4,966.3
2008,6,23,14.0,16.0,21.7,-999.0,13.9,88.5,6.8,196.1,964.5
2008,6,24,11.7,15.1,19.4,-999.0,10.0,75.1,13.8,-999.0,964.9
2008,6,25,8.9,13.5,19.2,-999.0,11.6,88.7,5.3,272.7,965.9
2008,6,26,12.5,16.3,21.4,-999.0,11.7,77.5,3.9,202.0,961.7
2008,6,27,12.3,14.3,16.5,-999.0,12.8,90.8,7.6,126.1,964.9
2008,6,28,10.3,14.6,19.9,-999.0,11.6,83.4,12.0,115.9,968.0
2008,6,29,9.7,10.4,12.8,-999.0,9.8,96.0,15.5,113.6,963.9
2008,6,30,9.9,13.2,18.5,-999.0,12.7,96.7,9.7,154.8,956.6
2008,7,1,9.3,-999.0,21.9,-999.0,-999.0,-999.0,-999.0,-999.0,-999.0
2008,7,2,15.1,18.9,22.7,-999.0,12.9,71.8,6.9,173.5,960.8
2008,7,3,5.6,12.0,18.4,-999.0,10.9,79.6,9.5,259.6,958.3
2008,7,4,4.3,10.4,16.4,-999.0,8.3,89.3,5.7,238.7,966.2
2008,7,5,5.7,12.9,19.7,-999.0,10.9,88.9,5.7,208.3,965.5
2008,7,6,12.7,19.6,26.5,-999.0,14.7,76.1,6.4,227.5,965.3
2008,7,7,11.6,18.0,24.3,-999.0,13.9,71.3,8.4,271.7,964.4
2008,7,8,10.6,14.1,17.5,-999.0,12.4,90.5,5.0,176.7,962.1
2008,7,9,14.6,17.7,20.8,-999.0,16.3,93.1,3.5,209.2,956.9
2008,7,10,9.3,14.3,19.3,-999.0,13.6,91.5,9.4,268.3,958.6
2008,7,11,7.7,13.7,19.7,-999.0,9.4,76.5,10.7,301.3,968.7
2008,7,12,5.2,13.5,21.7,-999.0,8.5,68.3,5.3,154.8,970.5
2008,7,13,12.5,16.5,20.5,-999.0,15.7,95.8,7.4,139.5,956.5
2008,7,14,11.6,16.4,21.1,-999.0,14.9,90.6,5.4,182.6,956.9
2008,7,15,11.2,16.1,21.0,-999.0,13.5,85.2,6.0,244.0,966.2
2008,7,16,10.2,17.3,24.4,-999.0,13.3,86.1,5.9,194.8,968.7
2008,7,17,9.0,15.1,21.1,-999.0,12.2,81.7,8.3,291.4,970.9
2008,7,18,6.8,15.1,22.6,-999.0,8.9,68.3,7.2,295.7,968.8
2008,7,19,8.9,17.0,25.1,-999.0,9.9,65.5,7.0,247.5,966.0
2008,7,20,9.2,16.8,24.3,-999.0,9.9,60.5,6.8,285.0,966.6
2008,7,21,13.7,18.6,23.4,-999.0,11.1,63.1,7.8,146.7,967.4
2008,7,22,12.0,17.4,22.8,-999.0,13.5,79.7,7.6,141.7,971.5
2008,7,23,14.1,17.1,20.0,-999.0,13.8,82.3,9.1,92.9,974.5
2008,7,24,14.3,16.3,18.2,-999.0,15.0,92.8,12.0,110.0,972.2
2008,7,25,15.8,19.0,22.1,-999.0,16.2,88.3,8.6,154.2,966.7
2008,7,26,15.5,19.6,23.6,-999.0,16.2,89.4,5.6,183.8,961.3
2008,7,27,12.5,17.5,22.4,-999.0,15.2,90.2,6.7,185.0,958.2
2008,7,28,12.5,16.5,20.4,-999.0,14.9,92.8,4.4,232.0,959.9
2008,7,29,13.4,18.1,22.7,-999.0,14.6,84.0,11.5,299.6,961.5
2008,7,30,12.0,17.1,22.1,-999.0,13.8,82.2,6.1,261.3,961.9
2008,7,31,10.5,17.3,24.0,-999.0,14.5,82.8,6.8,203.2,959.3
2008,8,1,13.7,15.5,17.2,0.0,15.3,95.4,13.8,107.1,961.4
2008,8,2,12.7,13.9,15.0,0.0,13.1,95.6,12.0,104.6,964.4
2008,8,3,12.8,14.1,15.4,0.0,13.1,94.0,9.0,84.3,968.3
2008,8,4,10.4,13.4,16.3,0.0,12.9,90.1,9.6,100.0,971.1
2008,8,5,9.7,15.9,22.0,0.0,10.9,75.8,6.5,115.5,970.8
2008,8,6,8.9,15.8,22.7,0.0,10.9,74.3,8.7,102.1,966.1
2008,8,7,7.6,15.5,23.3,0.0,10.0,73.6,7.1,197.1,964.1
2008,8,8,7.3,14.1,20.8,0.0,11.1,82.3,6.7,188.7,961.5
2008,8,9,11.9,16.3,20.7,0.0,13.8,88.8,4.3,128.2,963.2
2008,8,10,12.7,16.8,20.9,10.3,14.1,88.0,4.8,176.4,967.6
2008,8,11,10.5,15.1,19.6,0.0,13.9,94.0,4.5,204.8,965.9
2008,8,12,10.2,16.1,22.0,0.0,12.5,90.4,4.7,233.0,961.8
2008,8,13,9.8,14.2,18.5,0.0,12.8,89.6,4.4,182.2,961.6
2008,8,14,12.0,15.9,19.8,0.0,13.5,90.6,5.5,174.6,965.3
2008,8,15,10.1,16.7,23.3,0.0,12.2,78.0,5.2,295.8,968.0
2008,8,16,10.9,17.2,23.5,0.0,13.4,84.3,5.7,185.4,962.0
2008,8,17,8.7,12.7,16.6,0.0,7.8,75.0,13.5,305.2,959.7
2008,8,18,9.5,13.4,17.2,0.0,12.4,95.9,6.9,183.8,957.0
2008,8,19,8.6,11.9,15.1,0.0,7.3,77.0,15.0,304.6,965.1
2008,8,20,6.9,13.2,19.4,0.0,7.5,72.5,11.6,307.9,970.5
2008,8,21,7.8,17.5,27.2,0.0,12.3,74.6,6.7,257.8,972.7
2008,8,22,12.2,19.7,27.2,0.0,14.1,74.3,4.8,200.9,976.9
2008,8,23,14.6,20.4,26.2,0.0,16.4,79.2,5.6,182.7,972.9
2008,8,24,13.7,19.5,25.3,0.0,15.7,77.5,7.6,231.3,962.7
2008,8,25,9.3,11.7,14.0,0.0,8.5,82.0,13.5,302.1,962.8
2008,8,26,5.8,13.0,20.1,0.0,7.5,73.1,9.2,320.0,970.1
2008,8,27,4.9,15.5,26.0,0.0,10.1,74.9,5.2,250.9,973.1
2008,8,28,8.8,18.0,27.2,0.0,13.3,75.5,7.4,194.6,974.3
2008,8,29,12.5,17.9,23.3,0.0,13.8,80.7,10.2,106.7,969.6
2008,8,30,10.4,16.3,22.1,0.0,12.6,80.9,8.8,234.8,965.2
2008,8,31,9.6,14.8,20.0,0.0,9.1,71.1,13.0,312.5,971.0
2008,10,1,7.4,8.4,9.4,0.0,7.0,91.2,8.7,105.8,-999.0
2008,10,2,8.8,9.7,10.6,-999.0,7.5,94.8,7.6,188.3,-999.0
2008,10,3,1.0,2.5,4.0,0.0,0.8,91.6,9.8,235.8,-999.0
2008,10,4,2.3,4.5,6.7,0.0,2.7,88.7,11.8,291.7,-999.0
2008,10,5,0.7,3.4,6.0,0.0,1.2,86.2,8.3,285.8,-999.0
2008,10,6,-1.3,3.2,7.6,0.0,-2.0,69.2,13.3,302.5,-999.0
2008,10,7,2.5,7.3,12.0,0.0,-1.4,60.1,13.0,299.2,-999.0
2008,10,8,-0.8,7.1,15.0,0.0,0.6,69.0,5.7,256.3,-999.0
2008,10,9,1.6,4.9,8.1,0.0,4.2,92.0,3.2,175.2,-999.0
2008,10,10,5.7,8.8,11.9,-999.0,5.3,81.3,11.4,291.7,-999.0
2008,10,11,2.6,6.3,10.0,0.0,2.5,79.8,13.6,305.0,-999.0
2008,10,12,0.5,4.8,9.0,0.0,2.9,85.3,4.8,278.6,-999.0
2008,10,13,5.5,7.9,10.3,0.0,5.4,86.1,4.4,136.7,-999.0
2008,10,14,3.7,8.7,13.6,-999.0,7.9,91.0,11.0,202.2,-999.0
2008,10,15,1.8,3.7,5.6,0.6,1.9,85.8,5.8,234.5,-999.0
2008,10,16,1.5,5.8,10.1,0.0,4.1,90.5,8.8,208.3,-999.0
2008,10,17,-0.6,2.4,5.4,-999.0,-1.9,77.8,15.6,297.9,-999.0
2008,10,18,-4.2,0.4,4.9,0.0,-3.4,78.0,8.3,303.3,-999.0
2008,10,19,-4.9,2.2,9.2,0.0,-3.3,70.3,6.0,214.5,-999.0
2008,10,20,2.1,3.0,3.8,0.0,1.2,87.9,3.6,202.9,-999.0
2008,10,21,-5.8,-1.2,3.5,0.0,-4.6,72.0,13.6,136.3,-999.0
2008,10,22,-8.0,-2.9,2.2,0.0,-10.7,62.2,7.2,143.8,-999.0
2008,10,23,-10.2,-1.8,6.6,0.0,-9.5,61.8,4.9,233.8,-999.0
2008,10,24,-3.0,3.2,9.3,-999.0,-3.1,68.4,5.1,237.5,-999.0
2008,10,25,-1.9,4.8,11.4,1.9,-0.3,74.2,6.4,115.9,-999.0
2008,10,26,2.9,6.3,9.6,0.0,5.6,89.4,7.2,158.7,-999.0
2008,10,27,3.1,6.5,9.9,0.0,2.6,81.2,8.0,160.5,-999.0
2008,10,28,3.3,5.3,7.3,0.3,4.2,92.5,12.3,303.3,-999.0
2008,10,29,-0.6,3.3,7.1,0.0,2.0,92.3,12.0,140.4,-999.0
2008,10,30,-3.1,-1.5,0.2,0.0,-3.7,84.7,15.5,272.5,-999.0
2008,10,31,-3.1,-0.7,1.5,-999.0,-2.6,86.8,7.7,215.4,-999.0
2008,11,1,-6.3,-4.0,-1.6,0.0,-8.0,72.0,16.7,293.3,-999.0
2008,11,2,-7.2,-4.4,-1.5,0.0,-7.9,77.3,7.8,264.8,-999.0
2008,11,3,-5.8,-0.7,1.2,-999.0,-5.1,72.6,6.2,223.8,-999.0
2008,11,4,0.2,4.6,8.9,0.0,1.2,90.5,3.5,171.4,-999.0
2008,11,5,2.6,10.1,12.4,-999.0,8.0,87.1,5.4,197.5,-999.0
2008,11,6,4.6,8.3,12.0,0.0,7.3,87.3,4.3,251.8,-999.0
2008,11,7,2.9,6.0,9.0,0.0,5.1,90.3,7.4,108.3,-999.0
2008,11,8,1.5,2.3,3.0,0.0,1.5,94.5,14.0,109.2,-999.0
2008,11,9,1.2,2.7,4.1,0.0,2.0,95.0,6.1,167.7,-999.0
2008,11,10,-3.5,-0.8,2.0,0.0,-1.7,90.1,5.8,278.7,-999.0
2008,11,11,-6.3,-3.0,0.3,0.0,-4.7,88.8,3.9,-999.0,-999.0
2008,11,12,-3.6,-1.0,1.7,0.0,-3.7,85.9,8.1,287.9,-999.0
2008,11,13,-4.7,-1.6,1.5,0.6,-4.5,82.0,9.7,135.4,-999.0
2008,11,14,-1.2,3.1,5.5,-999.0,2.5,95.6,9.4,99.2,-999.0
2008,11,15,5.4,6.7,8.0,0.7,5.9,95.3,6.0,164.5,-999.0
2008,11,16,-2.0,3.7,9.3,0.3,3.6,93.3,11.2,182.5,-999.0
2008,11,17,-9.6,-5.8,-2.0,0.0,-7.2,81.8,15.7,285.8,-999.0
2008,11,18,-12.5,-9.8,-7.1,0.0,-13.5,71.0,5.5,222.9,-999.0
2008,11,19,-10.7,-8.8,-6.9,0.0,-14.1,66.7,7.2,264.2,-999.0
2008,11,20,-11.5,-9.0,-6.4,0.0,-15.5,63.0,12.8,298.3,-999.0
2008,11,21,-10.6,-9.3,-6.6,-999.0,-13.2,73.5,14.1,294.6,-999.0
2008,11,22,-13.8,-10.9,-7.9,0.0,-14.6,67.5,17.1,327.9,-999.0
2008,11,23,-13.7,-10.9,-8.1,0.0,-15.5,67.9,26.1,299.2,-999.0
2008,11,24,-16.0,-11.3,-6.5,0.0,-15.9,72.3,5.4,280.0,-999.0
2008,11,25,-11.8,-7.9,-3.9,0.0,-9.7,85.0,12.2,128.7,-999.0
2008,11,26,-4.0,-1.7,0.6,0.0,-3.6,86.8,17.9,108.3,-999.0
2008,11,27,-1.3,-0.7,1.1,-999.0,-2.5,87.7,9.7,135.0,-999.0
2008,11,28,-5.7,-4.2,-2.6,0.0,-5.2,91.3,5.8,118.3,-999.0
2008,11,29,-8.3,-5.3,-2.2,0.0,-5.9,88.6,4.1,215.8,-999.0
2008,11,30,-8.0,-5.9,-3.8,0.0,-8.1,85.5,4.5,187.0,-999.0
2008,12,1,-7.4,-3.8,-0.1,0.0,-5.5,91.2,11.2,104.6,-999.0
2008,12,2,-11.8,-5.9,0.0,0.0,-6.1,88.8,9.3,245.2,-999.0
2008,12,3,-9.8,-6.5,-3.1,0.7,-6.8,90.9,3.6,168.2,-999.0
2008,12,4,-11.6,-6.2,-0.8,0.0,-6.1,88.6,9.7,205.8,-999.0
2008,12,5,-14.9,-13.3,-11.2,-999.0,-16.2,78.8,7.3,244.1,-999.0
2008,12,6,-13.4,-10.7,-8.0,0.3,-12.0,86.8,5.7,166.3,-999.0
2008,12,7,-17.2,-11.5,-5.7,0.0,-11.4,84.6,9.7,182.9,-999.0
2008,12,8,-19.2,-16.4,-13.5,0.0,-20.8,72.5,15.9,290.8,-999.0
2008,12,9,-19.0,-15.9,-13.1,-999.0,-18.3,81.6,3.8,199.3,-999.0
2008,12,10,-23.1,-17.0,-10.8,0.0,-18.3,76.9,7.5,264.3,-999.0
2008,12,11,-26.2,-20.4,-14.6,0.0,-23.5,73.2,5.4,162.6,-999.0
2008,12,12,-19.0,-11.8,-8.9,-999.0,-14.4,80.9,10.8,205.0,-999.0
2008,12,13,-25.2,-20.2,-15.2,0.0,-23.6,72.8,6.3,260.5,-999.0
2008,12,14,-23.9,-15.9,-7.8,0.0,-16.9,84.4,2.6,95.0,-999.0
2008,12,15,-10.8,-3.3,4.2,-999.0,-3.4,90.8,11.6,173.0,-999.0
2008,12,16,-19.3,-17.9,-8.9,-999.0,-22.0,70.6,13.3,272.2,-999.0
2008,12,17,-23.7,-18.4,-13.0,0.0,-19.8,82.1,5.3,-999.0,-999.0
2008,12,18,-25.2,-19.9,-14.5,0.0,-21.9,74.5,8.3,244.0,-999.0
2008,12,19,-29.3,-25.8,-21.6,-999.0,-30.4,65.5,10.0,285.4,-999.0
2008,12,20,-32.8,-26.6,-20.3,0.0,-31.8,69.3,4.8,268.2,-999.0
2008,12,21,-34.3,-26.1,-17.8,0.0,-29.4,69.4,9.9,199.2,-999.0
2008,12,22,-24.7,-19.5,-14.2,0.0,-22.0,71.3,12.6,257.9,-999.0
2008,12,23,-26.9,-21.1,-15.3,0.0,-26.3,70.5,6.0,217.8,-999.0
2008,12,24,-15.4,-11.0,-6.5,0.5,-11.8,87.7,5.1,111.3,-999.0
2008,12,25,-29.3,-18.0,-6.6,0.0,-18.5,73.0,17.3,271.3,-999.0
2008,12,26,-31.2,-24.8,-18.4,0.0,-27.5,74.0,1.9,158.1,-999.0
2008,12,27,-18.9,-12.7,-6.4,1.2,-14.6,85.9,7.6,110.5,-999.0
2008,12,28,-6.4,-0.2,6.1,0.0,-0.4,95.6,7.0,155.6,-999.0
2008,12,29,-17.6,-10.6,-3.6,0.0,-14.5,78.5,13.1,270.4,-999.0
2008,12,30,-22.2,-16.0,-9.7,0.0,-17.5,80.7,10.3,282.0,-999.0
2008,12,31,-28.1,-23.4,-18.7,0.0,-27.5,68.3,9.5,272.5,-999.0
2009,1,1,-27.3,-22.7,-18.0,0.0,-27.5,66.2,12.9,303.8,-999.0
2009,1,2,-30.8,-22.2,-13.6,0.0,-26.6,71.4,3.2,205.2,-999.0
2009,1,3,-19.3,-16.4,-13.4,0.0,-20.8,72.9,16.3,286.7,-999.0
2009,1,4,-17.1,-11.6,-6.1,0.0,-14.5,79.8,11.0,257.5,-999.0
2009,1,5,-19.4,-14.4,-9.3,0.0,-16.1,82.1,7.5,260.6,-999.0
2009,1,6,-28.2,-23.1,-18.0,0.0,-24.4,73.3,7.8,274.6,-999.0
2009,1,7,-30.4,-21.3,-12.1,0.7,-25.2,73.7,4.4,253.5,-999.0
2009,1,8,-18.5,-11.2,-10.3,-999.0,-13.8,81.2,9.7,266.7,-999.0
2009,1,9,-20.3,-16.6,-12.9,0.0,-18.9,74.4,11.6,278.3,-999.0
2009,1,10,-25.9,-21.2,-16.5,0.0,-24.0,74.1,6.3,275.5,-999.0
2009,1,11,-29.1,-23.6,-18.1,0.0,-26.5,76.1,2.0,-999.0,-999.0
2009,1,12,-21.6,-17.1,-12.5,0.0,-19.9,79.7,2.9,207.6,-999.0
2009,1,13,-21.1,-14.6,-8.0,-999.0,-17.0,84.0,4.4,140.0,-999.0
2009,1,14,-35.9,-22.0,-8.0,0.0,-29.3,66.2,17.5,280.0,-999.0
2009,1,15,-38.4,-33.8,-29.0,-999.0,-38.5,62.7,6.3,268.6,-999.0
2009,1,16,-40.6,-34.4,-28.2,0.0,-40.0,61.9,2.9,254.1,-999.0
2009,1,17,-43.1,-34.7,-26.2,0.0,-40.9,60.2,7.1,281.3,-999.0
2009,1,18,-40.7,-30.1,-19.5,0.0,-34.0,68.0,10.4,193.8,-999.0
2009,1,19,-20.8,-17.0,-13.2,0.0,-20.2,77.0,7.4,200.8,-999.0
2009,1,20,-22.5,-17.0,-11.4,0.0,-21.4,76.1,4.6,275.2,-999.0
2009,1,21,-22.4,-18.2,-14.0,0.0,-20.7,79.7,3.3,-999.0,-999.0
2009,1,22,-29.5,-20.4,-11.3,0.0,-21.5,72.0,13.9,260.0,-999.0
2009,1,23,-31.4,-24.9,-19.2,-999.0,-28.9,69.8,4.9,139.0,-999.0
2009,1,24,-31.9,-25.8,-19.6,0.0,-29.4,64.7,14.8,279.6,-999.0
2009,1,25,-34.1,-29.7,-25.2,0.0,-34.1,64.0,7.8,288.1,-999.0
2009,1,26,-36.2,-29.1,-22.4,-999.0,-33.0,68.6,4.8,245.5,-999.0
2009,1,27,-33.0,-26.3,-19.6,0.0,-30.7,68.8,5.6,222.3,-999.0
2009,1,28,-28.3,-20.3,-12.3,0.0,-22.6,76.0,2.8,-999.0,-999.0
2009,1,29,-13.9,-9.7,-5.4,0.0,-14.2,78.4,4.2,203.6,-999.0
2009,1,30,-17.7,-12.8,-8.9,-999.0,-15.2,82.6,2.5,220.0,-999.0
2009,1,31,-21.3,-14.7,-8.1,0.0,-16.4,80.3,6.1,287.9,-999.0
2009,2,1,-27.2,-19.9,-12.6,0.0,-21.6,78.6,4.3,130.0,-999.0
2009,2,2,-24.1,-16.9,-9.7,0.0,-16.6,80.5,6.9,228.8,-999.0
2009,2,3,-28.7,-21.8,-14.9,0.0,-25.2,70.9,9.6,307.9,-999.0
2009,2,4,-22.6,-18.7,-14.8,0.0,-23.8,69.2,11.2,309.6,-999.0
2009,2,5,-24.9,-19.8,-12.5,-999.0,-23.6,72.6,5.7,223.3,-999.0
2009,2,6,-23.5,-18.0,-12.4,0.0,-21.4,76.6,3.9,211.8,-999.0
2009,2,7,-15.6,-9.8,-4.0,0.6,-11.5,83.3,5.4,180.9,-999.0
2009,2,8,-24.0,-14.3,-4.6,0.0,-17.5,73.7,22.9,296.3,-999.0
2009,2,9,-26.6,-21.3,-15.9,0.0,-25.7,67.8,11.0,283.9,-999.0
2009,2,10,-28.5,-19.3,-10.1,0.0,-21.8,76.9,3.5,169.0,-999.0
2009,2,11,-10.1,-7.0,-3.9,0.0,-8.4,91.5,3.9,-999.0,-999.0
2009,2,12,-22.8,-12.9,-2.9,0.0,-10.3,84.0,7.3,-999.0,-999.0
2009,2,13,-23.0,-17.6,-11.0,-999.0,-22.0,69.0,25.1,299.6,-999.0
2009,2,14,-11.1,-8.6,-6.0,0.0,-12.7,73.7,23.1,323.3,-999.0
2009,2,15,-8.1,-4.8,-1.5,0.0,-8.9,79.7,9.3,309.2,-999.0
2009,2,16,-10.3,-9.3,-6.8,-999.0,-11.4,84.4,6.1,244.3,-999.0
2009,2,17,-22.0,-13.9,-5.8,0.0,-18.6,70.7,5.5,246.1,-999.0
2009,2,18,-19.5,-11.3,-3.0,0.0,-14.9,71.2,10.8,196.3,-999.0
2009,2,19,-8.0,-6.5,-4.9,0.0,-8.1,86.9,14.1,108.8,-999.0
2009,2,20,-7.9,-6.4,-4.4,-999.0,-8.7,83.8,9.4,129.2,-999.0
2009,2,21,-18.8,-13.3,-7.7,0.0,-13.2,78.3,13.4,285.0,-999.0
2009,2,22,-22.8,-14.3,-5.8,0.0,-16.9,73.6,6.6,180.4,-999.0
2009,2,23,-11.6,-7.9,-4.2,0.0,-9.8,78.4,13.7,272.9,-999.0
2009,2,24,-18.5,-11.7,-4.8,0.0,-15.5,68.2,12.3,297.1,-999.0
2009,2,25,-23.4,-14.3,-5.2,0.0,-17.7,67.4,6.2,188.2,-999.0
2009,2,26,-9.9,-6.1,-2.3,0.0,-8.0,83.4,4.5,189.1,-999.0
2009,2,27,-5.8,-5.6,0.1,-999.0,-6.8,90.7,9.2,171.0,-999.0
2009,2,28,-26.9,-21.6,-16.2,0.0,-26.2,70.1,10.4,301.7,-999.0
2009,3,1,-27.7,-19.4,-11.0,0.0,-23.6,71.4,6.7,239.2,977.0
2009,3,2,-22.9,-17.4,-11.9,0.0,-21.5,68.2,9.8,278.3,975.4
2009,3,3,-21.7,-16.1,-10.4,0.0,-22.3,61.5,19.9,319.6,968.2
2009,3,4,-27.0,-18.0,-8.9,0.0,-22.9,61.4,12.5,279.6,970.8
2009,3,5,-25.4,-16.1,-6.7,0.0,-21.9,63.5,4.9,229.5,975.4
2009,3,6,-20.0,-13.7,-7.3,0.0,-13.6,83.5,9.3,109.1,961.5
2009,3,7,-7.6,-4.8,-2.0,0.0,-6.1,87.1,6.3,229.5,960.7
2009,3,8,-18.7,-9.7,-0.6,0.0,-9.8,79.5,14.3,264.8,963.4
2009,3,9,-20.6,-12.0,-3.4,0.0,-16.4,69.6,5.4,245.0,973.8
2009,3,10,-20.9,-9.9,1.1,0.0,-13.9,74.1,5.6,243.2,976.0
2009,3,11,-20.9,-9.8,1.3,0.7,-7.5,84.3,14.0,186.1,955.3
2009,3,12,-27.3,-22.7,-18.1,0.0,-26.3,63.6,18.1,261.7,970.5
2009,3,13,-28.5,-19.3,-10.0,-999.0,-24.0,61.8,7.4,223.6,973.3
2009,3,14,-15.6,-9.8,-4.0,0.0,-14.9,65.8,10.5,247.9,965.2
2009,3,15,-21.8,-15.8,-9.7,0.0,-22.2,55.3,8.8,263.5,976.1
2009,3,16,-23.9,-13.0,-2.1,0.0,-21.3,54.8,6.4,257.9,981.5
2009,3,17,-19.3,-6.0,7.3,0.0,-13.5,58.1,5.9,189.6,971.8
2009,3,18,-4.6,1.6,7.7,0.0,-4.0,65.0,10.1,231.3,957.6
2009,3,19,-17.6,-11.1,-4.6,0.0,-18.4,55.0,18.3,294.2,967.1
2009,3,20,-21.3,-14.0,-6.6,0.0,-21.5,54.1,10.7,293.5,978.0
2009,3,21,-19.9,-9.4,1.1,0.0,-16.4,57.5,6.3,204.7,976.5
2009,3,22,-18.5,-12.4,-6.3,0.0,-17.7,59.2,15.0,290.4,974.6
2009,3,23,-19.0,-11.4,-3.7,0.0,-19.7,52.7,14.9,319.2,980.2
2009,3,24,-15.9,-6.9,2.1,0.0,-15.5,52.2,6.0,187.1,986.9
2009,3,25,-15.7,-4.5,6.7,0.0,-12.7,53.2,6.0,178.3,978.9
2009,3,26,-6.6,0.7,8.0,0.0,-8.8,50.7,4.9,116.0,968.1
2009,3,27,-0.6,0.5,1.6,-999.0,-1.2,87.5,7.8,157.5,961.7
2009,3,28,-4.5,-0.3,3.9,0.0,-3.1,81.5,7.2,260.0,966.4
2009,3,29,-6.6,-0.3,6.1,1.0,-6.3,64.5,12.6,105.4,964.0
2009,3,30,-4.5,-2.2,0.2,0.0,-2.8,92.0,15.3,105.4,960.9
2009,3,31,-5.7,-2.5,0.8,0.0,-4.3,84.7,4.6,239.1,973.8
2009,4,1,-3.7,-0.5,2.7,-999.0,-3.1,84.3,8.2,147.5,970.4
2009,4,2,-0.6,1.9,4.3,-999.0,-0.3,90.5,4.8,217.0,962.3
2009,4,3,-1.6,5.0,11.2,-999.0,-1.8,65.9,9.5,141.0,961.4
2009,4,4,2.9,4.1,5.2,-999.0,1.6,85.0,12.7,80.0,949.2
2009,4,5,1.8,3.6,5.3,-999.0,1.1,89.0,8.3,191.4,954.0
2009,4,7,-1.3,-0.7,0.0,-999.0,-1.6,92.5,16.0,103.8,944.5
2009,4,8,-3.5,-1.0,1.6,-999.0,-2.9,89.0,6.9,170.5,943.3
2009,4,9,-4.5,-2.2,0.1,-999.0,-5.5,81.5,7.8,230.0,953.4
2009,4,10,-4.7,-3.1,-1.4,-999.0,-7.1,77.6,8.1,281.3,966.5
2009,4,11,-9.6,-5.8,-1.9,-999.0,-10.5,68.2,10.4,313.3,970.7
2009,4,12,-7.7,-2.0,3.8,-999.0,-9.1,61.3,20.1,335.4,970.2
2009,4,13,-6.4,-1.0,4.4,-999.0,-12.2,44.1,18.6,335.4,967.5
2009,4,14,-7.3,-1.2,4.9,-999.0,-12.5,43.2,13.5,320.4,971.9
2009,4,15,-7.3,-0.5,6.3,-999.0,-11.3,44.0,13.5,319.6,977.5
2009,4,16,-7.4,-0.4,6.6,-999.0,-11.4,44.6,8.5,313.3,979.6
2009,4,17,-0.2,2.9,6.0,-999.0,-1.1,82.4,6.4,227.5,966.3
2009,4,18,-10.1,-3.9,2.3,-999.0,-12.8,48.1,10.3,325.0,969.5
2009,4,19,-8.7,-1.7,5.4,-999.0,-16.8,31.5,11.6,312.9,976.3
2009,4,20,-8.3,0.6,9.5,-999.0,-11.9,38.0,7.5,182.1,977.1
2009,4,21,-1.9,2.7,7.2,-999.0,-5.7,59.9,14.9,111.3,969.2
2009,4,22,0.7,3.8,6.9,-999.0,1.8,93.3,7.7,151.7,957.0
2009,4,23,1.2,3.7,6.1,-999.0,0.4,83.7,17.2,300.8,952.7
2009,4,24,-1.0,6.2,13.4,-999.0,-3.7,52.4,11.9,208.8,965.9
2009,4,25,1.6,11.3,20.9,-999.0,3.6,57.8,11.0,170.4,963.8
2009,4,26,-3.7,1.1,5.9,-999.0,-7.5,56.4,9.7,257.8,979.9
2009,4,27,-4.3,1.1,6.5,-999.0,-3.1,72.3,6.7,163.0,973.4
2009,4,28,-4.3,2.4,9.1,-999.0,-1.0,75.2,18.6,261.4,968.6
2009,4,29,-5.7,-0.4,4.9,-999.0,-8.1,57.9,17.7,290.4,979.6
2009,4,30,-4.8,2.6,9.9,-999.0,-7.5,46.4,8.2,209.6,974.0
2009,6,3,0.5,6.9,13.3,-999.0,-2.3,53.0,12.2,292.1,964.8
2009,6,4,0.8,7.0,13.1,-999.0,0.8,70.8,9.8,271.7,965.8
2009,6,5,4.3,9.1,12.8,-999.0,6.8,86.5,4.3,126.5,964.3
2009,6,6,5.6,11.2,17.8,-999.0,3.9,63.4,11.0,193.9,960.4
2009,6,7,2.3,6.2,10.8,-999.0,1.5,72.8,15.0,267.9,964.9
2009,6,8,3.5,8.4,13.2,-999.0,-0.6,56.1,11.4,263.3,970.3
2009,6,9,-0.5,7.9,16.3,-999.0,1.0,58.6,11.2,154.2,971.0
2009,6,10,6.3,7.3,8.2,-999.0,5.0,84.9,12.8,107.9,969.4
2009,6,11,4.9,9.2,13.5,-999.0,7.5,90.3,6.0,156.3,965.6
2009,6,12,4.9,11.5,18.1,-999.0,5.6,72.4,6.6,273.0,964.8
2009,6,13,3.4,11.0,18.5,-999.0,5.0,66.5,8.0,280.0,966.7
2009,6,14,2.5,12.2,21.9,-999.0,4.7,57.6,6.7,200.0,968.8
2009,6,15,9.3,15.6,21.8,-999.0,9.2,76.0,6.0,161.3,971.8
2009,6,16,8.7,16.3,23.8,-999.0,11.2,76.7,4.9,216.1,973.3
2009,6,17,11.8,18.6,25.3,-999.0,11.8,66.7,6.2,210.8,970.2
2009,6,18,11.8,19.9,27.9,-999.0,10.3,56.2,7.3,216.1,965.4
2009,6,19,10.7,19.0,27.3,-999.0,11.0,62.7,6.0,233.0,963.7
2009,6,20,12.0,18.0,24.0,-999.0,12.2,68.1,10.1,150.4,963.6
2009,6,21,11.7,17.7,23.6,-999.0,13.0,73.2,8.5,131.3,967.7
2009,6,22,9.5,18.5,27.4,-999.0,9.7,59.0,6.4,202.9,968.7
2009,6,23,10.6,20.4,30.2,-999.0,9.8,53.2,5.4,185.4,967.5
2009,6,24,12.9,21.6,30.3,-999.0,8.9,47.5,5.7,161.3,964.5
2009,6,25,15.4,21.9,28.3,-999.0,15.1,75.4,8.0,245.0,959.4
2009,6,26,13.4,17.0,20.5,-999.0,14.9,87.8,7.3,316.1,958.3
2009,6,27,13.1,18.6,24.1,-999.0,15.8,84.0,9.5,134.2,963.0
2009,6,28,16.3,19.5,22.6,-999.0,15.4,83.1,12.8,113.8,963.9
2009,6,29,14.6,15.5,16.3,-999.0,14.2,92.4,13.8,101.3,959.4
2009,6,30,14.1,16.2,18.7,-999.0,13.6,85.0,11.7,107.9,962.0
2009,7,1,13.9,15.1,16.5,-999.0,13.4,89.9,10.3,105.2,966.5
2009,7,2,14.7,17.3,21.5,-999.0,15.1,87.4,9.3,104.2,967.3
2009,7,3,15.1,16.0,16.8,-999.0,14.8,94.0,8.1,105.0,964.2
2009,7,4,14.4,16.6,18.7,-999.0,14.4,89.5,8.9,98.3,958.6
2009,7,5,14.2,18.0,21.8,-999.0,14.1,87.6,4.9,170.0,959.3
2009,7,6,11.7,12.6,13.5,-999.0,11.7,95.8,8.4,123.0,962.9
2009,7,7,6.8,11.7,16.6,-999.0,9.8,85.0,8.2,101.3,966.0
2009,7,8,4.5,13.3,22.1,-999.0,8.4,72.7,5.2,212.5,969.6
2009,7,9,9.9,19.0,28.0,-999.0,9.6,57.1,5.8,206.3,973.5
2009,7,10,12.1,19.3,26.5,-999.0,10.0,53.8,7.1,210.0,973.9
2009,7,11,15.1,16.4,17.6,-999.0,13.5,86.5,5.2,135.0,963.9
2009,7,12,7.6,12.0,16.4,-999.0,10.2,83.3,8.2,241.3,959.1
2009,7,13,5.8,12.1,18.4,-999.0,8.2,80.4,5.5,179.6,960.2
2009,7,14,8.4,13.6,18.7,-999.0,7.7,71.5,12.5,277.9,962.6
2009,7,15,8.0,11.3,14.6,-999.0,6.9,74.8,10.8,298.6,967.0
2009,7,16,5.2,13.3,21.3,-999.0,8.3,74.6,5.4,203.9,962.5
2009,7,17,11.1,14.5,17.8,-999.0,12.0,88.7,7.7,152.1,962.8
2009,7,18,13.3,14.4,15.4,-999.0,13.5,94.2,9.1,107.9,961.9
2009,7,19,10.9,15.1,19.3,-999.0,13.5,89.8,6.9,230.5,961.7
2009,7,20,9.9,15.5,21.0,-999.0,9.5,71.1,7.0,273.0,973.2
2009,7,21,9.9,16.9,23.9,-999.0,11.0,71.5,5.0,220.4,977.5
2009,7,22,9.6,17.2,24.7,-999.0,11.1,71.4,5.3,247.7,976.8
2009,7,23,9.4,18.1,26.8,-999.0,11.2,66.7,3.9,237.6,974.3
2009,7,24,13.1,18.7,24.1,-999.0,11.5,64.8,7.0,110.0,970.0
2009,7,25,15.4,16.0,18.2,-999.0,11.1,73.5,8.5,100.8,969.7
2009,7,26,10.6,15.5,20.1,-999.0,11.0,76.3,11.3,109.2,968.4
2009,7,27,13.1,17.6,22.1,-999.0,14.6,93.4,6.9,131.7,963.1
2009,7,28,15.0,19.4,23.8,-999.0,15.4,84.3,5.1,215.7,960.9
2009,7,29,15.6,20.4,25.1,-999.0,16.1,81.7,6.3,165.0,959.8
2009,7,30,13.5,19.3,25.0,-999.0,13.8,74.0,5.7,267.1,960.0
2009,7,31,11.8,16.8,21.7,-999.0,13.9,86.0,4.6,260.5,961.5
2009,8,1,10.4,16.7,22.9,-999.0,11.7,73.1,6.7,250.9,966.9
2009,8,2,13.6,19.2,24.7,-999.0,13.7,80.3,7.0,137.0,963.8
2009,8,3,13.7,17.2,20.6,-999.0,12.0,76.4,6.3,233.2,963.0
2009,8,4,13.6,16.4,19.2,-999.0,13.8,91.4,4.7,153.8,960.6
2009,8,5,10.0,14.2,18.3,-999.0,11.7,86.3,8.1,268.3,958.6
2009,8,6,6.6,12.0,17.3,-999.0,9.3,82.8,8.2,289.6,963.7
2009,8,7,4.3,11.0,17.6,-999.0,4.6,69.7,9.3,290.4,967.6
2009,8,8,6.4,13.7,20.9,-999.0,7.0,65.4,7.5,275.4,971.5
2009,8,9,11.2,14.7,18.2,-999.0,11.0,86.2,4.2,195.7,967.9
2009,8,10,12.4,17.3,22.1,-999.0,12.1,81.3,5.8,264.3,962.6
2009,8,11,10.1,17.1,24.1,-999.0,9.2,62.6,5.3,217.8,965.9
2009,8,12,8.5,17.0,25.4,-999.0,10.0,68.7,5.6,252.9,969.8
2009,8,13,10.8,19.2,27.6,-999.0,13.0,68.0,5.7,203.3,970.1
2009,8,14,15.6,21.0,26.4,-999.0,16.2,77.3,7.6,272.3,970.1
2009,8,15,14.0,19.6,25.2,-999.0,16.0,84.6,7.8,233.5,969.3
2009,8,16,11.3,14.5,17.6,-999.0,13.3,88.8,4.1,170.0,972.8
2009,8,17,16.0,22.1,28.1,-999.0,18.7,89.5,5.8,177.8,966.6
2009,8,18,16.4,18.2,19.9,-999.0,17.4,93.7,4.7,180.0,962.4
2009,8,19,10.1,15.4,20.7,-999.0,13.0,80.9,7.7,257.5,962.0
2009,8,20,8.3,14.4,20.5,-999.0,11.0,81.9,4.7,266.1,967.6
2009,8,21,12.2,14.8,17.4,-999.0,14.6,94.9,8.5,90.4,964.0
2009,8,22,10.7,16.8,22.8,-999.0,15.6,87.8,8.3,204.2,963.4
2009,8,23,7.9,13.9,19.9,-999.0,7.8,68.5,8.6,285.8,968.8
2009,8,24,6.5,13.5,20.5,-999.0,7.5,71.2,5.5,249.6,970.7
2009,8,25,6.4,13.5,20.6,-999.0,9.6,82.8,5.8,202.2,966.8
2009,8,26,7.4,11.8,16.2,-999.0,8.4,83.9,20.0,267.5,957.6
2009,8,27,4.4,8.6,12.8,-999.0,2.8,69.6,19.1,297.0,969.5
2009,8,28,1.6,7.6,13.6,-999.0,2.5,72.0,9.8,302.1,975.5
2009,8,29,0.4,8.2,15.9,-999.0,3.4,73.3,10.0,187.4,974.3
2009,8,30,6.7,9.1,11.5,-999.0,8.4,94.7,10.6,125.2,962.2
2009,8,31,6.5,10.8,15.0,-999.0,5.7,77.2,12.3,295.8,967.7
2009,9,1,6.7,10.6,14.2,-999.0,9.6,93.8,2.6,192.1,-999.0
2009,9,2,10.6,17.2,23.1,-999.0,11.9,73.5,8.2,208.8,-999.0
2009,9,3,10.7,14.8,20.0,-999.0,10.7,77.4,5.9,270.4,-999.0
2009,9,4,8.0,10.5,13.5,-999.0,5.4,72.2,11.7,296.3,-999.0
2009,9,5,6.0,8.1,12.1,-999.0,3.2,72.7,7.8,282.9,-999.0
2009,9,6,-0.6,8.5,16.4,-999.0,2.5,69.8,7.0,242.5,-999.0
2009,9,7,7.1,12.4,17.8,-999.0,9.9,84.7,7.0,214.6,-999.0
2009,9,8,8.5,12.1,17.5,-999.0,4.5,63.5,9.2,303.3,-999.0
2009,9,9,0.0,8.7,17.1,-999.0,1.9,67.5,5.8,249.6,-999.0
2009,9,10,0.2,10.5,20.2,-999.0,4.6,71.6,5.3,223.0,-999.0
2009,9,11,6.8,14.6,23.6,-999.0,10.7,79.7,4.5,227.1,-999.0
2009,9,12,9.7,15.2,23.8,-999.0,13.1,89.2,4.1,210.5,-999.0
2009,9,13,11.1,12.1,15.6,-999.0,9.1,82.7,9.9,322.2,-999.0
2009,9,14,6.6,9.3,11.2,-999.0,7.4,88.3,5.3,254.3,-999.0
2009,9,15,4.9,6.4,8.4,-999.0,2.2,75.3,8.3,250.0,-999.0
2009,9,22,11.4,14.2,16.7,-999.0,12.8,91.9,5.2,186.3,-999.0
2009,9,23,13.2,12.6,15.8,-999.0,11.1,90.5,7.3,231.7,-999.0
2009,9,24,3.4,5.9,7.7,-999.0,4.2,89.4,5.0,283.0,-999.0
2009,9,25,0.1,4.2,9.6,-999.0,-1.2,70.3,6.0,268.8,-999.0
2009,9,26,-2.0,6.3,13.8,-999.0,1.3,73.3,5.9,236.7,-999.0
2009,9,27,3.4,8.7,12.4,-999.0,6.9,89.4,5.0,157.1,-999.0
2009,9,28,9.9,11.0,12.2,-999.0,10.3,95.3,8.1,95.0,-999.0
2009,9,29,9.7,10.6,11.3,-999.0,10.1,97.0,5.9,149.6,-999.0
2009,9,30,8.4,8.8,10.8,-999.0,6.6,87.0,6.0,240.0,-999.0
2009,10,1,6.2,9.9,13.6,-999.0,7.7,89.5,5.3,187.1,-999.0
2009,10,2,6.0,8.6,11.2,-999.0,8.3,92.1,5.5,96.1,-999.0
2009,10,3,4.4,6.8,9.1,-999.0,5.1,90.4,9.6,101.7,-999.0
2009,10,4,6.0,7.1,8.2,-999.0,6.5,95.3,11.0,105.8,-999.0
2009,10,5,5.6,7.7,9.7,-999.0,5.8,90.7,5.0,191.3,-999.0
2009,10,6,4.2,8.2,12.2,-999.0,5.4,84.7,11.2,297.9,-999.0
2009,10,7,3.9,5.5,7.0,-999.0,3.9,91.4,7.0,161.3,-999.0
2009,10,8,2.9,5.9,8.9,-999.0,3.1,86.0,4.8,248.7,-999.0
2009,10,9,0.6,5.1,9.6,-999.0,4.6,92.8,4.1,219.5,-999.0
2009,10,10,-3.7,0.6,4.9,-999.0,-2.5,80.3,9.5,306.5,-999.0
2009,10,11,-4.2,-0.7,2.9,-999.0,-3.2,85.7,7.7,196.1,-999.0
2009,10,12,-1.5,1.7,4.9,-999.0,-2.1,81.0,9.3,263.8,-999.0
2009,10,13,-3.3,0.2,3.7,-999.0,-3.1,83.0,7.1,283.5,-999.0
2009,10,14,-3.6,-0.3,3.1,-999.0,-4.9,76.4,13.6,298.3,-999.0
2009,10,15,-3.9,-1.2,1.6,-999.0,-6.6,69.5,13.0,291.3,-999.0
2009,10,16,-6.4,-1.0,4.5,-999.0,-7.8,64.1,6.2,253.8,-999.0
2009,10,17,-8.1,-1.4,5.3,-999.0,-7.5,70.0,6.1,258.3,-999.0
2009,10,18,-7.4,-0.6,6.2,-999.0,-7.1,68.7,4.9,255.2,-999.0
2009,10,19,-6.6,0.1,6.7,-999.0,-5.9,65.1,5.0,130.0,-999.0
2009,10,20,-0.6,2.8,6.1,-999.0,0.9,88.5,9.9,238.8,-999.0
2009,10,21,-2.1,0.1,2.3,-999.0,-6.5,65.5,11.9,274.6,-999.0
2009,10,22,-5.5,-2.8,-0.1,-999.0,-6.8,68.7,6.6,239.2,-999.0
2009,10,23,-5.5,-0.6,4.3,-999.0,-6.9,69.6,4.5,198.3,-999.0
2009,10,24,-2.2,-0.6,1.0,-999.0,-2.6,87.7,12.3,111.8,-999.0
2009,10,25,0.1,1.8,3.4,-999.0,-0.4,88.9,11.6,217.9,-999.0
2009,10,26,-6.9,-2.8,1.4,-999.0,-7.8,64.0,14.1,282.2,-999.0
2009,10,27,-7.5,-5.4,-3.2,-999.0,-7.4,82.3,9.2,109.6,-999.0
2009,10,28,-3.6,-1.6,0.4,-999.0,-3.2,88.0,6.9,85.0,-999.0
2009,10,29,-1.0,0.3,1.6,-999.0,-0.8,93.6,2.4,236.3,-999.0
2009,10,30,0.1,2.3,4.5,-999.0,1.8,96.7,4.3,-999.0,-999.0
2009,10,31,3.1,7.1,11.0,-999.0,7.1,93.3,13.0,199.6,-999.0
2009,11,1,-0.8,1.3,3.4,-999.0,-3.1,71.9,15.7,279.6,-999.0
2009,11,2,-1.7,1.3,4.2,0.0,-5.6,66.8,6.0,169.6,-999.0
2009,11,3,-1.8,-0.5,0.8,0.0,-2.1,87.0,9.2,162.9,-999.0
2009,11,4,-4.0,-4.1,-1.4,0.0,-7.6,77.0,13.7,277.4,-999.0
2009,11,5,-10.1,-6.0,-1.9,0.0,-9.3,79.3,4.2,205.9,-999.0
2009,11,6,-9.2,-5.5,-2.3,0.0,-9.0,77.3,7.6,294.5,-999.0
2009,11,7,-12.9,-7.0,-1.1,0.3,-8.7,86.4,5.8,164.8,-999.0
2009,11,8,-1.2,2.9,7.0,0.0,-1.4,76.5,9.0,214.2,-999.0
2009,11,9,-2.5,0.8,4.1,-999.0,-1.6,83.6,4.0,147.6,-999.0
2009,11,10,0.6,2.2,3.8,0.0,0.8,91.7,10.0,274.1,-999.0
2009,11,11,-3.2,0.6,4.4,0.0,-2.4,81.0,6.3,198.8,-999.0
2009,11,12,-4.2,0.8,5.8,0.0,-4.6,75.3,4.7,226.1,-999.0
2009,11,13,-3.9,3.0,9.8,0.0,-7.1,59.2,3.3,-999.0,-999.0
2009,11,14,-2.7,3.2,9.0,0.0,-6.0,50.3,3.5,126.7,-999.0
2009,11,15,2.5,5.7,8.8,0.0,6.3,93.2,4.8,156.2,-999.0
2009,11,16,-1.4,0.6,2.5,0.0,-2.1,86.5,12.9,288.3,-999.0
2009,11,17,-6.3,-3.0,0.3,0.0,-5.4,80.3,7.1,257.8,-999.0
2009,11,18,-6.6,0.2,7.0,0.0,-5.9,68.6,5.4,205.8,-999.0
2009,11,19,-4.3,2.0,8.2,0.0,-6.3,64.1,4.2,251.8,-999.0
2009,11,20,-3.6,-0.1,3.5,-999.0,-1.0,90.3,2.9,235.3,-999.0
2009,11,21,-1.3,0.9,3.0,0.0,-1.5,84.8,15.5,292.9,-999.0
2009,11,22,-2.4,-1.7,-1.0,0.0,-5.0,78.8,5.2,209.0,-999.0
2009,11,24,-2.5,-1.5,-0.4,0.0,-2.5,92.7,4.4,217.4,-999.0
2009,11,25,-1.3,0.5,2.3,1.9,-0.6,94.0,6.4,127.1,-999.0
2009,11,26,-0.1,2.1,4.2,-999.0,1.3,98.0,4.5,114.2,-999.0
2009,11,27,2.1,2.9,3.7,0.0,2.1,94.7,7.5,176.8,-999.0
2009,11,28,-2.3,0.2,2.7,0.0,-1.6,82.5,21.1,313.8,-999.0
2009,11,29,-6.3,-3.6,-0.9,0.0,-8.0,68.8,18.1,282.5,-999.0
2009,11,30,-9.6,-7.1,-4.5,-999.0,-9.9,78.3,7.3,290.9,-999.0
2009,12,1,-9.8,-7.0,-4.1,-999.0,-8.6,87.0,3.9,198.4,-999.0
2009,12,2,-7.7,-6.4,-5.1,-999.0,-9.1,82.6,7.8,228.3,-999.0
2009,12,3,-5.1,-4.6,-4.1,-999.0,-6.1,89.8,7.6,70.4,-999.0
2009,12,4,-6.8,-4.0,-1.2,-999.0,-5.4,90.1,7.0,176.1,-999.0
2009,12,5,-10.9,-7.2,-3.4,-999.0,-9.2,85.3,4.2,220.5,-999.0
2009,12,6,-12.9,-8.9,-4.8,-999.0,-9.2,88.1,3.7,198.3,-999.0
2009,12,7,-13.3,-10.1,-6.8,-999.0,-12.8,80.4,6.6,270.4,-999.0
2009,12,8,-14.4,-11.5,-8.6,-999.0,-15.0,78.1,8.7,297.5,-999.0
2009,12,9,-14.4,-999.0,-11.1,-999.0,-999.0,-999.0,-999.0,-999.0,-999.0
2009,12,11,-16.0,-13.8,-11.5,-999.0,-18.1,76.3,13.0,275.2,-999.0
2009,12,12,-23.4,-19.5,-15.5,-999.0,-22.0,70.8,12.0,276.8,-999.0
2009,12,13,-24.1,-14.9,-5.6,-999.0,-16.6,83.8,4.1,204.5,-999.0
2009,12,14,-21.1,-15.8,-10.4,-999.0,-18.2,75.6,7.4,258.7,-999.0
2009,12,15,-18.2,-14.3,-10.3,-999.0,-15.5,81.6,8.0,181.8,-999.0
2009,12,16,-24.7,-19.7,-14.7,-999.0,-25.7,67.5,20.7,294.2,-999.0
2009,12,17,-23.0,-18.5,-13.9,-999.0,-22.9,67.1,25.6,294.3,-999.0
2009,12,18,-18.4,-15.6,-12.7,-999.0,-19.3,72.8,18.6,295.0,-999.0
2009,12,19,-19.3,-14.2,-9.1,-999.0,-15.9,77.2,12.9,290.4,-999.0
2009,12,20,-19.1,-15.4,-11.6,-999.0,-17.6,78.4,9.0,229.6,-999.0
2009,12,21,-11.7,-10.0,-8.2,-999.0,-11.9,84.2,7.5,218.8,-999.0
2009,12,22,-10.0,-4.3,1.5,-999.0,-8.9,91.3,2.7,134.7,-999.0
2009,12,23,-5.9,-2.0,2.0,-999.0,-1.9,86.3,7.5,129.6,-999.0
2009,12,24,-7.1,-5.0,-2.8,-999.0,-7.0,89.4,4.5,230.9,-999.0
2009,12,25,-8.6,-5.3,-1.9,-999.0,-7.3,86.7,5.8,132.9,-999.0
2009,12,26,-8.4,-6.5,-4.6,-999.0,-8.1,87.1,12.3,110.0,-999.0
2009,12,27,-7.3,-4.0,-0.6,-999.0,-4.5,93.0,10.0,97.1,-999.0
2009,12,28,-11.1,-6.2,-1.3,-999.0,-4.4,93.3,5.3,198.0,-999.0
2009,12,29,-20.2,-15.7,-11.1,-999.0,-21.5,70.3,18.6,297.1,-999.0
2009,12,30,-22.5,-20.1,-17.6,-999.0,-23.8,74.3,9.5,251.9,-999.0
2009,12,31,-20.1,-14.3,-8.5,-999.0,-15.4,85.5,5.7,111.7,-999.0
2010,1,1,-11.3,-9.3,-7.2,-999.0,-11.2,84.8,7.9,87.9,-999.0
2010,1,2,-9.8,-6.9,-3.9,-999.0,-11.3,80.6,10.5,264.8,-999.0
2010,1,3,-4.2,-2.5,-0.7,-999.0,-4.9,82.5,13.8,272.2,-999.0
2010,1,4,-3.6,-0.7,2.3,-999.0,-1.6,87.7,15.7,291.8,-999.0
2010,1,7,-6.8,-5.2,-3.6,-999.0,-8.7,75.8,17.9,295.0,-999.0
2010,1,8,-20.7,-13.8,-6.8,-999.0,-15.0,69.8,14.5,304.6,-999.0
2010,1,9,-24.3,-19.9,-15.4,-999.0,-25.0,63.8,15.0,304.6,-999.0
2010,1,10,-27.4,-22.3,-17.2,-999.0,-25.1,72.1,3.0,184.7,-999.0
2010,1,11,-19.4,-14.8,-10.1,-999.0,-18.7,71.5,4.9,250.5,-999.0
2010,1,12,-21.4,-17.2,-12.9,-999.0,-23.2,56.9,11.9,302.9,-999.0
2010,1,13,-25.1,-999.0,-11.9,-999.0,-999.0,-999.0,-999.0,-999.0,-999.0
2010,1,15,-10.8,-7.5,-4.1,-999.0,-10.4,80.0,10.8,258.7,-999.0
2010,1,16,-25.0,-16.5,-7.9,-999.0,-18.2,68.6,11.4,277.5,-999.0
2010,1,17,-29.8,-21.3,-12.8,-999.0,-25.7,64.9,6.5,189.0,-999.0
2010,1,18,-12.8,-10.8,-8.7,-999.0,-12.9,83.0,12.8,104.6,-999.0
2010,1,19,-8.9,-7.6,-6.2,-999.0,-9.7,85.8,8.6,99.2,-999.0
2010,1,20,-11.8,-8.6,-5.3,-999.0,-9.7,84.0,5.5,178.3,-999.0
2010,1,21,-11.2,-9.5,-7.8,-999.0,-11.7,82.8,9.5,265.0,-999.0
2010,1,22,-20.8,-15.9,-11.0,-999.0,-19.6,66.8,7.0,273.3,-999.0
2010,1,23,-25.3,-17.0,-8.6,-999.0,-21.8,71.3,4.6,259.5,-999.0
2010,1,24,-24.3,-15.0,-5.6,-999.0,-19.5,70.7,4.0,179.5,-999.0
2010,1,25,-9.3,-2.9,3.5,-999.0,-5.8,84.3,13.3,105.0,-999.0
2010,1,26,-9.8,-2.6,4.7,-999.0,-1.0,91.1,10.0,239.6,-999.0
2010,1,27,-19.8,-14.8,-9.8,-999.0,-16.9,73.3,9.3,264.8,-999.0
2010,1,28,-19.3,-13.4,-7.5,-999.0,-14.5,83.3,5.3,169.1,-999.0
2010,1,29,-19.3,-14.4,-9.5,-999.0,-16.4,77.1,22.6,321.7,-999.0
2010,1,30,-26.8,-21.9,-17.0,-999.0,-25.6,67.2,15.8,289.2,-999.0
2010,1,31,-29.7,-23.2,-16.6,-999.0,-27.4,70.1,6.8,245.8,-999.0
2010,2,1,-31.4,-26.1,-20.7,0.0,-28.6,65.2,12.0,275.5,961.5
2010,2,2,-33.9,-26.3,-18.7,0.0,-31.1,65.8,5.7,239.0,969.1
2010,2,3,-29.8,-20.3,-10.7,0.0,-24.6,69.8,4.7,255.0,965.7
2010,2,4,-22.5,-19.3,-16.0,0.0,-24.1,66.0,13.0,288.3,968.1
2010,2,5,-22.7,-18.6,-14.5,0.0,-22.5,65.6,15.0,290.0,969.1
2010,2,6,-16.6,-12.9,-9.2,0.0,-18.5,66.5,11.1,293.8,966.3
2010,2,7,-12.7,-8.9,-5.0,0.0,-11.2,81.9,26.7,325.8,958.3
2010,2,8,-6.5,-4.5,-2.4,0.0,-7.1,80.3,14.9,292.9,957.7
2010,2,9,-10.9,-5.5,0.0,0.0,-11.5,64.0,10.0,276.7,964.3
2010,2,10,-13.8,-7.6,-1.3,-999.0,-15.5,57.6,7.5,270.4,959.0
2010,2,11,-9.7,-6.6,-2.0,-999.0,-11.1,70.7,6.4,274.1,955.4
2010,2,12,-9.5,-4.0,1.6,0.0,-7.4,74.7,8.8,265.8,956.5
2010,2,13,-10.9,-6.4,-1.9,0.0,-9.9,76.6,12.9,279.2,948.6
2010,2,14,-4.3,0.0,4.3,0.0,-1.8,90.5,6.0,205.2,940.3
2010,2,15,-4.4,-2.2,0.1,0.0,-3.1,93.4,5.0,170.8,948.5
2010,2,16,-4.0,-1.2,1.7,-999.0,-2.1,94.5,3.1,142.4,951.4
2010,2,17,-0.7,1.5,3.7,0.0,-0.4,89.0,5.4,238.2,947.0
2010,2,18,0.2,2.0,3.8,0.0,-1.0,84.7,11.5,313.3,942.8
2010,2,19,-0.5,1.8,4.1,0.0,-1.8,78.2,10.8,327.9,948.3
2010,2,20,-2.7,-1.5,-0.3,0.0,-3.2,87.1,11.2,317.4,957.0
2010,2,21,-2.6,-999.0,-0.5,-999.0,-999.0,-999.0,-999.0,-999.0,-999.0
2010,2,23,-0.8,0.5,1.8,0.0,-1.6,83.8,15.5,114.2,969.3
2010,2,24,-2.8,-1.6,-0.3,0.0,-4.0,83.5,17.0,111.3,972.2
2010,2,25,-3.9,-2.3,-0.7,0.0,-5.0,80.8,15.4,98.3,971.7
2010,2,26,-5.0,-0.2,4.7,0.0,-9.3,52.6,14.6,94.6,968.0
2010,2,27,-0.3,3.0,6.3,0.0,-9.1,41.4,16.9,91.3,963.8
2010,2,28,-1.3,0.1,1.5,0.0,-4.3,74.6,8.6,90.8,963.1
2010,3,1,-8.4,-2.7,3.1,-999.0,-8.1,58.3,11.1,273.5,965.7
2010,3,2,-12.1,-6.8,-1.5,0.0,-13.2,59.8,8.8,274.2,968.2
2010,3,3,-13.6,-6.1,1.4,0.0,-15.1,47.3,9.1,252.6,966.1
2010,3,4,-10.4,-5.8,-1.2,-999.0,-16.8,42.8,11.6,248.3,969.2
2010,3,5,-14.0,-5.0,4.0,0.0,-21.2,29.1,7.7,245.4,974.0
2010,3,6,-7.7,-1.7,4.3,0.0,-12.4,46.5,7.9,277.1,967.3
2010,3,7,-9.8,-3.3,3.2,0.0,-7.2,74.8,6.3,234.1,957.7
2010,3,8,-9.0,-5.3,-1.5,0.0,-10.9,61.2,17.6,287.5,954.9
2010,3,9,-12.1,-6.9,-1.6,-999.0,-13.3,61.3,10.4,305.0,963.8
2010,3,10,-13.0,-6.9,-0.7,0.0,-13.9,56.4,7.4,283.2,967.9
2010,3,11,-17.9,-8.5,1.0,0.0,-17.9,50.0,9.1,277.5,974.9
2010,3,12,-15.7,-4.1,7.5,0.0,-15.0,50.0,7.7,226.3,978.9
2010,3,13,-12.0,-1.4,9.3,0.0,-13.1,46.6,6.1,223.3,978.4
2010,3,14,-9.1,0.9,10.9,0.0,-11.3,47.4,8.0,206.7,977.4
2010,3,15,-7.0,3.0,13.0,0.0,-8.7,50.0,8.3,252.5,973.9
2010,3,16,-5.8,1.8,9.3,-999.0,-9.7,51.3,9.1,293.9,969.6
2010,3,17,-4.4,1.6,7.6,0.0,-7.0,53.8,10.7,231.3,957.5
2010,3,18,-8.2,-3.9,0.5,0.0,-8.5,60.3,16.3,294.6,955.3
2010,3,19,-11.8,-6.0,-0.1,0.0,-8.3,79.0,5.5,192.6,959.7
2010,3,20,-17.9,-9.4,-0.9,0.0,-11.3,66.6,15.8,275.0,964.5
2010,3,21,-21.1,-11.7,-2.2,0.0,-18.8,54.3,6.1,190.4,972.6
2010,3,22,-12.9,-6.1,0.8,0.0,-17.2,45.7,10.5,254.8,971.3
2010,3,23,-14.7,-8.4,-2.1,0.0,-17.3,47.9,12.1,144.2,973.0
2010,3,24,-5.7,-3.6,-1.5,0.0,-7.1,79.5,11.5,264.2,959.3
2010,3,25,-20.1,-10.5,-0.9,0.0,-11.9,75.1,13.1,236.3,956.9
2010,3,26,-27.0,-20.9,-14.7,0.0,-26.8,54.1,15.0,300.0,968.2
2010,3,27,-30.8,-19.2,-7.5,-999.0,-25.3,53.2,6.7,217.7,977.1
2010,3,28,-12.5,-6.7,-0.8,0.0,-8.4,84.7,9.4,120.8,970.2
2010,3,29,-4.8,-1.3,2.2,0.0,-2.4,85.6,8.3,180.8,965.2
2010,3,30,-9.3,-1.6,6.1,0.0,-9.0,58.0,8.8,139.2,972.7
2010,3,31,-1.6,3.3,8.2,0.0,-2.4,72.5,11.7,106.3,971.8
2010,4,1,0.9,8.0,15.1,0.0,0.1,68.8,8.9,170.0,970.0
2010,4,2,-0.3,9.7,19.7,0.0,1.5,63.8,5.5,165.4,968.7
2010,4,3,3.2,12.9,22.6,0.0,3.3,63.1,4.0,177.0,964.5
2010,4,4,-0.7,6.3,13.3,0.0,-1.1,55.8,9.4,243.3,963.4
2010,4,5,-0.7,2.3,5.3,0.0,1.1,88.8,2.8,159.0,962.0
2010,4,6,0.3,6.9,13.4,0.0,1.1,71.9,7.1,230.0,960.3
2010,4,7,-1.3,3.1,7.5,0.0,-2.1,69.5,8.6,258.6,957.1
2010,4,8,-3.8,0.7,5.1,-999.0,-8.5,54.8,9.5,196.4,966.3
2010,4,9,-0.8,0.4,1.6,0.0,-0.5,94.0,12.8,107.9,957.9
2010,4,10,-3.2,-0.7,1.8,-999.0,-3.5,78.8,19.1,293.5,955.4
2010,4,11,-3.3,-0.8,1.7,0.0,-5.0,74.0,18.3,285.8,963.0
2010,4,12,-4.5,0.2,4.8,0.0,-7.8,57.5,11.3,303.8,977.0
2010,4,13,-8.1,-0.2,7.7,0.0,-10.3,48.8,9.2,274.8,982.5
2010,4,14,-5.1,-0.2,4.8,0.0,-8.0,53.9,11.4,303.8,979.2
2010,4,15,-7.2,-0.1,7.0,0.0,-9.3,50.4,9.0,164.6,979.8
2010,4,16,-3.5,1.8,7.0,0.0,-8.4,49.2,15.8,120.4,969.6
2010,4,17,-1.8,4.2,10.1,0.0,-8.4,40.5,10.9,111.3,964.5
2010,4,18,1.4,4.6,7.8,0.0,-1.8,62.6,12.5,196.7,965.1
2010,4,19,3.8,9.1,14.4,0.0,1.4,62.7,10.5,302.5,966.8
2010,4,20,-1.6,4.1,9.8,0.0,-6.7,45.8,12.9,312.9,963.6
2010,4,21,-3.5,2.8,9.0,0.0,-6.8,50.9,11.1,306.7,961.3
2010,4,22,-1.9,3.2,8.3,0.0,-3.6,60.3,5.4,175.5,960.7
2010,4,23,-1.3,4.9,11.0,0.0,-0.1,70.1,7.6,201.7,964.5
2010,4,24,-1.2,6.1,13.3,0.0,-1.0,68.8,6.2,227.5,966.2
2010,4,25,0.1,7.0,13.9,0.0,-4.2,49.0,12.3,284.6,958.4
2010,4,26,-3.7,1.1,5.9,0.0,-12.4,37.8,11.3,124.6,955.6
2010,4,27,-6.0,1.2,8.4,0.0,-8.6,46.0,10.8,245.4,954.2
2010,4,28,-3.1,2.5,8.0,0.0,-7.5,51.6,13.2,332.5,952.5
2010,4,29,-1.8,3.3,8.3,0.0,-3.0,64.6,12.1,308.8,951.9
2010,4,30,2.9,7.3,11.6,0.0,-2.5,53.0,10.5,291.3,955.9
2010,5,1,2.1,10.5,17.8,-999.0,-5.0,36.6,9.2,241.7,960.1
2010,5,2,7.6,12.9,17.9,-999.0,9.5,80.9,6.0,197.9,957.4
2010,5,3,10.5,10.8,12.5,-999.0,9.3,90.7,8.0,220.0,951.1
2010,5,4,5.9,8.8,11.1,-999.0,6.9,88.1,6.8,210.0,955.7
2010,5,5,5.5,8.4,12.7,-999.0,5.6,83.9,7.7,108.3,960.8
2010,5,6,6.9,8.7,14.7,-999.0,5.5,81.7,11.8,210.4,951.6
2010,5,7,-0.6,1.1,4.0,-999.0,-3.4,72.5,24.4,293.8,960.1
2010,5,8,-0.6,4.1,9.3,-999.0,-1.7,67.3,8.6,207.9,955.1
2010,5,9,1.4,1.7,3.5,-999.0,-1.2,81.5,18.7,314.6,954.0
2010,5,10,-2.4,0.2,4.5,-999.0,-7.6,57.7,15.0,292.1,970.4
2010,5,11,-3.3,0.9,5.0,-999.0,-6.1,61.3,6.5,278.5,978.5
2010,5,12,-1.3,4.4,9.0,-999.0,-7.2,45.6,11.5,304.5,978.2
2010,5,13,-2.1,5.8,13.2,-999.0,-6.4,45.8,12.6,317.5,975.1
2010,5,14,-2.1,-999.0,12.9,-999.0,-999.0,-999.0,-999.0,-999.0,-999.0
2010,5,18,6.8,15.8,23.1,-999.0,3.6,47.3,6.7,222.9,969.5
2010,5,19,3.0,15.6,26.0,-999.0,3.7,50.7,8.9,261.0,965.2
2010,5,20,10.4,11.1,17.8,-999.0,0.7,51.6,13.6,310.4,964.4
2010,5,21,-0.9,-999.0,15.5,-999.0,-999.0,-999.0,-999.0,-999.0,-999.0
2010,5,23,13.3,20.7,26.8,-999.0,9.7,50.9,8.0,201.7,971.2
2010,5,24,18.1,24.5,30.6,-999.0,14.1,53.6,8.5,281.3,972.2
2010,5,25,17.5,19.9,23.4,-999.0,17.0,83.9,10.1,281.7,969.5
2010,5,26,12.9,17.3,21.3,-999.0,7.5,56.0,9.3,191.7,967.6
2010,5,27,7.3,14.6,20.9,-999.0,1.7,44.2,8.8,176.7,969.9
2010,5,28,7.9,14.9,21.2,-999.0,5.1,53.8,5.5,164.2,969.6
2010,5,29,11.8,13.1,17.7,-999.0,5.5,63.1,9.3,278.6,963.3
2010,5,30,1.9,7.4,11.4,-999.0,0.4,63.0,10.5,286.5,962.7
2010,5,31,1.8,8.7,14.2,-999.0,1.4,64.2,5.8,209.6,967.2
2010,6,3,3.7,11.9,19.4,-999.0,3.7,61.8,5.1,196.3,961.6
2010,6,4,4.2,12.8,20.1,-999.0,2.0,53.9,10.7,246.8,959.9
2010,6,5,0.2,9.4,14.1,-999.0,0.3,56.2,6.8,266.3,960.6
2010,6,6,4.3,12.2,17.1,-999.0,1.9,52.8,6.7,181.8,957.0
2010,6,7,9.5,-999.0,10.2,-999.0,-999.0,-999.0,-999.0,-999.0,-999.0
2010,6,8,5.4,10.4,15.4,-999.0,2.7,63.1,9.5,318.8,966.6
2010,6,9,6.0,12.8,19.8,-999.0,1.6,50.1,6.7,217.8,969.4
2010,6,10,2.9,15.0,23.5,-999.0,2.0,48.5,5.9,227.9,965.9
2010,6,11,7.1,14.0,19.8,-999.0,6.2,61.3,8.1,269.5,969.4
2010,6,12,6.4,14.2,20.7,-999.0,1.5,46.8,7.9,280.8,971.7
2010,6,13,2.3,14.0,22.1,-999.0,-1.7,41.2,9.1,281.3,967.4
2010,6,14,7.7,13.0,18.2,-999.0,-3.1,36.4,13.8,319.1,963.8
2010,6,15,1.5,12.1,20.2,-999.0,-2.4,41.3,10.9,324.6,971.4
2010,6,16,5.0,17.4,27.0,-999.0,3.1,42.4,5.9,276.7,968.3
2010,6,17,13.8,20.6,26.4,-999.0,8.6,49.7,7.6,273.9,963.0
2010,6,18,13.4,20.0,27.0,-999.0,6.7,47.4,8.7,219.2,965.1
2010,6,19,17.9,16.7,25.6,-999.0,13.8,85.5,4.8,190.9,961.4
2010,6,20,13.0,16.8,22.7,-999.0,8.0,62.0,9.4,312.5,963.8
2010,6,21,9.0,-999.0,23.3,-999.0,-999.0,-999.0,-999.0,-999.0,-999.0
2010,6,22,7.7,-999.0,25.6,-999.0,-999.0,-999.0,-999.0,-999.0,-999.0
2010,6,23,9.4,17.0,23.5,-999.0,10.4,67.0,4.8,217.1,963.4
2010,6,24,15.8,17.0,20.8,-999.0,9.6,65.8,10.7,309.2,957.1
2010,6,25,7.5,12.5,16.7,-999.0,0.7,47.6,14.6,295.0,963.7
2010,6,26,6.2,10.0,14.3,-999.0,-0.5,52.8,12.6,294.0,961.6
2010,6,27,1.1,10.0,17.8,-999.0,-0.9,54.3,6.6,261.3,959.3
2010,6,28,5.5,9.1,11.7,-999.0,5.4,78.9,12.8,107.1,958.2
2010,6,29,7.7,9.9,14.2,-999.0,8.5,91.6,7.3,147.5,960.2
2010,6,30,3.5,8.5,12.8,-999.0,6.6,88.8,4.8,213.2,963.0
2010,7,1,6.8,-999.0,15.4,-999.0,-999.0,-999.0,-999.0,-999.0,-999.0
2010,7,2,5.4,-999.0,23.7,-999.0,-999.0,-999.0,-999.0,-999.0,-999.0
2010,7,3,12.1,-999.0,19.6,-999.0,-999.0,-999.0,-999.0,-999.0,-999.0
2010,7,4,16.8,-999.0,20.1,-999.0,-999.0,-999.0,-999.0,-999.0,-999.0
2010,7,5,17.4,-999.0,23.7,-999.0,-999.0,-999.0,-999.0,-999.0,-999.0
2010,7,6,14.1,-999.0,28.9,-999.0,-999.0,-999.0,-999.0,-999.0,-999.0
2010,7,7,19.2,-999.0,27.8,-999.0,-999.0,-999.0,-999.0,-999.0,-999.0
2010,7,8,17.3,-999.0,31.5,-999.0,-999.0,-999.0,-999.0,-999.0,-999.0
2010,7,10,15.4,-999.0,25.2,-999.0,-999.0,-999.0,-999.0,-999.0,-999.0
2010,7,11,15.4,-999.0,24.5,-999.0,-999.0,-999.0,-999.0,-999.0,-999.0
2010,7,17,15.6,-999.0,23.8,-999.0,-999.0,-999.0,-999.0,-999.0,-999.0
2010,7,18,14.7,-999.0,21.4,-999.0,-999.0,-999.0,-999.0,-999.0,-999.0
2010,7,19,7.9,-999.0,20.4,-999.0,-999.0,-999.0,-999.0,-999.0,-999.0
2010,7,20,6.7,-999.0,22.4,-999.0,-999.0,-999.0,-999.0,-999.0,-999.0
2010,7,21,9.1,-999.0,24.2,-999.0,-999.0,-999.0,-999.0,-999.0,-999.0
2010,7,22,11.5,-999.0,21.3,-999.0,-999.0,-999.0,-999.0,-999.0,-999.0
2010,7,23,11.8,-999.0,21.4,-999.0,-999.0,-999.0,-999.0,-999.0,-999.0
2010,7,24,12.5,-999.0,17.9,-999.0,-999.0,-999.0,-999.0,-999.0,-999.0
2010,7,25,13.3,-999.0,17.3,-999.0,-999.0,-999.0,-999.0,-999.0,-999.0
2010,7,26,11.8,-999.0,18.7,-999.0,-999.0,-999.0,-999.0,-999.0,-999.0
2010,7,27,9.0,-999.0,26.0,-999.0,-999.0,-999.0,-999.0,-999.0,-999.0
2010,7,28,15.6,-999.0,22.9,-999.0,-999.0,-999.0,-999.0,-999.0,-999.0
2010,7,29,10.5,-999.0,15.9,-999.0,-999.0,-999.0,-999.0,-999.0,-999.0
2010,7,30,10.8,-999.0,16.2,-999.0,-999.0,-999.0,-999.0,-999.0,-999.0
2010,7,31,5.1,-999.0,18.6,-999.0,-999.0,-999.0,-999.0,-999.0,-999.0
2010,8,1,11.6,18.2,24.7,0.0,10.7,67.9,4.6,178.5,969.8
2010,8,2,10.9,18.1,25.3,0.0,12.0,70.5,6.0,137.1,969.8
2010,8,3,14.9,19.8,24.7,0.0,16.3,89.5,3.4,182.4,965.9
2010,8,4,15.6,19.3,22.9,0.0,17.4,92.1,5.3,184.8,957.9
2010,8,5,14.5,19.2,23.8,0.0,15.9,91.5,4.1,182.5,952.3
2010,8,6,5.8,10.8,15.7,0.0,8.3,83.2,12.6,277.5,953.1
2010,8,7,6.1,10.6,15.0,1.2,6.2,79.8,8.7,258.7,959.9
2010,8,8,8.6,12.9,17.1,0.0,11.0,88.3,5.9,235.4,961.5
2010,8,9,12.5,17.1,21.6,0.0,12.5,78.3,8.2,283.0,963.8
2010,8,10,10.3,15.0,19.7,0.0,10.0,73.4,8.2,316.5,965.2
2010,8,11,10.9,15.7,20.5,0.0,7.5,62.2,8.2,291.7,969.7
2010,8,12,6.6,14.5,22.3,0.0,8.2,67.2,6.2,243.0,971.6
2010,8,13,6.8,15.8,24.7,0.0,9.0,66.8,6.8,227.5,972.2
2010,8,14,8.1,16.9,25.6,0.0,12.5,73.6,5.0,201.8,970.2
2010,8,15,16.5,21.2,25.9,1.7,17.1,82.9,4.6,152.3,966.2
2010,8,16,13.7,18.1,22.4,0.0,16.3,94.3,5.4,149.6,961.2
2010,8,17,10.8,15.6,20.4,0.0,11.8,79.1,6.8,206.4,962.7
2010,8,18,8.9,14.3,18.5,0.0,9.4,75.1,5.7,209.6,967.4
2010,8,19,9.3,13.5,17.7,0.0,12.6,93.4,8.3,178.3,963.1
2010,8,20,8.4,10.9,13.3,0.0,8.5,85.0,13.1,286.3,964.8
2010,8,21,10.7,15.8,20.8,0.0,9.8,75.5,8.8,272.5,969.6
2010,8,22,11.4,15.5,19.1,-999.0,11.4,77.8,8.2,117.4,975.4
2010,8,23,12.2,15.9,21.1,0.0,11.9,79.1,5.4,140.8,978.2
2010,8,24,10.8,17.6,24.3,0.0,11.7,75.5,4.9,237.9,974.7
2010,8,25,9.6,16.0,22.4,0.0,11.9,77.4,4.5,204.1,968.7
2010,8,26,10.9,14.6,18.2,0.0,13.0,88.0,8.3,209.2,963.2
2010,8,27,6.5,11.4,16.2,0.0,8.4,79.3,8.3,261.7,966.8
2010,8,28,7.9,13.6,19.3,0.0,11.6,84.5,5.5,223.5,967.8
2010,8,29,16.0,20.8,26.0,0.0,15.6,74.3,7.5,226.7,967.5
2010,8,30,13.1,21.0,28.9,0.0,14.9,67.7,7.2,222.9,968.6
2010,8,31,18.0,22.7,27.4,0.0,19.5,88.3,6.3,279.2,966.1
2010,9,1,18.1,23.6,29.1,0.3,19.4,83.3,7.1,260.0,962.1
2010,9,2,9.0,15.7,22.4,0.0,11.8,72.6,8.5,298.8,965.1
2010,9,3,6.4,13.5,20.5,0.0,10.9,80.8,9.6,185.0,960.6
2010,9,4,12.6,14.7,16.8,0.7,14.8,97.3,5.6,160.4,948.0
2010,9,5,10.5,11.1,13.2,0.0,9.8,91.9,8.8,240.4,951.9
2010,9,6,7.2,10.1,12.9,0.0,7.1,90.6,5.6,241.3,965.9
2010,9,7,7.0,11.5,16.0,0.0,6.7,78.5,5.8,154.3,968.8
2010,9,8,8.0,9.5,10.9,0.0,7.6,92.2,15.0,90.0,961.1
2010,9,9,9.1,11.0,12.9,0.0,7.9,82.4,7.9,168.3,963.5
2010,9,10,7.1,13.3,19.5,0.0,3.6,54.3,12.5,309.2,966.0
2010,9,11,3.9,11.3,18.7,0.0,3.8,59.6,7.5,215.0,971.5
2010,9,12,4.3,10.3,15.5,2.4,5.9,76.3,10.3,110.0,970.1
2010,9,13,9.4,11.1,12.7,0.0,10.4,97.3,8.5,105.0,962.8
2010,9,14,8.3,10.3,12.2,0.0,9.3,95.5,7.8,202.1,960.7
2010,9,15,6.1,9.8,13.5,0.0,6.4,84.4,12.4,302.5,964.7
2010,9,16,1.8,6.7,11.5,0.0,4.5,82.7,11.4,302.1,967.7
2010,9,17,-0.7,6.2,13.0,0.0,3.1,81.0,5.1,247.9,969.6
2010,9,18,-0.3,7.9,16.1,0.0,5.0,85.4,6.9,214.1,969.6
2010,9,19,1.8,7.7,13.5,0.0,4.2,83.7,6.4,267.0,970.2
2010,9,20,2.8,7.2,11.6,0.0,3.4,82.1,10.3,287.5,968.7
2010,9,21,1.4,6.1,10.3,0.0,3.4,84.2,7.0,209.6,964.9
2010,9,22,5.0,8.8,12.6,0.0,5.6,80.0,12.7,243.5,959.3
2010,9,23,-0.8,5.0,10.7,0.0,0.2,70.1,13.8,297.9,972.7
2010,9,24,-2.0,2.8,7.6,-999.0,1.0,87.7,7.6,173.0,969.0
2010,9,25,-0.4,2.1,4.5,0.0,2.1,92.7,9.6,135.0,965.4
2010,9,26,-0.5,5.3,11.0,0.0,-0.1,75.3,7.0,221.3,977.2
2010,9,27,1.4,6.6,11.7,-999.0,6.3,92.5,2.7,173.1,971.5
2010,9,28,9.4,10.8,12.2,0.0,10.3,95.9,3.9,116.8,962.0
2010,9,29,10.7,12.1,14.5,-999.0,11.4,95.4,6.2,176.1,959.2
2010,9,30,10.3,12.4,14.4,2.1,10.9,94.1,4.1,167.1,962.8
2010,10,1,11.3,10.4,13.0,-999.0,8.9,90.8,7.6,294.5,959.2
2010,10,2,2.9,6.0,9.0,-999.0,3.8,87.6,11.2,300.0,963.0
2010,10,3,-1.9,3.7,9.2,-999.0,1.1,82.3,9.1,312.5,976.8
2010,10,4,-4.0,4.0,11.9,-999.0,-0.7,79.9,4.8,233.2,978.7
2010,10,5,-0.5,7.7,15.8,-999.0,2.0,74.7,8.0,263.5,975.0
2010,10,6,-2.9,5.7,14.2,-999.0,1.4,73.3,6.0,175.7,971.4
2010,10,7,2.6,6.4,10.2,-999.0,4.4,87.7,12.6,228.8,949.5
2010,10,8,1.0,3.4,5.8,-999.0,-2.2,70.0,20.7,290.8,950.9
2010,10,9,0.7,3.2,5.6,-999.0,-2.1,70.8,25.2,295.8,957.9
2010,10,10,0.8,3.6,6.3,-999.0,-1.4,73.6,16.7,289.6,953.1
2010,10,11,1.7,-999.0,7.0,-999.0,-999.0,-999.0,-999.0,-999.0,-999.0
2010,10,13,1.7,6.1,10.5,-999.0,0.8,74.7,6.5,233.6,966.7
2010,10,14,3.2,4.8,6.3,-999.0,3.8,94.9,2.8,134.3,967.1
2010,10,15,3.9,5.6,7.3,-999.0,3.8,89.5,7.4,73.3,963.7
2010,10,16,3.7,5.4,8.2,-999.0,1.7,77.7,11.0,295.7,960.7
2010,10,17,-1.8,2.3,6.4,-999.0,0.4,88.9,10.7,272.1,953.3
2010,10,18,-1.3,1.4,4.1,-999.0,-1.9,79.3,20.0,288.8,952.8
2010,10,19,-2.3,1.4,5.0,-999.0,-4.4,71.0,8.7,230.4,955.9
2010,10,20,-0.5,1.2,2.8,-999.0,-1.2,89.0,6.5,154.3,955.0
2010,10,21,-0.2,3.0,4.6,-999.0,2.0,92.9,6.7,176.5,949.9
2010,10,22,1.4,2.3,3.1,-999.0,0.3,89.3,19.2,296.1,952.2
2010,10,23,1.0,2.5,4.0,-999.0,-1.0,80.5,19.2,286.7,964.3
2010,10,24,-4.5,0.1,4.7,-999.0,-3.1,76.5,10.9,283.3,971.4
2010,10,25,-5.5,-1.2,3.2,-999.0,-3.4,84.1,8.8,175.7,967.1
2010,10,26,0.6,2.5,4.3,-999.0,1.1,95.2,13.7,104.2,966.7
2010,10,27,4.3,8.2,12.0,-999.0,6.0,96.6,11.0,110.0,958.8
2010,10,28,3.6,5.9,8.1,-999.0,4.4,90.0,6.3,186.3,952.6
2010,10,29,-1.5,1.2,3.8,-999.0,0.9,91.7,10.4,273.8,959.2
2010,10,30,-3.6,-2.4,-1.2,-999.0,-5.4,79.9,20.0,296.7,956.4
2010,10,31,-3.8,-0.9,1.4,-999.0,-3.5,82.7,10.2,289.1,961.3
2010,11,1,-2.2,-1.1,0.1,0.0,-5.3,74.3,7.3,221.7,976.1
2010,11,2,-5.6,-0.5,4.6,0.0,-3.7,77.2,6.4,265.0,979.1
2010,11,3,-7.5,-1.1,5.3,0.0,-5.2,80.3,4.2,147.7,968.8
2010,11,4,-3.6,-0.5,1.6,0.0,-2.2,88.7,4.0,112.7,962.6
2010,11,5,0.0,0.6,1.2,0.5,0.0,95.2,9.4,210.8,953.9
2010,11,6,-4.2,-1.8,0.7,0.0,-2.7,89.3,10.8,288.7,968.8
2010,11,7,-4.8,-3.9,-3.0,0.0,-5.5,89.8,4.3,240.4,977.3
2010,11,8,-7.2,-3.8,-0.3,0.0,-5.4,86.0,5.9,204.2,971.6
2010,11,9,-4.6,-2.7,-0.8,0.0,-4.0,89.8,5.2,211.7,976.1
2010,11,10,-7.0,-1.9,3.3,0.0,-4.4,85.0,3.9,233.5,983.8
2010,11,11,-6.7,-0.5,5.8,0.0,-4.2,85.5,4.5,250.5,986.5
2010,11,12,-7.9,-0.8,6.4,0.0,-3.8,84.3,2.1,-999.0,979.8
2010,11,13,-1.5,0.4,2.2,0.0,-3.3,75.3,8.8,264.8,976.7
2010,11,14,-3.2,-1.1,0.5,0.0,-6.2,68.6,10.3,90.0,973.3
2010,11,15,-0.4,2.5,5.3,0.0,0.1,89.0,6.0,159.1,964.3
2010,11,16,-2.5,0.1,2.7,0.0,0.2,95.0,4.3,237.8,967.8
2010,11,17,-2.3,-0.6,0.7,0.0,-1.0,97.4,8.3,74.1,957.7
2010,11,18,-0.9,-0.6,-0.3,-999.0,-3.6,85.8,20.6,294.1,953.5
2010,11,19,-12.9,-9.5,-6.0,0.0,-11.9,78.1,14.1,264.2,968.0
2010,11,20,-12.4,-9.6,-6.8,0.0,-11.6,85.3,8.2,193.3,963.7
2010,11,21,-15.5,-11.7,-7.8,0.0,-13.2,81.6,8.5,275.2,981.2
2010,11,22,-15.2,-8.9,-5.2,0.0,-10.3,89.4,10.5,110.0,974.7
2010,11,23,-4.8,-2.1,0.6,0.0,-2.8,95.1,12.2,106.8,959.3
2010,11,24,-5.5,-4.3,-3.1,0.0,-6.3,83.0,16.5,287.8,961.9
2010,11,25,-6.8,-5.0,-3.1,0.0,-7.4,82.6,11.1,269.2,968.8
2010,11,26,-13.3,-8.6,-3.8,0.0,-7.3,91.5,8.8,154.2,949.1
2010,11,27,-14.6,-9.9,-5.2,0.0,-11.5,86.9,4.3,272.7,949.4
2010,11,28,-9.5,-5.4,-1.3,0.0,-7.0,88.5,8.2,244.2,965.1
2010,11,29,-5.9,-4.1,-2.2,0.0,-4.9,91.1,4.5,196.5,979.5
2010,11,30,-6.2,-3.3,-0.3,0.4,-3.7,91.4,9.5,108.3,979.1
2010,12,1,-0.3,0.6,1.5,0.0,-0.3,94.4,13.5,108.3,967.3
2010,12,2,0.0,0.3,0.6,0.0,0.2,99.5,8.6,111.4,964.1
2010,12,3,-0.4,0.3,0.9,0.0,0.0,98.4,3.4,252.9,966.2
2010,12,4,0.5,1.6,2.7,0.0,0.8,93.0,9.5,165.4,960.3
2010,12,5,1.4,2.0,3.2,0.0,1.4,95.7,8.0,115.4,949.2
2010,12,6,-0.8,0.8,2.3,0.0,-0.4,94.5,13.4,217.4,942.1
2010,12,7,-5.1,-2.4,0.3,0.0,-3.8,93.0,7.3,112.6,936.1
2010,12,8,-9.1,-7.1,-5.1,0.0,-9.2,86.4,8.7,259.6,947.5
2010,12,9,-19.4,-14.0,-8.6,0.0,-15.1,77.5,16.8,287.5,965.6
2010,12,10,-20.1,-15.8,-11.5,0.0,-17.4,84.1,4.7,167.8,973.6
2010,12,11,-16.9,-11.6,-6.2,0.0,-12.6,85.4,8.3,205.7,968.7
2010,12,12,-15.9,-10.7,-5.4,0.9,-13.0,87.0,8.4,135.0,969.4
2010,12,13,-5.5,-1.4,2.7,1.5,-0.7,95.8,12.2,151.7,943.8
2010,12,14,-8.5,-2.5,3.6,0.0,-3.9,94.2,7.8,212.9,943.8
2010,12,15,-8.2,-2.7,2.8,0.0,-3.9,91.9,10.7,142.9,948.8
2010,12,16,-9.6,-7.7,-4.7,0.0,-8.7,92.0,4.5,167.0,954.8
2010,12,17,-14.1,-10.3,-6.4,-999.0,-11.9,90.5,6.3,145.5,956.4
2010,12,18,-15.8,-11.7,-7.5,0.0,-12.7,87.5,2.7,134.4,966.6
2010,12,19,-11.5,-9.3,-7.1,0.0,-10.5,87.7,6.4,284.5,968.5
2010,12,20,-12.4,-6.0,0.4,0.0,-9.8,93.1,1.6,150.0,966.9
2010,12,21,-4.3,-1.3,1.7,-999.0,-2.5,87.2,8.2,104.3,969.6
2010,12,22,-7.5,-5.5,-3.4,0.0,-7.1,82.6,8.9,290.8,966.0
2010,12,23,-12.3,-8.9,-5.5,0.0,-11.4,80.0,7.0,284.2,967.7
2010,12,24,-14.9,-11.4,-7.9,0.0,-14.8,78.5,5.9,225.0,970.4
2010,12,25,-15.4,-13.1,-10.7,0.0,-16.3,78.4,8.2,277.9,970.7
2010,12,26,-17.4,-14.9,-12.3,0.0,-17.1,79.4,7.1,281.7,971.5
2010,12,27,-19.9,-15.3,-10.7,0.0,-18.3,76.2,16.0,302.2,958.9
2010,12,28,-16.8,-12.8,-8.7,0.0,-17.0,70.3,19.8,325.8,953.9
2010,12,29,-20.3,-14.9,-9.5,0.0,-18.2,79.7,2.1,181.8,962.5
2010,12,30,-15.4,-10.2,-4.9,-999.0,-9.1,90.2,4.3,-999.0,965.0
2010,12,31,-6.1,-3.5,-1.4,-999.0,-4.0,96.6,1.8,108.8,964.1
2011,1,1,-1.2,0.5,1.6,-999.0,0.5,99.9,6.6,138.5,966.5
2011,1,2,0.6,0.0,2.3,-999.0,-1.0,93.1,11.3,190.4,960.4
2011,1,3,-9.0,-8.7,-6.0,-999.0,-11.9,77.9,11.8,295.0,961.4
2011,1,4,-17.1,-13.7,-10.5,-999.0,-17.1,76.1,15.3,286.3,958.4
2011,1,5,-14.8,-13.4,-12.7,-999.0,-16.2,79.2,18.1,290.0,947.9
2011,1,6,-14.3,-14.6,-12.1,-999.0,-17.2,80.5,7.7,271.0,949.3
2011,1,7,-21.1,-15.7,-11.3,-999.0,-18.5,79.6,6.0,193.5,957.8
2011,1,8,-15.2,-10.3,-7.3,-999.0,-12.6,83.1,6.1,307.5,957.3
2011,1,9,-10.3,-6.0,-0.8,-999.0,-8.3,84.3,14.8,306.3,955.7
2011,1,10,-7.9,-6.2,-3.1,-999.0,-8.9,81.6,17.6,315.8,967.0
2011,1,11,-15.0,-11.8,-8.1,-999.0,-14.2,82.6,5.3,257.9,974.3
2011,1,12,-15.0,-10.1,-6.5,-999.0,-12.0,86.1,6.1,196.4,968.8
2011,1,13,-10.1,-8.2,-6.1,-999.0,-10.3,84.6,9.0,279.6,968.9
2011,1,14,-12.1,-11.4,-9.2,-999.0,-13.6,83.7,7.9,276.0,971.3
2011,1,15,-16.2,-14.9,-13.4,-999.0,-17.1,83.1,5.0,253.5,965.6
2011,1,16,-17.6,-16.6,-12.9,-999.0,-20.1,75.1,8.6,294.3,962.4
2011,1,17,-24.6,-22.0,-19.5,-999.0,-25.5,73.7,5.5,230.4,972.7
2011,1,18,-23.6,-15.6,-11.5,-999.0,-17.8,83.3,4.6,153.8,965.0
2011,1,19,-19.2,-17.5,-12.4,-999.0,-20.9,75.3,11.8,300.8,966.6
2011,1,20,-26.0,-23.1,-18.0,-999.0,-27.2,70.2,5.4,238.2,964.5
2011,1,21,-30.3,-24.2,-18.1,-999.0,-27.7,74.5,7.4,303.3,955.9
2011,1,22,-25.2,-23.3,-19.9,-999.0,-27.9,66.0,18.5,292.1,955.6
2011,1,23,-33.2,-28.6,-23.9,-999.0,-33.6,62.4,12.3,254.6,965.1
2011,1,24,-30.1,-27.1,-21.9,-999.0,-32.5,60.6,12.3,278.6,971.6
2011,1,25,-30.3,-23.4,-16.8,-999.0,-26.6,75.0,2.3,184.7,967.4
2011,1,26,-22.2,-16.4,-12.0,-999.0,-18.5,84.1,2.5,207.9,965.9
2011,1,27,-14.5,-11.9,-8.7,-999.0,-14.2,83.5,4.3,257.3,959.6
2011,1,28,-22.4,-16.7,-12.2,-999.0,-19.7,78.2,6.5,286.1,959.2
2011,1,29,-24.5,-19.9,-15.5,-999.0,-24.0,70.4,8.0,286.7,966.5
2011,1,30,-28.9,-21.7,-15.7,-999.0,-26.7,64.8,6.6,268.1,968.5
2011,1,31,-29.6,-25.6,-22.3,-999.0,-29.8,67.8,8.0,251.0,973.7
2011,2,1,-26.4,-22.9,-18.6,-999.0,-26.9,70.2,6.3,259.0,976.4
2011,2,2,-30.0,-24.3,-16.8,-999.0,-28.0,72.3,4.7,261.9,973.0
2011,2,3,-30.0,-19.6,-10.0,-999.0,-23.8,69.8,4.9,202.6,965.4
2011,2,4,-17.0,-8.0,-5.8,-999.0,-9.7,87.6,5.4,210.4,957.9
2011,2,5,-8.2,-7.5,-5.5,-999.0,-8.8,90.5,4.2,189.1,956.1
2011,2,6,-14.0,-11.3,-5.7,-999.0,-13.8,82.5,10.6,287.1,957.0
2011,2,7,-19.3,-17.1,-14.7,-999.0,-20.6,74.7,4.4,268.6,964.5
2011,2,8,-21.8,-19.4,-14.6,-999.0,-24.0,67.3,6.0,255.4,956.3
2011,2,9,-26.9,-22.3,-17.7,-999.0,-26.5,69.3,6.4,235.0,955.8
2011,2,10,-33.9,-26.0,-20.3,-999.0,-30.5,67.0,5.1,261.9,959.8
2011,2,11,-30.0,-24.4,-18.6,-999.0,-29.1,66.0,6.1,-999.0,959.6
2011,2,12,-24.6,-16.2,-9.0,-999.0,-19.8,74.3,11.8,190.0,952.6
2011,2,13,-29.3,-22.7,-17.3,-999.0,-26.4,71.4,5.4,180.8,957.0
2011,2,14,-21.2,-17.2,-13.5,-999.0,-20.7,74.0,8.8,142.2,956.1
2011,2,15,-25.8,-20.9,-16.6,-999.0,-26.5,62.0,12.1,282.9,970.8
2011,2,16,-25.8,-15.9,-8.3,-999.0,-19.5,74.3,3.6,189.5,967.5
2011,2,17,-12.3,-4.0,2.5,-999.0,-7.0,81.3,4.8,251.4,964.8
2011,2,18,-7.6,-3.8,-2.6,-999.0,-4.7,93.3,11.3,97.1,949.2
2011,2,19,-7.3,-7.8,-3.7,-999.0,-10.0,84.0,17.0,298.3,951.8
2011,2,20,-16.2,-15.6,-12.8,-999.0,-19.6,71.5,12.1,291.3,967.2
2011,2,21,-22.0,-18.3,-14.6,-999.0,-22.7,68.6,11.5,316.5,964.1
2011,2,22,-20.2,-15.6,-8.6,-999.0,-22.0,59.2,23.0,311.0,970.9
2011,2,23,-23.2,-15.2,-5.9,-999.0,-20.6,66.2,8.3,270.8,975.3
2011,2,24,-22.7,-13.2,-4.5,-999.0,-16.4,78.6,3.5,181.2,965.4
2011,2,25,-14.2,-13.2,-6.5,-999.0,-18.5,65.2,12.6,292.2,960.6
2011,2,26,-25.3,-22.5,-17.7,-999.0,-27.7,63.7,12.2,275.7,964.8
2011,2,27,-32.7,-22.7,-12.8,-999.0,-28.9,59.5,7.0,203.5,969.0
2011,2,28,-15.8,-11.7,-9.1,-999.0,-13.5,85.7,8.0,156.4,958.4
2011,3,1,-16.6,-12.0,-8.2,-999.0,-16.3,70.9,15.1,235.7,961.9
2011,3,2,-12.0,-13.6,-7.0,-999.0,-17.3,74.8,18.0,233.9,959.8
2011,3,3,-28.8,-22.2,-15.1,-999.0,-27.5,63.3,9.7,291.9,981.8
2011,3,4,-28.5,-17.1,-8.0,-999.0,-21.5,70.5,5.6,165.3,983.7
2011,3,5,-11.2,-6.6,-4.2,-999.0,-8.1,89.2,4.8,169.0,973.1
2011,3,6,-12.5,-11.4,-7.1,-999.0,-15.9,70.0,9.8,290.4,973.3
2011,3,7,-19.3,-16.5,-12.0,-999.0,-23.0,58.0,10.6,293.3,976.3
2011,3,8,-22.1,-16.9,-10.1,-999.0,-25.2,51.0,9.9,296.1,984.3
2011,3,9,-28.9,-16.2,-7.0,-999.0,-23.2,57.8,10.6,192.6,990.9
2011,3,10,-11.5,-8.0,-5.3,-999.0,-9.9,86.1,13.9,109.6,979.3
2011,3,11,-6.5,-1.2,0.4,-999.0,-1.8,95.8,11.2,105.7,968.0
2011,3,12,-0.1,1.2,3.1,-999.0,0.3,94.2,7.7,186.8,951.3
2011,3,13,-9.4,-8.1,-2.2,-999.0,-13.0,67.8,16.2,320.8,965.6
2011,3,14,-21.4,-12.3,-5.2,-999.0,-22.0,48.2,4.0,174.3,980.4
2011,3,15,-16.3,-6.4,1.6,-999.0,-13.9,57.0,3.8,196.7,974.2
2011,3,16,-3.6,0.5,5.8,-999.0,-5.3,66.2,7.6,178.6,964.1
2011,3,17,-0.9,-0.5,1.3,-999.0,-4.1,77.1,9.2,259.6,963.0
2011,3,18,-6.6,-6.4,-2.6,-999.0,-11.0,72.2,11.8,221.3,959.2
2011,3,19,-18.8,-10.6,-3.0,-999.0,-19.2,51.7,9.3,262.1,978.6
2011,3,20,-21.9,-8.6,0.3,-999.0,-16.8,54.9,6.1,225.0,983.5
2011,3,21,-8.1,-2.7,2.5,-999.0,-8.7,66.6,5.7,137.5,971.5
2011,3,22,-4.8,-4.4,-1.6,-999.0,-6.4,86.3,8.5,206.3,964.0
2011,3,23,-12.3,-7.1,-0.5,-999.0,-9.8,81.3,4.1,137.6,964.6
2011,3,24,-15.1,-7.5,-2.1,-999.0,-11.2,76.0,8.0,245.0,962.1
2011,3,25,-9.6,-7.1,-3.0,-999.0,-13.4,63.1,10.3,332.6,960.5
2011,3,26,-14.5,-11.4,-7.5,-999.0,-19.4,52.0,22.7,291.8,957.6
2011,3,27,-15.5,-12.9,-10.7,-999.0,-17.4,69.3,22.9,289.6,954.6
2011,3,28,-12.0,-5.5,1.1,-999.0,-11.4,64.7,14.6,273.0,958.1
2011,3,29,-6.5,-1.3,2.5,-999.0,-7.4,63.1,13.1,301.4,964.8
2011,3,30,-4.4,-1.1,3.3,-999.0,-8.4,59.5,10.7,296.1,967.5
2011,3,31,-12.3,-2.4,6.3,-999.0,-12.1,51.8,6.5,208.3,965.2
2011,4,1,-10.5,-0.6,7.3,-999.0,-9.8,52.6,10.2,198.2,954.8
2011,4,2,-3.7,1.7,7.0,-999.0,-10.2,45.7,10.4,310.4,944.0
2011,4,3,-7.0,-1.8,3.4,-999.0,-12.8,44.1,12.0,333.8,956.9
2011,4,4,-10.3,-2.8,4.7,-999.0,-9.2,64.6,11.9,164.6,957.5
2011,4,5,-7.7,-2.6,2.5,-999.0,-2.3,87.6,13.8,217.0,937.1
2011,4,6,-8.6,-6.5,-4.4,-999.0,-12.2,67.6,18.1,288.3,954.7
2011,4,7,-12.9,-7.0,-1.1,-999.0,-15.6,50.9,10.6,296.3,970.5
2011,4,8,-19.1,-7.5,4.1,-999.0,-15.3,50.2,6.7,238.8,972.0
2011,4,9,-4.7,1.2,7.1,-999.0,-4.1,69.6,7.5,296.2,968.1
2011,4,10,-6.0,3.8,13.3,-999.0,-4.6,58.5,4.7,-999.0,964.2
2011,4,11,2.4,5.3,8.0,-999.0,3.9,91.1,8.3,173.0,945.1
2011,4,12,-5.4,-0.3,4.9,-999.0,-8.4,57.0,19.2,292.9,962.1
2011,4,13,-7.3,1.9,11.1,-999.0,-9.1,47.6,7.1,188.8,971.3
2011,4,14,-14.0,-6.0,2.0,-999.0,-12.1,54.6,17.9,287.4,969.2
2011,4,15,-16.1,-10.1,-4.0,-999.0,-18.8,51.5,9.2,277.5,983.5
2011,4,16,-14.6,-5.7,1.0,-999.0,-13.6,59.0,9.0,158.1,977.4
2011,4,17,-3.3,-0.9,1.5,-999.0,-1.0,98.7,14.2,139.2,950.8
2011,4,18,-8.9,-4.2,0.6,-999.0,-3.6,90.0,10.3,232.9,954.1
2011,4,19,-12.5,-7.0,-1.5,-999.0,-12.3,64.7,13.3,277.0,969.7
2011,4,20,-15.8,-8.3,-0.8,-999.0,-11.6,67.5,7.3,157.5,971.8
2011,4,21,-3.7,0.8,5.2,-999.0,-7.6,60.5,12.0,287.9,967.0
2011,4,22,-6.3,2.7,9.6,-999.0,-9.4,46.4,9.6,238.3,976.7
2011,4,23,-3.5,2.3,8.1,-999.0,-4.9,70.7,10.3,110.0,964.3
2011,4,24,-3.3,1.2,5.7,-999.0,-0.7,84.6,10.9,289.5,963.2
2011,4,25,-3.7,4.2,13.1,-999.0,-2.2,69.7,8.8,196.0,967.5
2011,4,26,-5.2,-1.0,3.2,-999.0,-12.6,44.5,7.8,233.3,973.6
2011,4,27,-2.9,-1.3,0.4,-999.0,-3.7,86.3,15.4,100.4,969.9
2011,4,28,-0.4,0.8,1.9,-999.0,0.7,96.8,11.0,108.8,952.5
2011,4,29,1.0,2.8,4.6,-999.0,1.0,87.9,9.7,267.5,953.9
2011,4,30,-2.1,5.4,12.8,-999.0,-3.9,58.6,7.6,312.1,973.9
2011,5,1,-2.8,7.2,15.6,-999.0,-5.9,46.0,11.3,179.1,978.7
2011,5,2,4.2,7.0,12.2,-999.0,-1.9,57.0,9.5,104.3,972.3
2011,5,3,2.3,4.6,6.4,-999.0,-0.3,72.6,7.4,225.8,973.9
2011,5,4,1.5,3.9,7.4,-999.0,0.8,81.1,10.7,293.3,970.2
2011,5,5,1.4,4.2,8.9,-999.0,-5.2,55.5,13.6,115.7,968.7
2011,5,6,1.1,2.6,4.7,-999.0,1.7,93.8,8.6,96.1,957.7
2011,5,7,1.2,3.5,8.0,-999.0,2.0,91.9,4.8,197.1,962.9
2011,5,8,0.3,5.3,11.0,-999.0,0.2,72.8,9.7,297.3,970.1
2011,5,9,-2.3,4.8,10.9,-999.0,-6.8,47.0,9.5,281.7,977.4
2011,5,10,0.2,6.0,12.0,-999.0,-7.8,38.1,10.4,112.2,980.3
2011,5,11,-1.4,7.2,15.7,-999.0,-0.4,60.8,7.1,131.7,979.9
2011,5,12,2.0,9.3,15.9,-999.0,1.7,61.7,8.3,92.2,974.6
2011,5,13,5.5,6.6,8.5,-999.0,3.4,81.3,8.8,91.7,968.7
2011,5,14,4.1,6.5,11.5,-999.0,3.3,80.7,6.9,186.4,965.9
2011,5,15,-0.3,2.9,7.3,-999.0,-7.5,48.9,14.0,331.7,968.8
2011,5,16,-1.0,4.5,10.4,-999.0,-7.2,45.2,8.5,87.8,974.9
2011,5,17,-2.9,5.8,13.6,-999.0,-2.6,60.5,8.0,196.1,979.2
2011,5,18,-0.2,10.0,20.0,-999.0,5.1,73.5,6.6,206.3,977.8
2011,5,19,7.3,14.8,22.5,-999.0,10.5,77.0,5.3,264.8,973.5
2011,5,20,8.8,16.2,24.0,-999.0,4.4,53.6,8.8,262.5,969.8
2011,5,21,5.9,10.6,16.2,-999.0,-4.8,35.3,10.0,133.8,974.1
2011,5,22,2.5,12.5,21.5,-999.0,0.4,46.2,7.8,123.8,970.3
2011,5,23,8.9,12.4,15.0,-999.0,12.0,97.8,6.0,138.3,957.7
2011,5,24,12.5,10.9,15.1,-999.0,9.2,89.4,13.9,246.7,952.3
2011,5,25,0.9,6.6,12.8,-999.0,-1.8,58.8,9.7,277.3,967.1
2011,5,26,0.4,5.7,10.6,-999.0,2.8,81.5,7.6,285.0,966.8
2011,5,27,1.5,9.3,16.2,-999.0,-0.9,51.8,7.0,164.8,973.2
2011,5,28,1.2,7.2,12.0,-999.0,5.3,87.1,13.8,102.5,971.4
2011,5,29,7.3,13.3,20.3,-999.0,10.3,84.1,9.1,225.7,963.5
2011,5,30,7.6,11.7,16.5,-999.0,5.3,68.7,12.3,298.3,970.6
2011,5,31,2.5,12.3,19.2,-999.0,1.8,52.2,6.7,200.0,974.9
2011,6,1,10.5,19.1,27.6,-999.0,8.6,58.3,11.0,192.1,955.2
2011,6,2,4.8,8.9,13.0,-999.0,5.9,77.9,12.6,285.4,956.1
2011,6,3,4.8,9.6,14.4,-999.0,-0.2,56.1,14.3,254.6,969.8
2011,6,4,3.7,11.2,18.6,-999.0,2.7,57.4,7.7,156.5,971.2
2011,6,5,5.7,10.9,16.1,-999.0,8.2,78.3,6.3,183.0,969.4
2011,6,6,3.3,12.2,21.1,-999.0,3.2,56.8,6.5,225.8,970.2
2011,6,7,10.4,12.1,16.3,-999.0,9.2,83.7,5.7,175.6,964.8
2011,6,9,10.4,12.9,18.2,-999.0,5.3,62.8,11.6,328.9,963.5
2011,6,10,3.7,10.4,17.1,-999.0,-0.5,47.1,9.0,249.6,972.6
2011,6,11,1.4,11.3,21.1,-999.0,0.8,48.8,7.5,160.4,973.6
2011,6,12,9.7,13.6,17.4,-999.0,3.7,50.0,6.8,116.7,969.0
2011,6,13,9.9,16.0,21.8,-999.0,5.8,52.5,5.9,215.7,970.6
2011,6,14,7.8,17.5,27.2,-999.0,6.4,52.0,5.8,204.3,969.2
2011,6,15,9.4,18.7,28.0,-999.0,6.2,47.7,6.7,223.2,963.6
2011,6,16,9.4,13.7,17.9,-999.0,10.9,81.5,5.3,273.0,962.0
2011,6,17,8.9,16.1,23.2,-999.0,10.2,72.4,7.5,190.8,963.3
2011,6,18,8.7,11.7,14.7,-999.0,9.2,88.1,9.3,132.5,962.5
2011,6,19,8.6,13.4,18.1,-999.0,8.0,75.5,7.3,292.1,962.3
2011,6,20,9.2,14.9,20.5,-999.0,6.9,62.3,8.4,290.0,964.8
2011,6,21,6.6,14.5,22.3,-999.0,6.6,61.3,9.4,267.5,967.0
2011,6,22,5.7,15.2,24.6,-999.0,7.6,62.8,6.7,195.8,968.4
2011,6,23,8.7,17.2,25.6,-999.0,7.5,53.1,8.5,137.9,966.6
2011,6,24,11.9,15.1,18.2,-999.0,9.8,71.5,14.0,112.5,965.6
2011,6,25,10.7,11.8,12.9,-999.0,9.8,87.6,11.5,111.3,963.7
2011,6,26,9.4,15.1,20.7,-999.0,11.7,86.2,6.9,190.8,964.0
2011,6,27,7.8,16.7,25.5,-999.0,6.6,55.5,9.5,299.6,966.9
2011,6,28,9.2,18.0,26.7,-999.0,10.6,60.3,5.5,210.0,965.5
2011,6,29,13.5,16.2,18.9,-999.0,11.7,81.3,10.9,100.8,961.3
2011,6,30,11.9,14.5,17.1,-999.0,12.6,87.2,5.5,127.9,963.1
2011,7,1,12.1,18.3,24.5,-999.0,12.7,73.7,4.8,174.3,968.3
2011,7,2,12.7,19.6,26.4,-999.0,13.4,65.4,6.7,179.2,964.8
2011,7,3,12.0,19.5,27.0,-999.0,16.1,77.0,5.0,213.0,959.7
2011,7,4,8.0,16.0,24.0,-999.0,9.2,69.6,10.0,257.8,959.4
2011,7,5,8.6,15.2,21.7,-999.0,6.9,63.8,8.2,282.9,962.1
2011,7,6,10.7,14.6,18.4,-999.0,11.1,81.0,5.2,238.8,961.5
2011,7,7,6.6,12.5,18.4,-999.0,6.7,61.3,14.7,293.3,963.6
2011,7,8,5.1,9.8,14.5,-999.0,9.9,90.1,4.3,185.9,964.0
2011,7,9,11.6,17.3,23.0,-999.0,9.1,63.3,10.5,305.8,962.3
2011,7,10,9.6,17.2,24.8,-999.0,8.1,60.7,7.4,220.4,965.6
2011,7,11,13.0,20.3,27.6,-999.0,12.9,72.0,8.5,197.3,958.5
2011,7,12,11.1,15.2,19.2,-999.0,12.9,87.5,5.8,268.7,956.2
2011,7,13,6.6,14.7,22.7,-999.0,7.9,64.3,7.0,241.3,963.8
2011,7,14,9.2,17.2,25.1,-999.0,7.6,52.8,7.2,271.3,969.8
2011,7,15,10.2,18.1,26.0,-999.0,10.5,58.5,8.1,253.3,971.9
2011,7,16,10.5,20.2,29.8,-999.0,11.1,55.9,7.5,249.6,970.2
2011,7,17,15.9,20.2,24.5,-999.0,16.7,81.3,7.6,255.7,962.7
2011,7,18,8.7,16.0,23.3,-999.0,8.5,58.0,10.1,259.6,961.8
2011,7,19,7.3,14.0,20.6,-999.0,4.0,53.8,10.6,272.6,963.8
2011,7,20,7.8,14.1,20.3,-999.0,9.3,78.9,8.0,210.5,956.7
2011,7,21,6.1,13.4,20.6,-999.0,10.2,77.3,4.6,213.9,954.8
2011,7,22,13.8,19.1,24.3,-999.0,11.1,67.6,6.7,218.7,959.8
2011,7,23,10.0,15.4,20.8,-999.0,13.2,86.8,9.3,240.0,960.8
2011,7,24,7.8,15.4,22.9,-999.0,8.0,65.7,7.1,277.9,967.8
2011,7,25,6.4,15.3,24.2,-999.0,8.1,64.3,5.3,241.7,965.3
2011,7,26,10.4,15.5,20.5,-999.0,10.2,69.6,8.9,130.8,959.9
2011,7,27,10.0,17.6,25.1,-999.0,9.6,60.8,5.7,160.4,965.5
2011,7,28,11.0,18.8,26.5,-999.0,13.2,74.8,5.5,172.5,968.2
2011,7,29,15.1,20.7,26.2,-999.0,16.1,84.6,5.8,211.7,960.9
2011,7,30,8.7,15.4,22.0,-999.0,9.6,67.9,8.4,300.8,966.0
2011,7,31,6.2,15.7,25.1,-999.0,9.0,68.7,7.1,235.0,967.6
2011,8,1,11.9,16.1,20.3,-999.0,13.8,88.5,4.8,215.8,961.5
2011,8,2,10.8,16.6,22.4,-999.0,13.0,81.7,5.3,152.9,961.8
2011,8,3,14.1,16.6,19.1,-999.0,12.9,81.7,7.7,102.2,966.6
2011,8,4,14.2,18.2,22.1,-999.0,13.9,80.6,6.3,108.3,970.8
2011,8,5,14.5,19.4,24.2,-999.0,15.1,85.4,5.1,162.5,969.6
2011,8,6,15.0,-999.0,21.5,-999.0,-999.0,-999.0,-999.0,-999.0,-999.0
2011,8,9,9.9,17.0,24.1,-999.0,9.1,57.0,8.4,160.9,960.1
2011,8,10,13.3,14.4,15.5,-999.0,11.6,85.8,14.8,106.3,957.7
2011,8,11,13.2,15.3,17.4,-999.0,13.4,92.7,10.3,99.6,957.4
2011,8,12,13.2,17.5,21.8,-999.0,13.3,84.4,5.5,177.9,963.0
2011,8,13,10.4,15.9,21.7,-999.0,12.8,82.7,4.9,220.0,966.4
2011,8,14,11.5,15.6,22.2,-999.0,8.9,68.8,5.9,293.7,967.8
2011,8,15,6.2,15.7,25.1,-999.0,8.8,66.4,5.1,227.9,965.9
2011,8,16,9.5,15.0,20.4,-999.0,8.2,62.5,12.0,320.8,965.7
2011,8,17,6.1,13.8,21.5,-999.0,7.2,65.2,6.8,245.9,968.9
2011,8,18,11.3,18.0,24.7,-999.0,11.2,68.2,6.1,232.6,961.9
2011,8,19,10.0,16.6,23.1,-999.0,12.2,78.7,6.1,273.2,962.3
2011,8,20,11.1,18.7,26.3,-999.0,13.5,79.9,5.6,178.6,963.9
2011,8,21,15.3,18.5,21.6,-999.0,14.3,83.2,4.7,183.3,963.3
2011,8,22,10.2,14.1,17.9,-999.0,12.1,89.2,13.6,187.0,951.2
2011,8,23,8.8,12.4,15.9,-999.0,6.9,74.4,7.9,270.0,962.2
2011,8,24,9.3,16.8,24.3,-999.0,12.3,79.4,7.7,141.7,961.0
2011,8,25,13.7,16.8,19.8,-999.0,15.0,90.0,5.6,178.8,956.9
2011,8,26,9.9,15.6,21.3,-999.0,10.0,74.2,9.3,247.1,966.0
2011,8,27,8.6,14.4,20.1,-999.0,10.8,81.2,7.6,206.7,963.3
2011,8,28,5.7,11.0,16.2,-999.0,6.9,74.8,6.5,204.2,965.2
2011,8,29,8.0,12.7,17.4,-999.0,8.6,79.9,14.9,310.0,958.0
2011,8,30,7.2,11.7,16.1,-999.0,9.3,90.5,4.4,197.3,966.3
2011,8,31,8.0,14.2,20.3,-999.0,9.6,80.0,7.4,284.2,974.9
2011,9,1,5.2,13.5,21.8,-999.0,8.6,77.8,4.8,240.8,976.1
2011,9,2,7.5,15.0,22.5,-999.0,12.9,84.9,5.2,173.0,967.3
2011,9,3,8.2,13.8,19.4,-999.0,10.1,73.2,9.3,303.3,964.0
2011,9,4,5.9,10.1,14.3,-999.0,9.1,90.3,6.1,158.2,962.4
2011,9,5,10.1,12.2,14.2,-999.0,11.1,92.7,5.6,249.0,963.3
2011,9,6,4.1,10.0,15.9,-999.0,6.8,77.5,9.6,275.0,973.3
2011,9,7,1.5,10.0,18.4,-999.0,6.6,79.4,4.8,198.5,976.6
2011,9,8,8.6,14.2,19.8,-999.0,6.0,61.1,9.5,268.8,969.2
2011,9,9,7.9,10.3,15.9,-999.0,4.3,68.0,9.9,294.0,962.7
2011,9,10,3.3,9.0,14.7,-999.0,1.1,63.8,8.0,299.2,968.6
2011,9,11,4.4,13.0,21.5,-999.0,7.1,65.2,9.3,212.5,962.3
2011,9,12,1.7,8.1,14.4,-999.0,5.7,71.3,11.5,294.2,963.2
2011,9,13,2.5,10.3,18.1,-999.0,7.2,83.0,10.8,196.7,957.6
2011,9,14,4.1,7.2,10.2,-999.0,3.1,75.5,6.4,219.5,964.9
2011,9,15,1.0,7.0,12.9,-999.0,3.4,78.9,6.2,204.8,964.7
2011,9,16,0.9,5.1,9.3,-999.0,1.4,76.4,14.3,274.5,966.3
2011,9,17,1.5,8.2,14.9,-999.0,2.7,72.1,9.5,299.6,978.2
2011,9,18,-0.6,8.7,17.9,-999.0,2.8,74.0,4.5,241.7,983.5
2011,9,19,0.9,9.2,17.5,-999.0,3.8,75.2,4.8,150.5,975.6
2011,9,20,5.3,9.6,13.9,-999.0,7.9,90.2,3.8,167.0,966.1
2011,9,21,7.8,13.2,18.5,-999.0,7.6,77.0,6.4,239.2,972.3
2011,9,22,10.1,14.0,17.8,-999.0,11.5,90.0,5.0,154.8,970.0
2011,9,23,5.9,12.1,18.3,-999.0,9.7,85.9,5.8,279.6,973.6
2011,9,24,4.1,13.0,21.8,-999.0,7.8,77.6,6.7,282.6,972.3
2011,9,25,9.8,16.2,22.6,-999.0,10.8,73.2,9.7,280.0,968.8
2011,9,26,5.3,13.1,20.8,-999.0,8.7,73.0,9.8,303.0,968.2
2011,9,27,1.6,9.0,16.3,-999.0,2.7,69.1,5.9,230.9,972.9
2011,9,28,0.8,11.2,21.5,-999.0,7.1,74.9,5.0,162.1,968.8
2011,9,29,13.3,14.9,16.4,-999.0,14.2,92.0,4.4,144.2,958.9
2011,9,30,2.4,8.2,13.9,-999.0,8.1,87.7,11.3,213.8,951.5
2011,10,1,-0.3,3.8,7.8,-999.0,-1.4,70.0,8.8,270.4,970.7
2011,10,2,-1.2,4.6,10.3,-999.0,0.8,75.1,6.0,156.7,975.7
2011,10,3,2.3,8.7,15.1,-999.0,2.8,68.0,7.5,297.1,974.8
2011,10,4,2.8,7.8,12.8,-999.0,0.8,63.4,6.3,196.3,975.4
2011,10,5,-0.2,4.3,8.7,-999.0,-3.6,61.1,13.5,301.3,974.4
2011,10,6,-1.2,-999.0,5.1,-999.0,-999.0,-999.0,-999.0,-999.0,-999.0
2011,10,7,-2.8,-999.0,13.4,-999.0,-999.0,-999.0,-999.0,-999.0,-999.0
2011,10,8,4.6,13.2,21.8,-999.0,9.0,67.5,6.3,239.1,971.5
2011,10,9,9.7,17.1,24.5,-999.0,10.2,57.9,11.8,250.0,969.1
2011,10,10,1.1,6.7,12.2,-999.0,0.1,58.4,13.2,267.1,973.7
2011,10,11,-1.4,5.8,13.0,-999.0,-0.6,73.4,5.3,228.2,978.1
2011,10,12,-0.4,6.0,14.9,-999.0,1.2,74.8,5.0,257.0,974.5
2011,10,13,-0.4,-999.0,13.9,-999.0,-999.0,-999.0,-999.0,-999.0,-999.0
2011,10,14,8.3,10.6,12.9,-999.0,9.0,86.8,15.9,107.7,960.8
2011,10,15,6.1,8.9,11.6,-999.0,7.8,92.0,12.6,137.9,940.1
2011,10,16,2.4,4.7,6.9,-999.0,2.9,88.3,7.8,208.7,945.3
2011,10,17,0.8,4.1,7.3,-999.0,2.2,90.1,5.2,163.9,948.8
2011,10,18,1.1,-999.0,5.0,-999.0,-999.0,-999.0,-999.0,-999.0,-999.0
2011,10,20,0.6,3.0,5.4,-999.0,1.5,86.8,13.0,90.4,963.7
2011,10,21,4.6,6.3,7.9,-999.0,5.5,93.6,8.5,170.8,954.3
2011,10,22,3.8,6.2,8.6,-999.0,4.1,91.7,5.1,238.3,963.9
2011,10,23,1.1,3.3,5.4,-999.0,0.6,82.7,6.0,286.4,969.2
2011,10,24,0.8,4.6,8.4,-999.0,0.2,79.8,7.3,116.8,967.7
2011,10,25,1.0,3.3,5.6,-999.0,1.8,89.3,9.5,199.6,958.9
2011,10,26,-0.8,1.5,3.8,-999.0,-2.3,80.3,13.4,289.6,960.3
2011,10,27,-2.8,-0.3,2.3,-999.0,-5.0,73.1,11.9,286.3,960.0
2011,10,28,-3.2,-0.7,1.9,-999.0,-4.8,75.8,12.9,291.7,965.1
2011,10,29,-2.4,0.0,2.4,-999.0,-5.0,71.3,8.2,255.0,974.3
2011,10,30,-3.7,0.2,4.0,-999.0,-5.4,65.2,8.7,332.1,971.6
2011,10,31,-4.3,-1.6,1.1,-999.0,-2.8,90.2,3.3,221.1,975.1
2011,11,1,-0.5,3.6,7.7,-999.0,0.1,85.0,4.3,167.5,974.7
2011,11,2,2.3,4.2,6.1,-999.0,2.6,88.1,3.0,180.0,969.9
2011,11,3,-0.1,2.1,4.3,-999.0,0.5,89.4,10.0,292.6,963.0
2011,11,4,-3.0,-0.6,1.9,-999.0,-3.8,78.7,8.8,281.7,970.3
2011,11,5,-3.7,-0.6,2.6,-999.0,-5.7,72.8,5.2,233.8,977.9
2011,11,6,-2.9,0.3,4.7,-999.0,-3.9,73.7,4.9,189.6,971.8
2011,11,7,-2.0,3.4,8.7,-999.0,-0.2,78.0,4.3,212.7,965.3
2011,11,8,1.7,3.5,5.2,-999.0,-2.1,64.7,6.6,267.9,969.9
2011,11,9,-0.6,1.9,4.4,-999.0,-2.0,76.0,6.0,175.0,973.7
2011,11,10,2.0,4.7,7.4,-999.0,3.1,91.6,9.9,134.1,960.9
2011,11,11,-3.2,-0.2,2.8,-999.0,-3.1,78.3,14.3,254.8,950.0
2011,11,12,-4.9,-2.6,-0.2,-999.0,-5.7,78.1,9.6,244.6,954.7
2011,11,13,-4.1,0.1,4.3,-999.0,-1.1,88.3,6.5,147.9,962.8
2011,11,14,3.9,6.2,8.5,-999.0,4.7,91.3,7.0,167.5,951.5
2011,11,15,-0.7,1.8,4.9,-999.0,0.3,90.0,4.4,237.9,953.7
2011,11,16,-1.6,2.3,6.1,-999.0,-0.2,87.1,5.3,147.9,956.9
2011,11,17,-2.4,-2.5,0.1,-999.0,-6.0,77.7,12.0,285.7,956.8
2011,11,18,-7.0,-5.9,-4.5,-999.0,-9.4,76.5,9.0,278.6,965.3
2011,11,19,-6.5,-1.9,0.2,-999.0,-3.2,91.2,4.4,156.4,964.9
2011,11,20,-11.5,-5.3,1.0,-999.0,-6.1,82.7,10.9,-999.0,961.9
2011,11,21,-18.2,-13.9,-9.5,-999.0,-17.1,74.3,7.2,269.5,977.7
2011,11,22,-18.0,-12.1,-6.2,-999.0,-14.7,81.2,3.6,215.6,977.0
2011,11,23,-12.4,-9.2,-4.1,-999.0,-11.5,83.4,3.1,116.7,971.3
2011,11,24,-10.4,-5.4,-0.4,-999.0,-6.2,90.1,4.8,152.9,962.9
2011,11,25,-0.6,1.2,3.0,-999.0,0.1,92.6,6.8,211.3,958.0
2011,11,26,-6.4,-2.7,1.0,-999.0,-6.0,74.9,8.5,201.7,972.2
2011,11,27,-8.7,-4.2,0.3,-999.0,-8.7,82.9,15.5,104.8,971.5
2011,11,28,-5.7,-2.0,1.7,-999.0,-3.5,88.7,9.4,236.7,963.1
2011,11,29,-5.9,-4.7,-3.5,-999.0,-6.1,88.9,4.6,190.0,969.9
2011,11,30,-7.1,-3.1,1.0,-999.0,-2.5,89.9,8.7,171.9,955.2
2011,12,1,-8.0,-8.0,-5.2,-999.0,-10.9,79.7,8.8,264.2,970.1
2011,12,2,-15.3,-13.6,-8.8,-999.0,-16.3,80.3,5.3,292.7,977.1
2011,12,3,-23.6,-14.4,-4.9,-999.0,-17.3,78.6,4.0,173.9,982.2
2011,12,4,-11.6,-1.5,1.0,-999.0,-2.5,92.9,7.3,150.8,970.6
2011,12,5,-2.9,-3.2,1.2,-999.0,-5.4,85.2,8.0,302.5,973.7
2011,12,6,-12.3,-11.7,-9.0,-999.0,-14.9,77.9,5.5,159.5,975.6
2011,12,7,-18.4,-9.8,-6.2,-999.0,-11.6,87.4,3.3,246.9,962.4
2011,12,8,-9.2,-8.4,-5.8,-999.0,-10.7,83.5,8.6,229.5,956.6
2011,12,9,-13.2,-10.8,-8.1,-999.0,-13.9,78.3,6.8,207.8,966.8
2011,12,10,-16.0,-16.0,-13.4,-999.0,-19.4,75.4,6.9,292.3,971.1
2011,12,11,-23.3,-16.3,-8.9,-999.0,-19.1,78.8,2.8,180.5,975.7
2011,12,12,-15.0,-4.4,-1.6,-999.0,-6.1,88.6,2.4,224.1,974.7
2011,12,13,-6.0,-6.8,-4.0,-999.0,-9.2,83.2,4.5,308.6,979.2
2011,12,14,-14.7,-11.5,-8.1,-999.0,-13.5,84.6,2.7,177.5,978.2
2011,12,15,-10.0,-3.6,0.2,-999.0,-4.9,91.2,9.0,97.9,955.4
2011,12,16,-7.1,-6.8,0.7,-999.0,-8.7,86.2,19.1,283.3,956.6
2011,12,17,-21.5,-20.3,-14.7,-999.0,-23.7,74.4,9.4,280.0,971.0
2011,12,18,-30.5,-22.0,-13.4,-999.0,-25.4,73.6,2.5,171.7,971.3
2011,12,19,-19.5,-9.5,-6.6,-999.0,-11.6,84.9,8.4,160.9,955.8
2011,12,20,-15.2,-14.7,-10.2,-999.0,-18.7,71.7,12.2,241.7,964.9
2011,12,21,-16.7,-9.0,-5.7,-999.0,-11.0,86.0,2.6,138.4,958.9
2011,12,22,-7.7,-7.5,-3.2,-999.0,-10.2,81.4,6.7,-999.0,962.3
2011,12,23,-21.4,-21.0,-16.4,-999.0,-25.0,70.3,7.3,303.8,972.7
2011,12,24,-32.7,-28.2,-20.9,-999.0,-32.5,66.9,3.9,252.1,980.8
2011,12,25,-28.8,-19.2,-11.3,-999.0,-22.3,76.1,2.6,138.1,967.1
2011,12,26,-17.5,-11.9,-7.8,-999.0,-14.6,80.3,6.9,207.8,962.1
2011,12,27,-13.4,-2.5,-0.8,-999.0,-3.9,90.0,7.0,168.8,954.9
2011,12,28,-8.6,-8.3,-1.7,-999.0,-10.8,82.0,18.2,245.4,943.6
2011,12,29,-19.7,-19.1,-16.0,-999.0,-23.4,68.8,24.0,292.1,949.8
2011,12,30,-27.2,-23.2,-18.3,-999.0,-27.3,69.8,5.3,229.5,969.6
2011,12,31,-26.9,-15.8,-10.2,-999.0,-18.7,78.4,7.0,186.3,969.3
