Year,Month,Day,WndS,WndD
2007,1,1,11.5,129.2
2007,1,2,26.1,240.8
2007,1,3,27.9,221.7
2007,1,4,29.4,225.8
2007,1,5,24.1,224.6
2007,1,6,18.6,148.3
2007,1,7,24.2,232.5
2007,1,8,23.9,84.2
2007,1,9,37.6,232.5
2007,1,10,27.6,243.3
2007,1,11,24.5,222.1
2007,1,12,24.5,215.4
2007,1,13,20.5,99.6
2007,1,14,19.7,194.2
2007,1,15,21.3,73.8
2007,1,16,22.2,89.2
2007,1,17,27.0,241.3
2007,1,18,24.0,223.3
2007,1,19,7.2,126.3
2007,1,20,32.1,260.0
2007,1,21,32.2,228.3
2007,1,22,21.9,214.2
2007,1,23,23.8,214.6
2007,1,24,17.9,202.1
2007,1,25,19.2,190.8
2007,1,26,29.0,208.8
2007,1,27,30.5,216.3
2007,1,28,16.0,212.5
2007,1,29,19.6,222.1
2007,1,30,28.5,225.0
2007,1,31,25.0,225.4
2007,2,1,10.4,205.7
2007,2,2,11.5,101.3
2007,2,3,27.1,202.1
2007,2,4,28.9,238.8
2007,2,5,34.7,255.0
2007,2,6,37.6,230.8
2007,2,7,27.0,229.2
2007,2,8,26.2,238.8
2007,2,9,34.7,238.3
2007,2,10,23.1,250.4
2007,2,11,18.8,217.9
2007,2,12,25.5,252.1
2007,2,13,32.0,217.5
2007,2,14,23.3,93.3
2007,2,15,45.0,202.5
2007,2,16,38.8,247.1
2007,2,17,31.9,228.3
2007,2,18,15.3,155.4
2007,2,19,31.0,207.9
2007,2,20,9.8,170.0
2007,2,21,19.4,244.2
2007,2,22,17.7,203.3
2007,2,23,14.7,192.1
2007,2,24,25.1,202.9
2007,2,25,18.8,214.6
2007,2,26,14.8,97.5
2007,2,27,10.3,53.3
2007,2,28,11.1,88.3
2007,3,1,15.3,175.0
2007,3,2,29.9,43.8
2007,3,3,14.4,170.4
2007,3,4,24.2,235.2
2007,3,5,24.5,243.8
2007,3,6,24.2,293.8
2007,3,7,28.8,242.1
2007,3,8,17.5,233.3
2007,3,9,36.3,214.6
2007,3,10,11.7,190.8
2007,3,11,27.5,227.5
2007,3,12,20.2,210.4
2007,3,13,16.8,67.1
2007,3,14,24.6,204.2
2007,3,15,18.4,175.8
2007,3,16,27.8,46.3
2007,3,17,45.4,45.0
2007,3,18,24.5,240.4
2007,3,19,20.6,243.8
2007,3,20,23.9,242.1
2007,3,21,19.2,215.4
2007,3,22,27.0,217.5
2007,3,23,16.6,222.5
2007,3,24,15.5,40.8
2007,3,25,12.5,80.9
2007,3,26,11.0,202.5
2007,3,27,14.5,222.5
2007,3,28,18.6,209.6
2007,3,29,16.4,125.4
2007,3,30,25.1,262.5
2007,3,31,18.2,231.7
2007,4,1,12.6,107.4
2007,4,2,21.5,27.5
2007,4,3,15.5,40.4
2007,4,4,20.9,50.0
2007,4,5,23.2,80.8
2007,4,6,39.6,232.1
2007,4,7,29.4,222.1
2007,4,8,32.0,227.5
2007,4,9,15.0,255.0
2007,4,10,12.3,263.8
2007,4,11,12.1,199.6
2007,4,12,13.5,95.2
2007,4,13,27.8,32.9
2007,4,14,7.9,166.4
2007,4,15,17.8,52.9
2007,4,16,54.8,31.3
2007,4,17,58.2,43.3
2007,4,18,45.8,50.8
2007,4,19,19.3,74.6
2007,4,20,12.5,213.3
2007,4,21,9.0,126.7
2007,4,22,18.9,201.7
2007,4,23,31.6,221.3
2007,4,24,19.3,263.5
2007,4,25,19.3,262.9
2007,4,26,22.8,220.4
2007,4,27,11.9,92.1
2007,4,28,20.3,46.7
2007,4,29,25.4,35.4
2007,4,30,17.2,52.9
2007,5,1,8.7,212.6
2007,5,2,12.5,247.1
2007,5,3,17.5,242.9
2007,5,4,14.3,175.8
2007,5,5,19.5,46.7
2007,5,6,11.8,163.8
2007,5,7,32.6,217.9
2007,5,8,30.0,215.4
2007,5,9,12.6,215.8
2007,5,10,19.2,89.2
2007,5,11,20.1,197.5
2007,5,12,14.6,58.8
2007,5,13,10.7,135.0
2007,5,14,13.0,183.8
2007,5,15,19.8,229.6
2007,5,16,36.5,41.3
2007,5,17,17.8,51.3
2007,5,18,11.2,145.7
2007,5,19,14.2,115.4
2007,5,20,51.0,45.0
2007,5,21,12.5,185.8
2007,5,22,16.7,32.1
2007,5,23,11.7,121.7
2007,5,24,27.1,223.8
2007,5,25,25.0,223.3
2007,5,26,14.9,235.8
2007,5,27,13.3,67.9
2007,5,28,21.0,198.8
2007,5,29,11.4,179.2
2007,5,30,9.7,199.2
2007,5,31,23.2,63.8
2007,6,1,11.8,188.3
2007,6,2,25.5,40.0
2007,6,3,28.3,34.6
2007,6,4,24.1,38.1
2007,6,5,16.4,146.3
2007,6,6,32.5,237.5
2007,6,7,20.6,227.9
2007,6,8,13.0,116.3
2007,6,9,9.7,105.8
2007,6,10,20.4,27.5
2007,6,11,15.0,43.8
2007,6,12,26.0,74.2
2007,6,13,25.4,32.1
2007,6,14,13.8,73.8
2007,6,15,8.4,194.2
2007,6,16,17.0,226.7
2007,6,17,18.2,170.0
2007,6,18,8.1,160.8
2007,6,19,8.5,210.4
2007,6,20,12.2,149.2
2007,6,21,13.6,187.5
2007,6,22,17.6,213.3
2007,6,23,10.7,221.3
2007,6,24,11.4,226.7
2007,6,25,21.8,220.0
2007,6,26,25.0,230.4
2007,6,27,16.7,60.8
2007,6,28,14.8,212.9
2007,6,29,23.6,253.8
2007,6,30,15.1,230.8
2007,7,1,12.5,264.6
2007,7,2,9.7,225.0
2007,7,3,15.2,220.9
2007,7,4,11.6,181.3
2007,7,5,6.6,98.3
2007,7,6,13.3,187.5
2007,7,7,18.1,216.5
2007,7,8,9.5,162.9
2007,7,9,13.7,60.0
2007,7,10,10.4,192.9
2007,7,11,15.8,100.8
2007,7,12,20.9,217.9
2007,7,13,21.0,218.3
2007,7,14,19.4,225.2
2007,7,15,11.8,177.5
2007,7,16,22.0,226.1
2007,7,17,21.3,222.9
2007,7,18,14.8,218.8
2007,7,19,17.0,56.7
2007,7,20,33.6,42.5
2007,7,21,10.9,198.2
2007,7,22,9.3,224.2
2007,7,23,11.8,217.9
2007,7,24,17.7,224.6
2007,7,25,24.9,220.8
2007,7,26,23.8,217.9
2007,7,27,18.9,214.6
2007,7,28,15.8,142.5
2007,7,29,8.2,96.5
2007,7,30,17.4,215.7
2007,7,31,14.8,149.2
2007,8,1,8.6,172.5
2007,8,2,16.6,175.0
2007,8,3,13.9,186.7
2007,8,4,11.3,150.9
2007,8,5,16.2,239.6
2007,8,6,10.6,182.9
2007,8,7,14.3,124.2
2007,8,8,22.8,63.8
2007,8,9,12.1,135.8
2007,8,10,14.0,217.5
2007,8,11,13.7,200.0
2007,8,12,17.2,215.0
2007,8,13,15.8,223.3
2007,8,14,18.3,250.8
2007,8,15,17.0,228.3
2007,8,16,15.9,237.1
2007,8,17,12.8,222.5
2007,8,18,13.4,262.1
2007,8,19,16.3,294.6
2007,8,20,10.9,205.2
2007,8,21,9.3,143.8
2007,8,22,13.1,66.3
2007,8,23,6.4,208.2
2007,8,24,5.2,123.0
2007,8,25,13.9,75.4
2007,8,26,9.6,205.4
2007,8,27,12.1,215.8
2007,8,28,19.0,217.5
2007,8,29,15.7,217.1
2007,8,30,18.6,76.7
2007,8,31,6.9,167.1
2007,9,1,13.7,74.6
2007,9,2,21.8,210.8
2007,9,3,29.7,245.8
2007,9,4,18.6,298.8
2007,9,5,11.2,207.9
2007,9,6,17.5,212.1
2007,9,7,20.7,224.3
2007,9,8,24.5,180.4
2007,9,9,20.0,41.7
2007,9,10,13.1,70.4
2007,9,11,29.0,36.7
2007,9,12,29.4,224.2
2007,9,13,19.3,244.2
2007,9,14,9.5,130.0
2007,9,15,18.5,245.8
2007,9,16,20.4,227.9
2007,9,17,20.9,222.1
2007,9,18,15.3,219.6
2007,9,19,26.2,220.0
2007,9,20,21.7,198.8
2007,9,21,8.0,172.9
2007,9,22,12.8,193.8
2007,9,23,24.2,249.2
2007,9,24,18.5,192.9
2007,9,25,19.5,199.6
2007,9,26,22.8,191.7
2007,9,27,23.0,44.2
2007,9,28,20.7,72.2
2007,9,29,16.8,248.8
2007,9,30,12.1,187.9
2007,10,1,19.4,216.3
2007,10,2,19.7,209.2
2007,10,3,8.9,207.9
2007,10,4,20.5,220.8
2007,10,5,23.1,211.7
2007,10,6,17.0,41.3
2007,10,7,11.9,94.6
2007,10,8,10.2,183.3
2007,10,9,17.4,47.5
2007,10,10,20.3,35.8
2007,10,11,29.4,34.6
2007,10,12,39.1,37.5
2007,10,13,21.8,178.8
2007,10,14,12.5,217.0
2007,10,15,19.3,264.6
2007,10,16,14.2,238.3
2007,10,17,14.1,224.8
2007,10,18,9.4,184.2
2007,10,19,21.2,34.6
2007,10,20,25.0,209.2
2007,10,21,30.7,213.3
2007,10,22,22.1,205.8
2007,10,23,19.2,216.7
2007,10,24,16.5,207.9
2007,10,25,11.5,115.8
2007,10,26,17.9,204.2
2007,10,27,13.3,141.3
2007,10,28,38.6,254.6
2007,10,29,22.4,225.4
2007,10,30,20.6,243.8
2007,10,31,8.6,188.8
2007,11,1,34.5,239.6
2007,11,2,18.9,242.5
2007,11,3,20.4,65.7
2007,11,4,20.8,223.3
2007,11,5,12.1,137.9
2007,11,6,13.3,125.8
2007,11,7,25.4,223.8
2007,11,8,14.8,273.3
2007,11,9,12.1,127.1
2007,11,10,23.1,43.8
2007,11,11,10.5,93.3
2007,11,12,11.5,178.8
2007,11,13,23.2,221.3
2007,11,14,23.7,227.5
2007,11,15,15.5,163.8
2007,11,16,21.3,223.8
2007,11,17,42.5,236.7
2007,11,18,14.5,165.0
2007,11,19,7.3,165.7
2007,11,20,9.1,176.5
2007,11,21,14.3,127.5
2007,11,22,35.0,36.7
2007,11,23,19.8,199.6
2007,11,24,24.3,244.6
2007,11,25,28.1,224.2
2007,11,26,22.4,209.6
2007,11,27,23.7,133.8
2007,11,28,20.1,217.5
2007,11,29,15.4,140.4
2007,11,30,31.8,205.4
2007,12,1,25.5,247.1
2007,12,2,21.5,183.3
2007,12,3,35.8,43.8
2007,12,4,34.8,54.6
2007,12,5,26.9,216.7
2007,12,6,33.4,223.3
2007,12,7,14.8,211.7
2007,12,8,23.6,245.4
2007,12,9,28.5,229.2
2007,12,10,28.3,217.9
2007,12,11,26.2,223.3
2007,12,12,27.7,250.4
2007,12,13,18.0,191.7
2007,12,14,20.5,148.3
2007,12,15,23.3,245.4
2007,12,16,31.5,65.0
2007,12,17,33.5,242.9
2007,12,18,32.3,209.6
2007,12,19,22.2,86.3
2007,12,20,34.9,49.6
2007,12,21,18.3,45.4
2007,12,22,13.5,184.2
2007,12,23,13.3,145.4
2007,12,24,42.6,231.7
2007,12,25,33.8,234.6
2007,12,26,22.9,215.4
2007,12,27,32.6,37.1
2007,12,28,11.7,117.4
2007,12,29,18.6,117.4
2007,12,30,28.5,227.1
2007,12,31,19.2,101.7
2008,1,1,24.5,152.5
2008,1,2,24.6,112.1
2008,1,3,27.6,190.4
2008,1,4,38.3,214.2
2008,1,5,19.9,218.8
2008,1,6,23.6,216.7
2008,1,7,24.4,212.1
2008,1,8,12.7,148.8
2008,1,9,31.4,130.8
2008,1,10,35.7,230.0
2008,1,11,22.5,65.0
2008,1,12,29.5,222.9
2008,1,13,21.6,201.7
2008,1,14,34.2,44.6
2008,1,15,17.3,72.1
2008,1,16,18.8,197.5
2008,1,17,18.2,204.2
2008,1,18,24.7,202.6
2008,1,19,26.3,242.9
2008,1,20,26.8,238.8
2008,1,21,31.5,233.8
2008,1,22,11.7,142.1
2008,1,23,26.1,200.0
2008,1,24,22.0,220.8
2008,1,25,28.0,216.3
2008,1,26,15.6,214.2
2008,1,27,12.4,78.3
2008,1,28,18.1,70.8
2008,1,29,23.4,50.8
2008,1,30,29.8,109.1
2008,1,31,40.2,231.3
2008,2,1,21.5,94.6
2008,2,2,31.9,162.5
2008,2,3,16.8,216.3
2008,2,4,11.1,192.9
2008,2,5,19.9,52.5
2008,2,6,10.0,154.6
2008,2,7,29.5,55.0
2008,2,8,17.1,136.7
2008,2,9,16.5,174.6
2008,2,10,23.0,58.8
2008,2,11,46.3,225.4
2008,2,12,31.4,209.6
2008,2,13,22.5,39.6
2008,2,14,17.8,184.2
2008,2,15,19.1,231.3
2008,2,16,27.6,231.7
2008,2,17,12.5,200.8
2008,2,18,17.7,157.9
2008,2,19,32.0,225.8
2008,2,20,31.6,246.3
2008,2,21,31.3,231.7
2008,2,22,19.7,200.8
2008,2,23,20.6,202.2
2008,2,24,32.9,223.3
2008,2,25,29.4,222.9
2008,2,26,24.6,76.3
2008,2,27,33.1,38.8
2008,2,28,15.0,140.8
2008,2,29,19.8,193.3
2008,3,1,28.6,55.0
2008,3,2,16.4,145.0
2008,3,3,13.2,179.6
2008,3,4,26.8,182.9
2008,3,5,36.1,72.1
2008,3,6,27.5,212.9
2008,3,7,10.6,181.7
2008,3,8,42.1,43.3
2008,3,9,36.5,65.2
2008,3,10,25.2,207.5
2008,3,11,32.3,222.1
2008,3,12,18.1,186.7
2008,3,13,12.6,104.3
2008,3,14,20.1,52.1
2008,3,15,27.0,39.6
2008,3,16,7.9,95.0
2008,3,17,10.8,137.0
2008,3,18,8.6,121.3
2008,3,19,19.0,31.3
2008,3,20,25.3,95.4
2008,3,21,31.9,269.2
2008,3,22,30.0,279.2
2008,3,23,31.7,257.9
2008,3,24,22.9,217.1
2008,3,25,17.7,205.4
2008,3,26,16.7,220.4
2008,3,27,18.2,217.9
2008,3,28,22.0,44.6
2008,3,29,17.5,187.5
2008,3,30,17.8,213.3
2008,3,31,8.6,219.1
2008,4,1,19.8,89.2
2008,4,2,41.8,261.7
2008,4,3,31.4,226.3
2008,4,4,17.0,188.8
2008,4,5,17.2,91.3
2008,4,6,12.5,56.1
2008,4,7,19.5,34.6
2008,4,8,11.5,104.2
2008,4,9,6.3,164.2
2008,4,10,28.5,234.6
2008,4,11,11.7,191.3
2008,4,12,37.4,35.0
2008,4,13,14.3,152.1
2008,4,14,11.5,242.1
2008,4,15,21.4,238.8
2008,4,16,30.0,215.4
2008,4,17,24.0,209.6
2008,4,18,18.4,80.0
2008,4,19,28.7,40.8
2008,4,20,26.1,36.3
2008,4,21,19.5,37.9
2008,4,22,13.3,88.8
2008,4,23,21.1,58.3
2008,4,24,8.5,158.8
2008,4,25,15.3,152.9
2008,4,26,21.0,31.7
2008,4,27,14.0,78.3
2008,4,28,21.0,48.3
2008,4,29,14.4,101.7
2008,4,30,24.0,217.5
2008,5,1,10.4,90.8
2008,5,2,14.9,144.8
2008,5,3,23.0,37.5
2008,5,4,9.4,142.9
2008,5,5,13.3,227.9
2008,5,6,8.2,198.2
2008,5,7,8.4,183.0
2008,5,8,16.3,157.9
2008,5,9,13.8,169.6
2008,5,10,29.9,40.8
2008,5,11,29.1,55.4
2008,5,12,25.5,40.8
2008,5,13,10.7,129.2
2008,5,14,9.1,132.5
2008,5,15,10.7,107.5
2008,5,16,10.5,85.8
2008,5,17,20.1,50.0
2008,5,18,17.7,213.3
2008,5,19,25.5,225.4
2008,5,20,24.5,229.2
2008,5,21,19.7,73.3
2008,5,22,18.2,111.3
2008,5,23,10.3,172.9
2008,5,24,11.5,209.6
2008,5,25,23.7,216.7
2008,5,26,22.8,223.8
2008,5,27,18.8,235.8
2008,5,28,25.5,255.4
2008,5,29,28.8,262.5
2008,5,30,17.3,234.2
2008,5,31,20.5,85.4
2008,6,1,16.0,38.3
2008,6,2,13.7,168.8
2008,6,3,14.5,206.3
2008,6,4,24.6,33.8
2008,6,5,24.4,38.3
2008,6,6,10.3,155.8
2008,6,7,14.7,192.5
2008,6,8,16.3,241.3
2008,6,9,18.8,67.1
2008,6,10,13.0,153.3
2008,6,11,21.2,242.9
2008,6,12,10.9,237.1
2008,6,13,11.7,162.1
2008,6,14,18.5,64.6
2008,6,15,19.1,31.7
2008,6,16,18.7,29.6
2008,6,17,16.1,37.9
2008,6,18,14.2,87.9
2008,6,19,15.2,45.0
2008,6,20,10.0,173.0
2008,6,21,13.7,160.8
2008,6,22,10.4,70.8
2008,6,23,7.7,204.5
2008,6,24,17.3,229.6
2008,6,25,22.4,221.7
2008,6,26,17.8,194.2
2008,6,27,25.6,34.6
2008,6,28,28.0,32.1
2008,6,29,28.0,35.8
2008,6,30,18.6,162.5
2008,7,1,16.8,249.2
2008,7,2,18.3,222.5
2008,7,3,16.2,230.4
2008,7,4,18.3,221.3
2008,7,5,17.2,215.4
2008,7,6,21.0,222.5
2008,7,7,22.5,220.4
2008,7,8,14.2,213.8
2008,7,9,17.1,193.3
2008,7,10,24.6,245.0
2008,7,11,16.5,224.2
2008,7,12,12.2,190.8
2008,7,13,14.9,169.6
2008,7,14,21.7,222.1
2008,7,15,23.0,222.5
2008,7,16,13.8,230.0
2008,7,17,16.3,230.8
2008,7,18,10.0,70.0
2008,7,19,8.4,125.4
2008,7,20,8.9,210.4
2008,7,21,24.5,37.1
2008,7,22,30.8,38.3
2008,7,23,19.3,26.3
2008,7,24,15.6,44.6
2008,7,25,14.9,229.2
2008,7,26,16.0,223.3
2008,7,27,16.9,222.5
2008,7,28,14.7,217.5
2008,7,29,14.9,237.1
2008,7,30,16.2,213.3
2008,7,31,13.3,69.6
2008,8,1,17.5,26.7
2008,8,2,23.3,45.8
2008,8,3,33.4,47.1
2008,8,4,37.9,49.6
2008,8,5,19.7,39.2
2008,8,6,17.3,54.6
2008,8,7,12.8,57.5
2008,8,8,15.6,58.3
2008,8,9,13.1,42.9
2008,8,10,15.8,33.3
2008,8,11,13.1,69.6
2008,8,12,13.7,50.8
2008,8,13,12.7,200.8
2008,8,14,13.5,102.5
2008,8,15,9.0,186.3
2008,8,16,21.1,222.1
2008,8,17,24.1,233.8
2008,8,18,20.7,225.8
2008,8,19,16.6,303.8
2008,8,20,12.2,249.2
2008,8,21,24.9,229.2
2008,8,22,21.5,217.5
2008,8,23,14.8,222.9
2008,8,24,19.5,227.5
2008,8,25,17.6,226.3
2008,8,26,9.3,212.5
2008,8,27,10.3,215.7
2008,8,28,16.8,81.3
2008,8,29,20.9,30.8
2008,8,30,14.2,190.9
2008,8,31,12.4,282.5
2008,9,1,7.8,160.9
2008,9,2,7.8,174.2
2008,9,3,7.0,163.5
2008,9,4,13.9,122.6
2008,9,5,18.3,48.8
2008,9,6,14.6,188.3
2008,9,7,19.5,128.8
2008,9,8,24.3,228.3
2008,9,9,14.7,121.3
2008,9,10,11.7,264.6
2008,9,11,19.5,212.5
2008,9,12,9.3,220.4
2008,9,13,6.0,163.8
2008,9,14,10.1,98.8
2008,9,15,14.5,225.8
2008,9,16,12.1,218.3
2008,9,17,22.3,195.4
2008,9,18,14.5,281.3
2008,9,19,18.0,217.5
2008,9,20,25.3,231.3
2008,9,21,20.0,75.0
2008,9,22,7.5,142.9
2008,9,23,21.3,213.8
2008,9,24,10.2,177.8
2008,9,25,22.0,212.1
2008,9,26,14.6,221.3
2008,9,27,13.7,60.4
2008,9,28,16.5,29.2
2008,9,29,10.6,51.3
2008,9,30,26.6,37.9
2008,10,1,25.2,34.2
2008,10,2,23.5,218.8
2008,10,3,38.3,234.6
2008,10,4,28.1,246.7
2008,10,5,14.0,221.3
2008,10,6,11.0,225.8
2008,10,7,21.0,226.7
2008,10,8,20.2,215.8
2008,10,9,14.4,215.8
2008,10,10,22.4,232.5
2008,10,11,12.7,172.5
2008,10,12,10.3,174.6
2008,10,13,11.8,29.6
2008,10,14,15.2,217.1
2008,10,15,17.2,221.7
2008,10,16,15.2,233.3
2008,10,17,14.1,267.1
2008,10,18,11.3,151.3
2008,10,19,16.3,211.7
2008,10,20,20.4,214.6
2008,10,21,32.8,87.1
2008,10,22,37.9,50.4
2008,10,23,22.2,210.0
2008,10,24,26.4,214.2
2008,10,25,12.4,145.8
2008,10,26,15.3,198.3
2008,10,27,10.8,200.0
2008,10,28,36.7,60.8
2008,10,29,35.3,197.9
2008,10,30,27.6,255.8
2008,10,31,26.6,239.6
2008,11,1,19.2,305.8
2008,11,2,18.6,261.3
2008,11,3,27.8,225.2
2008,11,4,21.8,209.2
2008,11,5,25.3,210.8
2008,11,6,15.4,225.8
2008,11,7,34.0,48.8
2008,11,8,33.7,40.4
2008,11,9,18.2,191.3
2008,11,10,21.0,222.5
2008,11,11,20.8,232.1
2008,11,12,19.9,230.8
2008,11,13,11.1,130.4
2008,11,14,11.3,31.7
2008,11,15,12.7,81.7
2008,11,16,29.1,200.8
2008,11,17,37.5,232.6
2008,11,18,18.3,47.1
2008,11,19,20.8,196.3
2008,11,20,15.2,295.4
2008,11,21,20.1,239.2
2008,11,22,24.4,213.3
2008,11,23,32.6,265.0
2008,11,24,19.5,172.5
2008,11,25,33.7,36.7
2008,11,26,25.8,60.0
2008,11,27,10.0,168.3
2008,11,28,7.7,88.7
2008,11,29,21.9,220.4
2008,11,30,15.0,175.4
2008,12,1,24.4,86.7
2008,12,2,30.8,226.7
2008,12,3,22.0,221.3
2008,12,4,20.6,232.5
2008,12,5,23.8,234.6
2008,12,6,14.5,201.3
2008,12,7,11.2,175.2
2008,12,8,25.6,232.1
2008,12,9,15.1,140.0
2008,12,10,19.9,80.4
2008,12,11,20.5,57.9
2008,12,12,25.1,120.8
2008,12,13,28.3,212.9
2008,12,14,17.4,203.8
2008,12,15,23.6,206.7
2008,12,16,31.4,241.3
2008,12,17,15.0,94.2
2008,12,18,28.2,225.4
2008,12,19,21.9,121.7
2008,12,20,24.0,70.0
2008,12,21,27.3,65.8
2008,12,22,28.9,223.3
2008,12,23,36.9,222.1
2008,12,24,11.5,153.8
2008,12,25,26.4,248.3
2008,12,26,19.1,203.8
2008,12,27,16.8,38.3
2008,12,28,17.6,211.7
2008,12,29,30.0,229.6
2008,12,30,21.0,139.6
2008,12,31,22.2,211.7
2009,1,1,25.1,202.5
2009,1,2,30.4,221.7
2009,1,3,34.1,233.3
2009,1,4,39.6,218.3
2009,1,5,38.5,226.7
2009,1,6,27.6,237.9
2009,1,7,26.2,84.2
2009,1,8,28.2,163.3
2009,1,9,34.8,212.1
2009,1,10,33.7,213.8
2009,1,11,13.7,124.6
2009,1,12,28.8,216.7
2009,1,13,9.9,207.7
2009,1,14,39.1,229.2
2009,1,15,27.3,218.8
2009,1,16,29.2,220.8
2009,1,17,16.4,177.5
2009,1,18,31.8,49.6
2009,1,19,20.3,64.2
2009,1,20,11.1,188.3
2009,1,21,34.8,223.3
2009,1,22,28.7,243.3
2009,1,23,14.9,77.9
2009,1,24,31.5,204.8
2009,1,25,25.2,233.3
2009,1,26,23.9,206.3
2009,1,27,26.7,223.3
2009,1,28,20.7,125.0
2009,1,29,29.4,206.3
2009,1,30,13.2,206.7
2009,1,31,30.0,217.1
2009,2,1,17.9,171.7
2009,2,2,25.2,219.2
2009,2,3,22.5,65.8
2009,2,4,16.0,142.9
2009,2,5,24.7,206.7
2009,2,6,36.0,216.3
2009,2,7,24.5,208.8
2009,2,8,26.0,267.9
2009,2,9,27.4,232.1
2009,2,10,15.9,135.4
2009,2,11,20.8,184.6
2009,2,12,9.8,41.3
2009,2,13,22.0,194.6
2009,2,14,19.9,229.6
2009,2,15,23.1,214.2
2009,2,16,16.4,220.0
2009,2,17,11.3,208.8
2009,2,18,15.3,95.4
2009,2,19,29.5,38.8
2009,2,20,34.9,176.7
2009,2,21,37.3,220.4
2009,2,22,24.1,93.3
2009,2,23,28.0,136.3
2009,2,24,20.5,231.3
2009,2,25,25.5,215.4
2009,2,26,16.6,203.8
2009,2,27,14.4,170.0
2009,2,28,18.7,105.0
2009,3,1,22.2,77.9
2009,3,2,31.5,32.9
2009,3,3,22.0,195.8
2009,3,4,21.9,222.9
2009,3,5,24.5,217.9
2009,3,6,12.1,87.6
2009,3,7,25.7,225.4
2009,3,8,18.8,211.3
2009,3,9,21.1,53.8
2009,3,10,12.0,190.9
2009,3,11,25.2,171.7
2009,3,12,32.8,260.8
2009,3,13,25.6,227.9
2009,3,14,28.3,221.3
2009,3,15,21.8,71.7
2009,3,16,9.6,93.8
2009,3,17,8.4,163.3
2009,3,18,23.1,212.1
2009,3,19,20.2,215.8
2009,3,20,9.9,144.6
2009,3,21,19.2,217.1
2009,3,22,19.0,197.9
2009,3,23,9.9,164.6
2009,3,24,28.3,46.7
2009,3,25,10.3,57.9
2009,3,26,14.0,65.4
2009,3,27,17.8,182.6
2009,3,28,15.2,170.4
2009,3,29,32.4,37.4
2009,3,30,42.4,31.3
2009,3,31,13.7,90.0
2009,4,1,9.5,86.7
2009,4,2,19.2,220.0
2009,4,3,23.4,63.3
2009,4,4,42.3,47.9
2009,4,5,13.2,55.4
2009,4,6,26.0,55.4
2009,4,7,33.0,93.8
2009,4,8,30.5,220.8
2009,4,9,25.1,230.8
2009,4,10,17.8,243.3
2009,4,11,15.3,148.3
2009,4,12,17.9,230.8
2009,4,13,19.0,230.0
2009,4,14,12.3,181.3
2009,4,15,9.5,140.4
2009,4,16,11.3,95.0
2009,4,17,23.0,248.3
2009,4,18,15.5,99.2
2009,4,19,15.4,98.3
2009,4,20,15.0,62.1
2009,4,21,23.4,40.8
2009,4,22,17.8,90.8
2009,4,23,17.8,235.8
2009,4,24,24.5,233.8
2009,4,25,18.0,222.9
2009,4,26,23.9,90.8
2009,4,27,12.8,58.7
2009,4,28,22.8,266.3
2009,4,29,12.9,230.8
2009,4,30,9.7,142.9
2009,5,1,20.5,214.3
2009,5,2,22.0,186.7
2009,5,3,23.1,222.9
2009,5,4,17.1,206.7
2009,5,5,19.3,37.1
2009,5,6,22.2,39.6
2009,5,7,21.8,52.9
2009,5,8,8.7,140.0
2009,5,9,12.0,147.4
2009,5,10,14.7,103.3
2009,5,11,11.7,99.6
2009,5,12,6.9,205.8
2009,5,13,17.1,226.3
2009,5,14,30.0,218.8
2009,5,15,21.0,198.8
2009,5,16,19.0,31.3
2009,5,17,29.7,200.0
2009,5,18,10.3,202.1
2009,5,19,25.7,241.3
2009,5,20,17.1,140.4
2009,5,21,29.4,220.0
2009,5,22,16.2,215.4
2009,5,23,9.9,167.5
2009,5,24,14.4,156.3
2009,5,25,17.3,305.4
2009,5,26,8.5,167.9
2009,5,27,18.7,38.8
2009,5,28,16.5,58.8
2009,5,29,6.9,161.3
2009,5,30,18.3,225.4
2009,5,31,17.3,241.3
2009,6,1,35.4,233.8
2009,6,2,24.7,229.2
2009,6,3,21.3,226.3
2009,6,4,14.9,213.8
2009,6,5,17.8,219.2
2009,6,6,15.1,207.5
2009,6,7,17.1,240.8
2009,6,8,13.4,122.5
2009,6,9,21.8,35.0
2009,6,10,13.6,33.3
2009,6,11,11.0,78.8
2009,6,12,22.2,33.3
2009,6,13,9.8,142.5
2009,6,14,12.9,85.8
2009,6,15,12.8,81.7
2009,6,16,14.8,221.7
2009,6,17,21.0,222.9
2009,6,18,21.5,222.9
2009,6,19,12.4,119.2
2009,6,20,28.2,36.3
2009,6,21,38.7,41.7
2009,6,22,32.0,45.4
2009,6,23,24.4,52.9
2009,6,24,11.5,103.8
2009,6,25,9.6,223.5
2009,6,26,9.5,110.4
2009,6,27,21.7,42.9
2009,6,28,27.1,31.7
2009,6,29,35.0,39.6
2009,6,30,28.2,35.4
2009,7,1,28.9,35.8
2009,7,2,24.3,30.4
2009,7,3,22.0,30.8
2009,7,4,15.2,98.3
2009,7,5,15.6,197.9
2009,7,6,23.3,34.2
2009,7,7,22.2,57.1
2009,7,8,12.5,72.1
2009,7,9,15.4,224.2
2009,7,10,20.5,220.0
2009,7,11,15.7,227.1
2009,7,12,24.2,223.3
2009,7,13,20.5,226.3
2009,7,14,22.4,232.5
2009,7,15,19.7,236.3
2009,7,16,10.3,152.9
2009,7,17,13.5,63.8
2009,7,18,16.0,78.3
2009,7,19,25.4,227.1
2009,7,20,16.3,220.8
2009,7,21,11.6,163.8
2009,7,22,18.5,48.8
2009,7,23,11.3,100.4
2009,7,24,14.3,60.8
2009,7,25,29.3,40.0
2009,7,26,28.6,41.3
2009,7,27,11.1,83.5
2009,7,28,21.5,216.3
2009,7,29,11.7,220.0
2009,7,30,15.4,225.4
2009,7,31,19.1,214.6
2009,8,1,18.8,215.8
2009,8,2,7.9,175.5
2009,8,3,21.8,221.3
2009,8,4,12.9,228.3
2009,8,5,25.1,236.7
2009,8,6,17.9,222.9
2009,8,7,13.3,252.1
2009,8,8,19.6,239.6
2009,8,9,14.1,161.7
2009,8,10,10.5,121.3
2009,8,11,12.4,43.0
2009,8,12,8.3,63.8
2009,8,13,13.7,208.3
2009,8,14,22.5,221.3
2009,8,15,22.1,222.9
2009,8,16,12.3,166.3
2009,8,17,16.5,179.6
2009,8,18,22.0,221.7
2009,8,19,21.7,237.9
2009,8,20,14.0,188.8
2009,8,21,14.4,63.8
2009,8,22,12.7,232.5
2009,8,23,22.5,58.8
2009,8,24,7.7,111.7
2009,8,25,18.6,214.3
2009,8,26,28.1,262.9
2009,8,27,11.8,223.8
2009,8,28,9.7,127.1
2009,8,29,21.9,54.2
2009,8,30,11.5,119.1
2009,8,31,12.8,263.3
2009,9,1,23.9,219.2
2009,9,2,28.3,219.6
2009,9,3,26.8,217.1
2009,9,4,19.8,200.4
2009,9,5,15.9,72.1
2009,9,6,9.6,172.9
2009,9,7,25.0,218.8
2009,9,8,15.3,145.4
2009,9,9,16.5,46.7
2009,9,10,10.7,183.8
2009,9,11,20.9,217.5
2009,9,12,19.3,227.9
2009,9,13,15.8,226.3
2009,9,14,19.8,257.9
2009,9,15,18.3,70.0
2009,9,16,16.7,67.9
2009,9,17,17.5,219.2
2009,9,18,23.3,257.5
2009,9,19,16.0,262.1
2009,9,20,26.9,221.7
2009,9,21,18.5,215.8
2009,9,22,20.6,219.6
2009,9,23,20.0,191.7
2009,9,24,11.3,143.8
2009,9,25,21.8,59.6
2009,9,26,19.0,213.3
2009,9,27,14.0,150.4
2009,9,28,17.9,87.1
2009,9,29,7.9,182.5
2009,9,30,25.3,217.5
2009,10,1,26.3,212.1
2009,10,2,19.5,222.1
2009,10,3,17.8,60.0
2009,10,4,22.2,36.7
2009,10,5,10.1,148.3
2009,10,6,23.1,225.0
2009,10,7,24.5,67.1
2009,10,8,14.6,185.8
2009,10,9,15.3,216.7
2009,10,10,17.9,184.2
2009,10,11,30.3,230.0
2009,10,12,23.5,250.0
2009,10,13,10.4,206.3
2009,10,14,13.9,285.8
2009,10,15,10.7,187.9
2009,10,16,24.1,48.8
2009,10,17,18.4,47.1
2009,10,18,16.5,48.3
2009,10,19,14.0,153.8
2009,10,20,19.6,197.5
2009,10,21,15.5,132.5
2009,10,22,22.0,52.5
2009,10,23,11.8,95.4
2009,10,24,18.0,38.8
2009,10,25,28.5,224.6
2009,10,26,15.1,239.6
2009,10,27,19.4,40.4
2009,10,28,29.4,38.8
2009,10,29,9.7,51.8
2009,10,30,7.3,201.7
2009,10,31,25.3,233.8
2009,11,1,24.5,243.8
2009,11,2,14.3,45.8
2009,11,3,10.4,156.3
2009,11,4,22.5,264.2
2009,11,5,15.3,69.2
2009,11,6,14.4,132.9
2009,11,7,11.9,199.6
2009,11,8,26.4,217.9
2009,11,9,21.5,210.0
2009,11,10,20.8,246.7
2009,11,11,16.4,192.9
2009,11,12,24.2,220.0
2009,11,13,6.4,154.8
2009,11,14,7.0,128.3
2009,11,15,17.4,169.6
2009,11,16,27.3,257.1
2009,11,17,12.5,147.1
2009,11,18,33.6,219.6
2009,11,19,23.4,224.2
2009,11,20,16.3,148.8
2009,11,21,30.5,228.3
2009,11,22,7.1,145.8
2009,11,23,10.5,200.4
2009,11,24,10.6,135.0
2009,11,25,25.4,42.5
2009,11,26,11.6,99.2
2009,11,27,35.5,41.7
2009,11,28,26.5,198.8
2009,11,29,27.3,251.7
2009,11,30,12.8,104.2
2009,12,1,21.5,241.3
2009,12,2,18.2,188.8
2009,12,3,34.3,37.5
2009,12,4,22.0,196.7
2009,12,5,14.6,182.5
2009,12,6,19.6,178.7
2009,12,7,19.9,236.3
2009,12,8,13.3,183.8
2009,12,9,24.8,85.0
2009,12,10,31.1,175.0
2009,12,11,45.7,243.8
2009,12,12,33.8,245.4
2009,12,13,17.8,216.3
2009,12,14,19.6,207.5
2009,12,15,28.5,77.1
2009,12,16,27.0,246.7
2009,12,17,34.3,246.7
2009,12,18,34.6,232.1
2009,12,19,25.9,205.4
2009,12,20,15.1,205.4
2009,12,21,27.5,208.3
2009,12,22,31.6,215.0
2009,12,23,21.2,205.8
2009,12,24,17.7,173.8
2009,12,25,19.9,66.3
2009,12,26,20.8,54.2
2009,12,27,17.7,50.8
2009,12,28,19.8,211.7
2009,12,29,19.5,269.6
2009,12,30,33.9,230.4
2009,12,31,15.2,112.1
2010,1,1,24.3,42.1
2010,1,2,32.8,38.3
2010,1,3,54.4,32.5
2010,1,4,19.2,194.6
2010,1,5,29.5,212.1
2010,1,6,28.8,222.9
2010,1,7,21.3,230.0
2010,1,8,19.8,193.8
2010,1,9,19.1,147.5
2010,1,10,32.6,213.8
2010,1,11,22.5,210.0
2010,1,12,14.2,199.2
2010,1,13,29.3,210.4
2010,1,14,23.2,225.0
2010,1,15,25.4,227.1
2010,1,16,31.2,218.3
2010,1,17,21.8,60.8
2010,1,18,21.5,35.4
2010,1,19,10.5,41.3
2010,1,20,15.1,63.8
2010,1,21,27.7,217.5
2010,1,22,15.0,133.3
2010,1,23,18.0,202.1
2010,1,24,16.8,122.5
2010,1,25,14.5,72.9
2010,1,26,29.3,222.1
2010,1,27,25.9,222.5
2010,1,28,15.1,162.5
2010,1,29,39.5,215.8
2010,1,30,40.7,212.1
2010,1,31,29.9,216.3
2010,2,1,28.3,253.8
2010,2,2,21.7,219.2
2010,2,3,22.0,215.8
2010,2,4,25.3,237.9
2010,2,5,16.0,278.3
2010,2,6,15.0,191.3
2010,2,7,21.0,203.3
2010,2,8,32.4,210.8
2010,2,9,32.3,209.6
2010,2,10,20.4,102.5
2010,2,11,16.4,110.8
2010,2,12,30.4,215.4
2010,2,13,33.9,206.3
2010,2,14,34.7,212.9
2010,2,15,38.9,212.1
2010,2,16,15.3,216.3
2010,2,17,17.0,219.6
2010,2,18,28.5,220.0
2010,2,19,37.2,218.3
2010,2,20,26.9,221.7
2010,2,21,23.3,217.1
2010,2,22,22.5,72.1
2010,2,23,13.1,58.3
2010,2,24,22.9,56.7
2010,2,25,47.0,35.8
2010,2,26,61.0,36.7
2010,2,27,44.0,37.1
2010,2,28,38.5,36.3
2010,3,1,39.8,47.1
2010,3,2,24.8,45.0
2010,3,3,23.6,58.8
2010,3,4,39.9,48.8
2010,3,5,25.5,97.1
2010,3,6,20.5,218.8
2010,3,7,27.0,218.3
2010,3,8,21.8,234.6
2010,3,9,12.3,195.0
2010,3,10,15.3,205.4
2010,3,11,12.1,65.4
2010,3,12,15.2,50.0
2010,3,13,20.2,42.9
2010,3,14,29.8,38.3
2010,3,15,27.9,37.5
2010,3,16,11.8,166.7
2010,3,17,24.0,216.3
2010,3,18,16.9,222.5
2010,3,19,12.3,79.6
2010,3,20,15.5,184.3
2010,3,21,13.3,122.1
2010,3,22,19.0,187.1
2010,3,23,49.2,34.6
2010,3,24,24.6,119.2
2010,3,25,20.3,209.6
2010,3,26,14.8,102.5
2010,3,27,13.8,150.4
2010,3,28,12.8,107.5
2010,3,29,14.9,83.3
2010,3,30,30.3,86.7
2010,3,31,47.6,47.9
2010,4,1,14.9,101.3
2010,4,2,9.0,78.7
2010,4,3,12.4,195.8
2010,4,4,25.1,217.1
2010,4,5,17.6,215.4
2010,4,6,20.1,226.7
2010,4,7,10.6,116.3
2010,4,8,24.9,30.0
2010,4,9,16.0,120.4
2010,4,10,29.0,244.6
2010,4,11,28.6,259.2
2010,4,12,11.8,192.5
2010,4,13,8.6,132.9
2010,4,14,16.3,195.4
2010,4,15,22.7,36.7
2010,4,16,20.0,42.1
2010,4,17,24.7,88.8
2010,4,18,27.2,49.2
2010,4,19,15.5,118.3
2010,4,20,14.9,143.3
2010,4,21,12.0,102.5
2010,4,22,19.8,49.2
2010,4,23,10.2,118.8
2010,4,24,13.3,210.0
2010,4,25,11.4,132.5
2010,4,26,36.3,50.4
2010,4,27,35.5,40.4
2010,4,28,24.0,134.2
2010,4,29,19.8,266.3
2010,4,30,15.4,244.2
2010,5,1,12.2,237.9
2010,5,2,17.3,198.3
2010,5,3,14.3,180.0
2010,5,4,16.8,218.8
2010,5,5,11.6,105.0
2010,5,6,15.2,150.0
2010,5,7,25.2,262.9
2010,5,8,19.9,49.6
2010,5,9,14.0,211.3
2010,5,10,15.2,267.1
2010,5,11,13.3,132.9
2010,5,12,17.9,55.0
2010,5,13,12.8,181.7
2010,5,14,13.2,97.9
2010,5,15,22.5,83.5
2010,5,16,12.0,195.4
2010,5,17,8.8,187.9
2010,5,18,19.2,218.3
2010,5,19,16.5,219.6
2010,5,20,21.7,229.2
2010,5,21,10.8,169.6
2010,5,22,14.8,222.1
2010,5,23,22.0,226.7
2010,5,24,25.6,221.7
2010,5,25,17.3,177.1
2010,5,26,18.8,61.3
2010,5,27,18.3,56.3
2010,5,28,15.6,117.8
2010,5,29,12.1,173.8
2010,5,30,20.1,290.8
2010,5,31,12.7,192.1
2010,6,1,13.5,38.3
2010,6,2,13.4,183.3
2010,6,3,18.5,56.7
2010,6,4,16.9,235.2
2010,6,5,30.8,52.9
2010,6,6,19.2,70.8
2010,6,7,10.3,170.8
2010,6,8,10.3,157.1
2010,6,9,12.7,115.0
2010,6,10,17.5,95.8
2010,6,11,24.0,223.8
2010,6,12,9.4,167.0
2010,6,13,7.0,127.8
2010,6,14,16.0,247.1
2010,6,15,11.3,175.2
2010,6,16,14.0,222.9
2010,6,17,14.4,141.7
2010,6,18,25.0,224.2
2010,6,19,22.3,225.0
2010,6,20,15.1,209.6
2010,6,21,14.0,183.8
2010,6,22,10.3,165.4
2010,6,23,8.0,146.7
2010,6,24,11.2,191.7
2010,6,25,16.7,223.8
2010,6,26,17.2,181.3
2010,6,27,17.3,146.7
2010,6,28,32.2,35.0
2010,6,29,12.8,71.3
2010,6,30,22.2,210.8
2010,7,1,19.6,233.8
2010,7,2,15.1,221.7
2010,7,3,26.4,224.2
2010,7,4,22.8,214.6
2010,7,5,11.5,213.3
2010,7,6,8.8,97.1
2010,7,7,18.9,212.5
2010,7,8,10.0,120.0
2010,7,9,13.4,197.1
2010,7,10,16.9,220.0
2010,7,11,8.7,129.2
2010,7,12,10.2,183.8
2010,7,13,8.7,172.1
2010,7,14,11.2,112.5
2010,7,15,10.0,150.8
2010,7,16,17.7,200.8
2010,7,17,23.8,230.8
2010,7,18,25.9,228.3
2010,7,19,18.6,213.8
2010,7,20,18.5,216.7
2010,7,21,14.7,220.0
2010,7,22,8.8,187.8
2010,7,23,10.9,185.0
2010,7,24,12.2,87.4
2010,7,25,15.8,206.7
2010,7,26,26.6,286.3
2010,7,27,17.3,235.8
2010,7,28,27.1,222.9
2010,7,29,20.0,267.9
2010,7,30,11.9,202.1
2010,7,31,8.7,191.3
2010,8,1,9.7,210.4
2010,8,2,7.8,200.8
2010,8,3,17.3,221.7
2010,8,4,17.1,221.7
2010,8,5,18.5,230.0
2010,8,6,23.8,249.2
2010,8,7,20.9,245.0
2010,8,8,21.3,224.2
2010,8,9,21.8,218.3
2010,8,10,18.5,217.9
2010,8,11,13.3,81.7
2010,8,12,11.4,85.8
2010,8,13,8.7,95.8
2010,8,14,10.4,202.5
2010,8,15,12.4,225.8
2010,8,16,9.5,202.9
2010,8,17,19.8,214.6
2010,8,18,16.6,220.4
2010,8,19,17.9,218.3
2010,8,20,12.6,215.4
2010,8,21,20.0,220.0
2010,8,22,23.0,70.0
2010,8,23,25.7,51.7
2010,8,24,12.1,118.3
2010,8,25,8.1,65.0
2010,8,26,14.9,192.1
2010,8,27,18.0,190.0
2010,8,28,23.8,218.3
2010,8,29,29.0,224.2
2010,8,30,26.2,219.2
2010,8,31,24.7,222.9
2010,9,1,25.8,217.1
2010,9,2,15.3,190.8
2010,9,3,19.7,34.2
2010,9,4,24.1,130.4
2010,9,5,37.2,224.2
2010,9,6,29.7,223.8
2010,9,7,13.7,125.0
2010,9,8,25.1,45.4
2010,9,9,36.2,43.3
2010,9,10,18.1,78.3
2010,9,11,14.0,104.6
2010,9,12,16.4,37.5
2010,9,13,7.0,137.5
2010,9,14,13.5,217.0
2010,9,15,15.0,249.6
2010,9,16,19.3,214.6
2010,9,17,12.8,124.2
2010,9,18,18.4,218.8
2010,9,19,13.5,151.3
2010,9,20,14.7,254.2
2010,9,21,15.2,216.3
2010,9,22,24.6,236.7
2010,9,23,17.5,254.6
2010,9,24,22.8,53.3
2010,9,25,31.0,44.2
2010,9,26,27.8,34.2
2010,9,27,8.5,66.7
2010,9,28,15.0,51.3
2010,9,29,21.1,192.5
2010,9,30,15.2,131.3
2010,10,1,11.5,221.7
2010,10,2,18.0,231.3
2010,10,3,12.1,139.6
2010,10,4,11.0,74.3
2010,10,5,9.9,183.3
2010,10,6,23.4,36.3
2010,10,7,20.3,152.9
2010,10,8,24.5,267.1
2010,10,9,23.3,292.9
2010,10,10,29.8,239.2
2010,10,11,19.9,255.0
2010,10,12,16.2,238.8
2010,10,13,10.7,196.7
2010,10,14,11.6,105.4
2010,10,15,47.4,31.7
2010,10,16,25.7,94.6
2010,10,17,23.5,236.7
2010,10,18,31.6,262.1
2010,10,19,24.5,225.4
2010,10,20,20.1,221.3
2010,10,21,13.5,180.0
2010,10,22,31.3,242.9
2010,10,23,23.0,263.8
2010,10,24,13.3,213.3
2010,10,25,20.8,34.6
2010,10,26,30.2,39.6
2010,10,27,16.5,127.5
2010,10,28,19.4,220.0
2010,10,29,22.2,229.2
2010,10,30,21.2,259.6
2010,10,31,8.9,137.1
2010,11,1,12.3,122.1
2010,11,2,8.8,175.0
2010,11,3,21.5,207.1
2010,11,4,10.5,104.2
2010,11,5,33.8,78.3
2010,11,6,18.9,204.6
2010,11,7,14.1,161.7
2010,11,8,39.1,40.8
2010,11,9,37.8,51.3
2010,11,10,37.8,47.9
2010,11,11,17.1,64.2
2010,11,12,15.3,204.6
2010,11,13,19.8,172.1
2010,11,14,22.9,35.8
2010,11,15,10.0,157.0
2010,11,16,11.8,188.8
2010,11,17,24.8,46.7
2010,11,18,27.2,261.3
2010,11,19,18.5,300.0
2010,11,20,20.5,242.5
2010,11,21,19.0,206.7
2010,11,22,15.6,43.8
2010,11,23,18.5,58.3
2010,11,24,24.3,288.8
2010,11,25,22.4,215.4
2010,11,26,21.7,131.7
2010,11,27,19.4,223.8
2010,11,28,34.3,217.9
2010,11,29,20.9,210.0
2010,11,30,16.1,78.3
2010,12,1,21.3,25.4
2010,12,2,24.3,152.5
2010,12,3,13.1,207.5
2010,12,4,23.5,112.1
2010,12,5,32.3,191.7
2010,12,6,25.2,198.3
2010,12,7,42.0,190.8
2010,12,8,40.1,220.0
2010,12,9,25.6,236.7
2010,12,10,16.7,177.9
2010,12,11,15.4,200.0
2010,12,12,27.6,49.6
2010,12,13,19.5,111.7
2010,12,14,15.6,222.1
2010,12,15,35.3,209.2
2010,12,16,21.9,209.6
2010,12,17,27.1,211.7
2010,12,18,20.9,213.3
2010,12,19,18.8,212.9
2010,12,20,10.0,195.9
2010,12,21,32.7,88.8
2010,12,22,28.5,22.1
2010,12,23,25.2,60.0
2010,12,24,22.3,215.4
2010,12,25,14.5,210.4
2010,12,26,17.9,103.8
2010,12,27,38.4,55.0
2010,12,28,17.9,212.5
2010,12,29,26.3,207.5
2010,12,30,33.8,217.9
2010,12,31,32.8,212.5
2011,1,1,18.6,135.8
2011,1,2,20.3,167.9
2011,1,3,23.2,248.3
2011,1,4,24.5,239.2
2011,1,5,34.9,218.8
2011,1,6,26.8,212.9
2011,1,7,18.2,71.7
2011,1,8,27.3,41.7
2011,1,9,15.5,85.7
2011,1,10,27.6,198.3
2011,1,11,17.3,193.8
2011,1,12,37.0,38.8
2011,1,13,23.5,99.2
2011,1,14,28.0,212.5
2011,1,15,15.0,185.4
2011,1,16,16.8,168.8
2011,1,17,29.3,195.4
2011,1,18,6.5,133.9
2011,1,19,34.1,41.7
2011,1,20,18.2,150.0
2011,1,21,16.7,127.5
2011,1,22,34.0,215.0
2011,1,23,19.3,230.4
2011,1,24,32.3,225.0
2011,1,25,21.1,213.3
2011,1,26,14.5,188.3
2011,1,27,19.9,100.4
2011,1,28,20.9,210.0
2011,1,29,22.6,59.2
2011,1,30,15.3,111.3
2011,1,31,32.3,197.5
2011,2,1,28.4,210.8
2011,2,2,24.6,81.3
2011,2,3,28.9,170.8
2011,2,4,31.9,220.4
2011,2,5,18.9,192.5
2011,2,6,17.8,158.3
2011,2,7,16.3,75.8
2011,2,8,24.1,85.0
2011,2,9,28.5,222.5
2011,2,10,20.2,212.5
2011,2,11,28.6,212.9
2011,2,12,18.8,242.5
2011,2,13,16.8,184.2
2011,2,14,37.1,32.9
2011,2,15,22.3,197.9
2011,2,16,26.6,207.5
2011,2,17,26.5,207.1
2011,2,18,11.7,106.3
2011,2,19,12.0,211.3
2011,2,20,26.3,213.8
2011,2,21,18.1,174.2
2011,2,22,19.3,190.4
2011,2,23,17.4,212.5
2011,2,24,20.1,211.7
2011,2,25,22.5,153.3
2011,2,26,26.1,252.1
2011,2,27,15.0,77.9
2011,2,28,19.2,44.6
2011,4,1,26.5,33.8
2011,4,2,17.8,199.2
2011,4,3,15.3,218.8
2011,4,4,10.3,127.8
2011,4,5,24.5,180.8
2011,4,6,25.9,263.3
2011,4,7,12.9,189.2
2011,4,8,6.5,143.2
2011,4,9,12.5,176.3
2011,4,10,10.3,217.1
2011,4,11,14.5,203.3
2011,4,12,17.8,197.1
2011,4,13,14.5,46.3
2011,4,14,17.7,213.8
2011,4,15,13.1,93.3
2011,4,16,16.2,72.5
2011,4,17,23.1,104.2
2011,4,18,36.4,227.9
2011,4,19,21.7,224.2
2011,4,20,30.9,42.5
2011,4,21,11.7,159.6
2011,4,22,17.2,219.1
2011,4,23,11.0,192.9
2011,4,24,22.5,229.2
2011,4,25,13.8,214.6
2011,4,26,22.7,73.8
2011,4,27,34.8,34.2
2011,4,28,26.1,80.8
2011,4,29,26.8,214.2
2011,4,30,14.0,72.9
2011,5,1,16.9,44.2
2011,5,2,17.8,66.7
2011,5,3,20.5,139.2
2011,5,4,26.1,42.9
2011,5,5,39.1,56.7
2011,5,6,20.4,212.9
2011,5,7,9.2,140.4
2011,5,8,7.8,189.1
2011,5,9,29.3,57.5
2011,5,10,43.4,46.3
2011,5,11,35.1,52.9
2011,5,12,27.6,35.4
2011,5,13,31.6,43.3
2011,5,14,29.6,36.7
2011,5,15,21.8,35.4
2011,5,16,36.7,39.2
2011,5,17,32.2,41.7
2011,5,18,21.5,40.4
2011,5,19,9.0,108.3
2011,5,20,7.2,172.5
2011,5,21,40.5,45.8
2011,5,22,18.1,50.0
2011,5,23,10.9,175.0
2011,5,24,19.3,213.8
2011,5,25,14.3,131.7
2011,5,26,23.9,39.6
2011,5,27,29.4,46.3
2011,5,28,29.5,41.3
2011,5,29,14.9,189.6
2011,5,30,11.8,194.2
2011,5,31,10.8,69.2
2011,6,1,21.1,195.8
2011,6,2,21.3,250.4
2011,6,3,18.7,167.5
2011,6,4,10.9,115.4
2011,6,5,14.3,48.8
2011,6,6,14.2,77.5
2011,6,7,12.3,102.1
2011,6,8,13.0,59.6
2011,6,9,17.7,167.1
2011,6,10,18.5,106.3
2011,6,11,17.7,46.7
2011,6,12,13.6,99.2
2011,6,13,28.5,42.9
2011,6,14,11.5,153.3
2011,6,15,9.8,230.0
2011,6,16,17.3,192.1
2011,6,17,19.5,35.8
2011,6,18,19.7,31.3
2011,6,19,9.6,208.3
2011,6,20,13.6,198.3
2011,6,21,17.1,119.2
2011,6,22,15.1,41.7
2011,6,23,21.0,32.5
2011,6,24,11.1,80.0
2011,6,25,13.6,50.8
2011,6,26,11.7,84.6
2011,6,27,15.9,231.7
2011,6,28,12.4,167.5
2011,6,29,12.3,54.3
2011,6,30,13.0,106.7
2011,7,1,8.9,152.9
2011,7,2,17.8,218.3
2011,7,3,18.3,225.4
2011,7,4,19.9,220.4
2011,7,5,16.3,197.5
2011,7,6,19.4,187.9
2011,7,7,16.9,238.3
2011,7,8,15.3,232.9
2011,7,9,9.8,192.9
2011,7,10,18.4,228.8
2011,7,11,21.8,221.3
2011,7,12,19.3,202.1
2011,7,13,16.6,75.0
2011,7,14,9.6,162.5
2011,7,15,9.2,231.7
2011,7,16,17.2,224.6
2011,7,17,23.5,222.9
2011,7,18,18.0,186.7
2011,7,19,7.7,149.6
2011,7,20,22.6,215.8
2011,7,21,17.0,158.3
2011,7,22,8.8,58.8
2011,7,23,17.3,235.0
2011,7,24,12.0,165.8
2011,7,25,11.0,202.9
2011,7,26,13.3,83.9
2011,7,27,16.4,72.5
2011,7,28,12.4,225.8
2011,7,29,17.0,222.9
2011,7,30,9.6,118.8
2011,7,31,16.0,211.7
2011,8,1,16.5,180.4
2011,8,2,17.6,36.7
2011,8,3,32.0,47.5
2011,8,4,23.2,36.3
2011,8,5,10.3,177.9
2011,8,6,16.6,198.3
2011,8,7,19.2,53.8
2011,8,8,20.4,42.5
2011,8,9,17.8,40.0
2011,8,10,13.2,89.6
2011,8,11,16.5,203.3
2011,8,12,24.2,226.3
2011,8,13,17.3,227.5
2011,8,14,12.8,162.9
2011,8,15,8.2,103.3
2011,8,16,9.9,176.3
2011,8,17,19.3,207.9
2011,8,18,20.2,222.9
2011,8,19,16.8,225.0
2011,8,20,17.6,223.3
2011,8,21,12.1,171.7
2011,8,22,23.8,241.3
2011,8,23,17.1,242.5
2011,8,24,19.7,219.2
2011,8,25,15.3,226.7
2011,8,26,16.5,218.8
2011,8,27,18.1,223.8
2011,8,28,40.5,39.2
2011,8,29,20.7,210.8
2011,8,30,20.9,225.0
2011,8,31,10.9,163.3
2011,9,1,12.6,72.9
2011,9,2,8.9,178.3
2011,9,3,17.1,176.7
2011,9,4,12.2,81.3
2011,9,5,14.2,45.0
2011,9,6,14.1,107.1
2011,9,7,8.4,133.9
2011,9,8,18.9,224.6
2011,9,9,22.5,243.3
2011,9,10,11.2,113.8
2011,9,11,23.3,222.5
2011,9,12,23.8,200.8
2011,9,13,13.0,144.6
2011,9,14,15.0,158.8
2011,9,15,12.3,182.1
2011,9,16,24.8,263.3
2011,9,17,23.5,230.4
2011,9,18,10.4,198.3
2011,9,19,7.3,194.2
2011,9,20,16.6,220.8
2011,9,21,17.4,218.8
2011,9,22,8.1,215.8
2011,9,23,10.6,171.7
2011,9,24,15.4,102.1
2011,9,25,23.3,217.5
2011,9,26,16.1,229.2
2011,9,27,19.8,70.0
2011,9,28,11.9,141.7
2011,9,29,10.4,125.4
2011,9,30,27.9,210.4
2011,10,1,31.1,52.1
2011,10,2,43.2,43.8
2011,10,3,26.4,50.0
2011,10,4,36.8,50.4
2011,10,5,25.7,184.2
2011,10,6,19.2,178.3
2011,10,7,22.2,205.8
2011,10,8,34.8,220.4
2011,10,9,35.5,219.2
2011,10,10,14.9,194.2
2011,10,11,15.0,57.1
2011,10,12,13.1,41.3
2011,10,13,11.7,91.3
2011,10,14,29.1,36.7
2011,10,15,28.8,177.5
2011,10,16,33.3,226.3
2011,10,17,25.0,225.0
2011,10,18,27.4,227.9
2011,10,19,20.0,127.1
2011,10,20,46.4,38.3
2011,10,21,23.3,212.9
2011,10,22,21.9,220.4
2011,10,23,18.3,222.9
2011,10,24,10.5,123.8
2011,10,25,18.5,234.6
2011,10,26,21.4,269.6
2011,10,27,14.0,239.6
2011,10,28,20.8,285.0
2011,10,29,15.5,157.9
2011,10,30,18.8,119.6
2011,10,31,18.0,206.3
2011,11,1,15.2,215.4
2011,11,2,21.0,221.7
2011,11,3,19.1,213.3
2011,11,4,12.2,210.0
2011,11,5,16.8,154.6
2011,11,6,31.6,210.4
2011,11,7,27.9,216.3
2011,11,8,24.3,211.3
2011,11,9,23.5,37.9
2011,11,10,15.7,107.4
2011,11,11,19.4,247.5
2011,11,12,28.6,240.8
2011,11,13,10.0,147.8
2011,11,14,11.5,222.1
2011,11,15,19.8,206.3
2011,11,16,14.6,229.6
2011,11,17,19.2,238.8
2011,11,18,18.4,217.1
2011,11,19,20.3,228.8
2011,11,20,22.3,265.0
2011,11,21,13.7,126.3
2011,11,22,20.1,213.3
2011,11,23,17.5,77.9
2011,11,24,23.9,207.1
2011,11,25,31.1,226.7
2011,11,26,19.2,113.3
2011,11,27,23.2,38.3
2011,11,28,20.0,232.5
2011,11,29,19.4,76.7
2011,11,30,33.4,133.3
2011,12,1,14.2,151.3
2011,12,2,13.8,104.2
2011,12,3,17.0,168.8
2011,12,4,20.4,219.2
2011,12,5,15.8,216.7
2011,12,6,30.5,49.2
2011,12,7,18.6,50.0
2011,12,8,22.3,205.4
2011,12,9,26.0,226.3
2011,12,10,21.5,243.3
2011,12,11,20.8,232.9
2011,12,12,27.9,223.8
2011,12,13,19.9,176.3
2011,12,14,10.3,130.0
2011,12,15,8.6,120.8
2011,12,16,22.5,258.3
2011,12,17,16.8,99.2
2011,12,18,16.7,177.5
2011,12,19,20.3,228.8
2011,12,20,25.2,265.0
2011,12,21,15.9,197.1
2011,12,22,18.7,183.8
2011,12,23,30.1,62.9
2011,12,24,15.6,149.2
2011,12,25,8.3,168.3
2011,12,26,27.5,214.2
2011,12,27,22.6,203.8
2011,12,28,29.5,161.7
2011,12,29,50.1,230.0
2011,12,30,26.0,177.8
2011,12,31,28.0,42.9
