Year,Month,Day,Tmin,Tair,Tmax,Prcp,WndS,WndD
2007,1,1,-11.5,-5.6,0.3,-999.0,9.2,104.6
2007,1,2,-9.4,-4.5,0.5,-999.0,20.0,272.5
2007,1,3,-9.9,-6.9,-3.8,-999.0,9.5,255.4
2007,1,4,-3.8,0.5,4.7,-999.0,8.2,243.8
2007,1,5,0.4,1.3,2.2,-999.0,4.8,210.8
2007,1,6,0.5,2.1,3.6,-999.0,7.3,133.8
2007,1,7,-3.4,0.2,3.7,-999.0,22.8,290.4
2007,1,8,-5.5,-3.3,-1.0,-999.0,14.8,158.3
2007,1,9,-4.3,-0.8,2.7,-999.0,19.3,231.7
2007,1,10,-8.3,-6.2,-4.1,-999.0,11.6,310.8
2007,1,11,-10.9,-8.9,-6.8,-999.0,17.3,280.0
2007,1,12,-10.2,-8.0,-5.8,-999.0,8.7,55.4
2007,1,13,-17.5,-12.4,-7.3,-999.0,18.9,325.8
2007,1,14,-18.0,-13.1,-8.2,-999.0,13.7,256.3
2007,1,15,-18.1,-16.6,-15.1,-999.0,11.5,243.8
2007,1,16,-23.7,-19.8,-15.8,-999.0,20.9,336.3
2007,1,17,-25.1,-22.1,-19.0,-999.0,24.0,296.7
2007,1,18,-20.4,-14.9,-9.4,-999.0,7.6,204.6
2007,1,19,-9.4,-6.5,-3.6,-999.0,10.8,234.6
2007,1,20,-13.5,-8.5,-3.5,-999.0,32.1,331.7
2007,1,21,-18.3,-15.7,-13.1,-999.0,28.3,305.0
2007,1,22,-19.2,-16.0,-12.7,-999.0,19.8,296.7
2007,1,23,-17.7,-12.3,-6.9,-999.0,7.3,142.9
2007,1,24,-7.3,-5.2,-3.1,-999.0,11.7,106.3
2007,1,25,-19.7,-13.2,-6.7,-999.0,18.8,265.0
2007,1,26,-21.4,-18.2,-14.9,-999.0,15.0,295.4
2007,1,27,-19.0,-15.6,-12.2,-999.0,20.3,310.0
2007,1,28,-16.8,-13.7,-10.6,-999.0,17.0,286.7
2007,1,29,-20.3,-17.0,-13.7,-999.0,16.3,306.3
2007,1,30,-23.1,-19.5,-15.8,-999.0,18.5,304.6
2007,1,31,-23.2,-19.5,-15.8,-999.0,11.3,273.3
2007,2,1,-22.4,-18.1,-13.8,-999.0,8.8,191.7
2007,2,2,-14.4,-9.4,-4.4,-999.0,7.6,164.6
2007,2,3,-14.4,-8.1,-1.8,-999.0,13.8,262.9
2007,2,4,-22.9,-18.4,-13.9,-999.0,25.5,272.5
2007,2,5,-24.4,-21.1,-17.8,-999.0,21.8,262.9
2007,2,6,-17.9,-15.4,-12.9,-999.0,20.9,271.3
2007,2,7,-21.7,-17.9,-14.1,-999.0,12.9,277.5
2007,2,8,-20.0,-16.9,-13.7,-999.0,15.8,267.1
2007,2,9,-15.2,-13.6,-11.9,-999.0,12.8,249.2
2007,2,10,-15.2,-12.3,-9.3,-999.0,9.5,287.9
2007,2,11,-16.4,-13.1,-9.8,-999.0,15.4,282.1
2007,2,12,-17.2,-12.7,-8.2,-999.0,21.7,293.3
2007,2,13,-13.3,-8.1,-2.9,-999.0,16.8,290.8
2007,2,14,-9.6,-7.0,-4.3,-999.0,14.9,150.4
2007,2,15,-5.4,-3.4,-1.4,-999.0,28.7,107.5
2007,2,16,-10.0,-6.7,-3.4,-999.0,20.0,289.2
2007,2,17,-12.1,-8.2,-4.3,-999.0,16.3,295.8
2007,2,18,-10.4,-7.6,-4.8,-999.0,13.4,277.9
2007,2,19,-14.3,-10.1,-5.9,-999.0,16.6,309.2
2007,2,20,-17.5,-13.4,-9.2,-999.0,15.9,294.6
2007,2,21,-15.0,-11.4,-7.7,-999.0,12.4,306.7
2007,2,22,-13.4,-10.4,-7.3,-999.0,16.9,316.7
2007,2,23,-14.2,-6.0,2.2,-999.0,15.8,299.6
2007,2,24,-7.2,-3.3,0.7,-999.0,29.5,345.4
2007,2,25,-7.7,-5.1,-2.4,-999.0,21.2,330.0
2007,2,26,-8.5,-4.2,0.2,-999.0,12.1,262.2
2007,2,27,-8.1,-5.9,-3.6,-999.0,7.5,147.9
2007,2,28,-9.3,-6.7,-4.1,-999.0,13.9,210.0
2007,3,1,-11.1,-7.0,-2.8,-999.0,12.5,258.3
2007,3,2,-9.2,-5.9,-2.5,-999.0,12.2,162.9
2007,3,3,-4.1,-3.2,-2.2,-999.0,15.8,145.4
2007,3,4,-7.8,-3.9,0.1,-999.0,8.2,289.5
2007,3,5,-6.3,-3.4,-0.5,-999.0,9.0,280.4
2007,3,6,-21.1,-13.2,-5.3,-999.0,27.9,327.9
2007,3,7,-24.5,-21.1,-17.6,-999.0,25.8,302.1
2007,3,8,-27.5,-21.1,-14.7,-999.0,21.1,298.3
2007,3,9,-18.4,-12.5,-6.6,-999.0,18.9,299.2
2007,3,10,-13.3,-7.5,-1.7,-999.0,8.0,163.3
2007,3,11,-5.9,-0.9,4.2,-999.0,9.7,226.3
2007,3,12,-10.6,-6.6,-2.6,-999.0,16.4,286.3
2007,3,13,-13.3,-7.6,-1.8,-999.0,10.8,192.5
2007,3,14,-2.1,-1.1,0.0,-999.0,6.6,120.4
2007,3,15,-14.1,-4.8,4.6,-999.0,15.0,280.8
2007,3,16,-17.1,-12.0,-6.8,-999.0,13.2,260.0
2007,3,17,-10.3,-4.9,0.6,-999.0,24.5,54.6
2007,3,18,-5.7,-2.3,1.1,-999.0,17.3,145.0
2007,3,19,-10.0,-7.1,-4.2,-999.0,20.2,266.3
2007,3,20,-14.2,-7.9,-1.5,-999.0,21.3,216.7
2007,3,21,-17.1,-9.4,-1.6,-999.0,15.9,260.8
2007,3,22,-2.8,1.8,6.3,-999.0,11.3,179.6
2007,3,23,-11.0,-2.7,5.6,-999.0,18.8,278.3
2007,3,24,-13.8,-9.6,-5.3,-999.0,10.2,262.5
2007,3,25,-13.8,-7.6,-1.4,-999.0,7.5,236.7
2007,3,26,-8.8,-4.0,0.8,-999.0,7.5,195.0
2007,3,27,-2.3,0.6,3.5,-999.0,4.5,153.9
2007,3,28,-3.8,-0.4,3.1,-999.0,34.1,334.6
2007,3,29,-4.2,0.5,5.1,-999.0,26.0,337.1
2007,3,30,-6.9,-0.9,5.1,-999.0,20.4,302.1
2007,3,31,-9.1,-4.9,-0.7,-999.0,18.2,309.2
2007,4,1,-8.9,-4.2,0.6,-999.0,12.2,237.9
2007,4,2,-7.9,-5.0,-2.0,-999.0,10.3,71.7
2007,4,3,-5.2,-3.2,-1.1,-999.0,16.2,80.8
2007,4,4,-5.1,-2.5,0.2,-999.0,9.9,72.5
2007,4,5,-1.6,-0.4,0.8,-999.0,22.7,72.9
2007,4,6,-0.9,-0.1,0.7,-999.0,24.3,63.8
2007,4,7,-1.1,-0.3,0.5,-999.0,9.7,111.3
2007,4,8,-1.3,0.4,2.1,-999.0,23.9,305.4
2007,4,9,-5.3,-1.6,2.2,-999.0,25.2,335.8
2007,4,10,-7.8,-2.6,2.7,-999.0,15.4,315.4
2007,4,11,-5.7,0.4,6.5,-999.0,14.5,283.8
2007,4,12,-1.6,2.3,6.1,-999.0,10.8,236.1
2007,4,13,-1.2,1.5,4.1,-999.0,8.7,145.4
2007,4,14,-1.9,2.5,6.8,-999.0,6.6,206.7
2007,4,15,-3.2,0.4,3.9,-999.0,7.6,149.6
2007,4,16,-0.1,1.7,3.5,-999.0,13.9,67.9
2007,4,17,-0.4,1.7,3.7,-999.0,10.0,82.1
2007,4,18,-2.0,2.8,7.5,-999.0,8.7,180.9
2007,4,19,2.5,7.6,12.6,-999.0,7.5,225.8
2007,4,20,3.0,9.8,16.5,-999.0,11.4,301.3
2007,4,21,1.0,5.4,9.8,-999.0,8.6,231.7
2007,4,22,-0.4,2.1,4.5,-999.0,6.8,141.7
2007,4,23,1.7,6.5,11.2,-999.0,8.0,176.7
2007,4,24,-0.6,3.1,6.8,-999.0,24.2,289.6
2007,4,25,-2.4,2.1,6.5,-999.0,17.9,287.1
2007,4,26,0.0,3.4,6.8,-999.0,16.3,285.8
2007,4,27,-0.5,3.2,6.8,-999.0,6.4,114.2
2007,4,28,1.5,3.7,5.8,-999.0,6.5,156.7
2007,4,29,1.6,4.0,6.3,-999.0,6.7,200.8
2007,4,30,1.1,2.5,3.9,-999.0,16.0,74.2
2007,5,1,1.8,6.8,11.7,0.0,8.7,229.6
2007,5,2,4.5,8.6,12.6,0.0,13.4,290.8
2007,5,3,3.9,6.5,9.0,0.0,18.7,325.4
2007,5,4,4.8,7.7,10.5,0.0,21.7,318.3
2007,5,5,1.9,4.9,7.8,0.0,17.0,293.3
2007,5,6,0.6,7.7,14.7,-999.0,11.5,275.5
2007,5,7,5.3,8.9,12.4,0.0,10.5,202.1
2007,5,8,4.7,10.2,15.7,6.0,15.0,217.1
2007,5,9,8.4,13.5,18.6,4.0,19.0,269.6
2007,5,10,5.4,9.6,13.8,0.2,10.6,225.8
2007,5,11,4.9,8.3,11.6,1.6,13.1,181.3
2007,5,12,2.7,6.2,9.6,0.0,15.1,279.6
2007,5,13,1.6,4.7,7.8,0.0,12.8,257.5
2007,5,14,1.4,4.2,7.0,0.0,12.5,211.7
2007,5,15,2.0,7.7,13.3,0.0,13.7,245.4
2007,5,16,0.1,4.9,9.6,0.0,15.0,251.7
2007,5,17,0.5,3.5,6.5,0.0,8.7,127.9
2007,5,18,-1.2,2.8,6.7,0.0,8.0,147.5
2007,5,19,1.9,5.4,8.8,0.0,9.5,86.3
2007,5,20,1.8,5.8,9.7,5.8,13.1,125.4
2007,5,21,1.7,5.0,8.3,1.0,20.5,210.0
2007,5,22,1.4,3.9,6.3,0.0,13.7,165.4
2007,5,23,0.5,4.1,7.7,0.0,7.9,172.2
2007,5,24,5.3,9.8,14.3,0.2,7.3,106.3
2007,5,25,7.0,9.9,12.8,0.0,8.0,108.3
2007,5,26,6.0,13.1,20.1,0.0,17.3,241.7
2007,5,27,4.7,8.1,11.5,0.0,13.5,239.2
2007,5,28,4.2,5.5,6.8,5.4,16.0,69.6
2007,5,29,4.7,8.5,12.3,0.0,7.6,196.7
2007,5,30,4.1,8.2,12.3,2.8,10.5,193.3
2007,5,31,3.2,5.9,8.5,0.0,9.5,238.3
2007,6,1,3.8,11.0,18.1,2.2,12.4,209.6
2007,6,2,4.7,8.8,12.9,0.0,11.5,250.8
2007,6,3,2.7,6.8,10.8,0.0,9.1,107.1
2007,6,4,5.8,7.9,10.0,-999.0,17.8,74.3
2007,6,5,5.4,7.2,9.0,34.2,19.9,79.2
2007,6,6,6.8,10.1,13.4,4.2,10.4,130.8
2007,6,7,6.9,11.6,16.3,0.0,12.8,292.5
2007,6,8,8.8,13.2,17.5,0.0,10.3,188.3
2007,6,9,7.8,10.3,12.7,3.0,9.0,104.2
2007,6,10,7.9,11.4,14.8,0.0,7.1,147.9
2007,6,11,10.1,15.9,21.7,0.0,6.3,214.6
2007,6,12,8.7,12.2,15.7,0.0,9.3,109.6
2007,6,13,7.6,11.4,15.2,0.0,7.8,100.8
2007,6,14,9.6,12.9,16.2,0.0,7.5,117.1
2007,6,15,10.1,17.4,24.6,0.0,6.0,137.5
2007,6,16,12.5,15.4,18.3,0.0,9.1,87.5
2007,6,17,11.8,14.3,16.8,7.0,12.2,209.6
2007,6,18,11.5,17.4,23.2,0.0,13.6,274.2
2007,6,19,10.2,13.1,16.0,0.0,8.2,110.4
2007,6,20,10.8,11.9,12.9,10.6,12.0,98.3
2007,6,21,9.5,11.4,13.2,36.2,6.5,200.4
2007,6,22,9.9,11.2,12.5,5.0,7.0,95.8
2007,6,23,10.3,12.1,13.8,14.6,4.8,166.3
2007,6,24,10.4,15.0,19.5,1.2,8.5,254.3
2007,6,25,12.1,16.1,20.0,0.0,11.1,228.8
2007,6,26,12.4,14.3,16.1,2.0,8.5,113.8
2007,6,27,11.5,16.2,20.9,0.0,13.0,240.8
2007,6,28,10.5,11.8,13.1,9.8,8.3,100.4
2007,6,29,11.0,14.7,18.4,0.0,14.3,280.4
2007,6,30,11.3,15.2,19.1,1.8,11.9,252.9
2007,7,1,11.6,14.1,16.6,1.0,9.5,210.8
2007,7,2,10.2,13.3,16.3,1.0,9.3,235.4
2007,7,3,9.7,15.7,21.7,0.4,9.3,226.3
2007,7,4,10.7,16.4,22.0,0.0,8.3,200.0
2007,7,5,12.1,14.4,16.6,2.4,8.2,99.6
2007,7,6,11.5,13.6,15.6,1.0,7.2,116.5
2007,7,7,12.5,17.3,22.1,0.4,7.2,230.5
2007,7,8,11.3,15.4,19.5,3.6,8.1,185.4
2007,7,9,10.2,13.5,16.7,3.0,7.3,85.0
2007,7,10,11.6,13.4,15.1,5.8,9.0,87.9
2007,7,11,11.4,12.5,13.5,2.2,16.2,73.8
2007,7,12,13.3,19.0,24.6,19.4,11.1,167.9
2007,7,13,12.3,17.4,22.4,0.0,10.8,195.0
2007,7,14,11.7,16.8,21.9,0.0,9.3,172.2
2007,7,15,13.2,14.4,15.5,9.4,8.2,82.1
2007,7,16,13.1,17.2,21.2,0.4,14.3,202.9
2007,7,17,12.9,17.1,21.3,0.0,16.4,220.4
2007,7,18,12.5,17.1,21.7,1.2,11.1,167.1
2007,7,19,12.5,16.6,20.6,0.4,5.0,208.7
2007,7,20,12.7,16.5,20.3,3.8,5.8,149.2
2007,7,21,14.4,18.4,22.4,4.0,8.9,268.3
2007,7,22,13.7,19.3,24.8,0.0,13.6,267.1
2007,7,23,14.3,20.1,25.9,0.0,14.0,200.4
2007,7,24,14.3,20.6,26.9,0.0,11.1,208.3
2007,7,25,16.6,22.6,28.6,0.0,10.9,220.8
2007,7,26,16.6,24.0,31.4,0.0,12.0,223.3
2007,7,27,17.7,24.6,31.5,0.0,16.6,224.2
2007,7,28,15.1,20.4,25.6,0.0,8.7,271.3
2007,7,29,13.6,19.2,24.8,0.0,9.3,228.3
2007,7,30,13.2,15.6,17.9,0.0,6.8,159.6
2007,7,31,14.5,19.1,23.7,0.0,8.3,209.1
2007,8,1,11.9,17.2,22.4,0.0,10.3,254.6
2007,8,2,11.2,13.4,15.5,2.6,9.9,84.1
2007,8,3,13.8,15.0,16.2,0.8,12.4,95.0
2007,8,4,14.9,18.8,22.7,0.4,10.1,251.7
2007,8,5,13.9,17.4,20.8,0.2,12.1,279.2
2007,8,6,13.2,15.8,18.3,2.0,7.5,124.6
2007,8,7,14.3,17.7,21.1,2.8,12.3,262.6
2007,8,8,11.5,13.1,14.7,32.0,13.7,119.6
2007,8,9,11.8,16.7,21.6,0.0,15.2,322.1
2007,8,10,14.5,21.1,27.7,0.0,12.7,250.8
2007,8,11,14.6,19.5,24.4,0.0,7.2,261.7
2007,8,12,12.2,16.3,20.3,0.8,9.9,219.2
2007,8,13,12.3,16.2,20.0,1.2,13.0,218.3
2007,8,14,11.3,15.2,19.1,0.0,10.6,192.5
2007,8,15,10.2,11.6,12.9,5.2,6.5,107.9
2007,8,16,11.0,14.8,18.6,2.4,10.8,191.7
2007,8,17,10.8,15.1,19.4,0.0,17.6,219.2
2007,8,18,9.9,13.7,17.5,2.4,9.5,198.8
2007,8,19,11.3,13.9,16.4,0.6,16.6,305.4
2007,8,20,10.6,14.6,18.6,0.0,9.9,267.9
2007,8,21,10.8,15.0,19.2,0.0,10.5,281.3
2007,8,22,9.0,13.7,18.4,0.0,9.6,217.9
2007,8,23,8.0,10.7,13.4,0.0,5.5,138.0
2007,8,24,11.0,12.1,13.1,6.6,9.1,92.2
2007,8,25,12.7,16.8,20.8,2.2,7.1,225.0
2007,8,26,12.7,15.7,18.6,7.6,9.1,206.7
2007,8,27,11.2,15.8,20.4,0.0,11.4,247.1
2007,8,28,10.6,15.1,19.5,0.0,4.8,196.5
2007,8,29,11.8,13.9,16.0,2.0,6.2,142.1
2007,8,30,9.4,13.4,17.3,0.2,10.0,214.2
2007,8,31,8.8,11.3,13.8,0.0,5.2,146.8
2007,9,1,11.0,14.5,17.9,0.2,14.0,315.4
2007,9,2,9.3,12.7,16.1,1.6,13.3,237.1
2007,9,3,11.9,17.1,22.3,0.6,21.3,235.8
2007,9,4,9.3,11.7,14.0,1.4,20.0,286.7
2007,9,5,6.3,10.2,14.1,0.0,12.9,323.3
2007,9,6,4.2,7.6,11.0,9.4,6.9,156.3
2007,9,7,8.5,12.8,17.0,1.2,5.4,187.5
2007,9,8,11.0,18.2,25.4,0.0,13.2,200.0
2007,9,9,6.0,10.4,14.7,0.0,10.5,273.8
2007,9,10,6.1,8.4,10.7,0.0,6.5,154.3
2007,9,11,6.6,9.4,12.1,19.6,10.7,143.3
2007,9,12,9.2,12.8,16.4,26.8,25.0,177.9
2007,9,13,6.2,9.3,12.3,0.0,24.2,278.3
2007,9,14,6.5,8.7,10.9,0.0,9.5,153.3
2007,9,15,7.2,8.8,10.3,31.4,12.4,150.8
2007,9,16,7.3,10.5,13.6,0.0,20.3,240.8
2007,9,17,4.9,11.1,17.2,0.0,12.5,239.6
2007,9,18,7.1,12.4,17.7,0.0,6.8,167.1
2007,9,19,8.8,11.4,13.9,0.2,5.4,157.0
2007,9,20,8.1,14.8,21.4,0.0,14.0,215.0
2007,9,21,8.4,11.4,14.4,0.0,8.0,182.9
2007,9,22,8.4,11.8,15.2,8.4,9.6,97.9
2007,9,23,7.3,11.4,15.4,0.6,26.4,255.4
2007,9,24,6.2,8.9,11.6,0.0,22.3,313.3
2007,9,25,3.7,5.1,6.4,9.6,6.6,163.3
2007,9,26,4.3,7.2,10.0,10.6,6.4,200.0
2007,9,27,6.4,9.2,11.9,1.2,8.3,194.2
2007,9,28,7.1,8.5,9.9,8.4,9.8,235.0
2007,9,29,5.3,8.7,12.1,0.2,19.5,306.7
2007,9,30,3.0,7.9,12.8,0.0,11.1,257.1
2007,10,1,1.8,5.7,9.6,0.0,6.0,158.3
2007,10,2,6.5,13.5,20.5,-999.0,6.5,199.5
2007,10,3,6.8,9.1,11.4,0.4,5.0,84.6
2007,10,4,8.1,13.3,18.4,0.2,17.1,244.6
2007,10,5,8.1,14.3,20.5,0.0,15.0,264.2
2007,10,6,5.4,8.1,10.7,0.0,19.8,301.3
2007,10,7,5.1,7.2,9.3,0.0,19.3,325.0
2007,10,8,4.6,8.7,12.8,0.0,10.3,251.3
2007,10,9,4.9,9.7,14.5,0.0,6.7,246.7
2007,10,10,5.4,6.5,7.6,1.0,4.7,151.7
2007,10,11,5.0,6.1,7.2,0.0,5.0,168.7
2007,10,12,4.8,6.8,8.7,2.8,15.6,69.2
2007,10,13,4.0,4.7,5.4,16.8,15.4,63.8
2007,10,14,4.1,4.9,5.6,11.8,6.8,134.2
2007,10,15,3.7,5.1,6.5,0.2,9.0,277.1
2007,10,16,4.3,8.7,13.0,0.0,14.3,299.1
2007,10,17,4.5,7.6,10.7,0.0,13.3,283.8
2007,10,18,6.0,9.3,12.5,0.0,12.0,280.8
2007,10,19,1.5,3.9,6.2,7.6,11.9,79.2
2007,10,20,5.8,10.2,14.5,25.8,14.1,140.4
2007,10,21,7.2,11.3,15.3,0.0,17.5,256.7
2007,10,22,5.9,9.1,12.3,0.0,6.3,190.0
2007,10,23,4.9,6.8,8.6,8.8,7.0,227.5
2007,10,24,2.4,5.9,9.4,0.0,10.9,275.0
2007,10,25,2.4,5.4,8.4,0.6,11.5,279.6
2007,10,26,4.0,8.7,13.3,0.0,19.0,229.2
2007,10,27,2.8,5.2,7.5,14.0,7.7,156.7
2007,10,28,1.9,6.9,11.9,0.4,21.7,230.4
2007,10,29,-0.4,1.4,3.1,0.0,16.8,274.6
2007,10,30,-1.1,1.4,3.8,0.0,12.0,179.2
2007,10,31,-1.1,2.1,5.2,0.0,10.2,160.8
2007,11,1,4.6,8.6,12.5,-999.0,14.5,187.5
2007,11,2,-1.5,2.3,6.1,-999.0,16.6,273.3
2007,11,3,-1.2,1.9,4.9,-999.0,10.1,66.3
2007,11,4,0.5,2.3,4.0,-999.0,24.0,280.4
2007,11,5,-1.9,1.0,3.8,-999.0,7.7,207.9
2007,11,6,-2.7,0.9,4.4,-999.0,15.5,101.3
2007,11,7,2.4,4.2,6.0,-999.0,17.5,187.5
2007,11,8,-0.3,1.9,4.1,-999.0,10.9,299.6
2007,11,9,-3.0,-1.2,0.6,-999.0,11.7,347.1
2007,11,10,-6.1,-3.6,-1.1,-999.0,16.3,237.1
2007,11,11,-5.9,-2.7,0.6,-999.0,17.7,330.0
2007,11,12,-4.5,-2.0,0.6,-999.0,14.2,301.3
2007,11,13,-4.4,-2.8,-1.1,-999.0,8.7,93.8
2007,11,14,-3.5,0.7,4.8,-999.0,7.8,140.0
2007,11,15,1.3,4.5,7.6,-999.0,6.9,202.5
2007,11,16,1.3,4.7,8.1,-999.0,12.6,199.6
2007,11,17,-1.3,1.5,4.2,-999.0,24.1,221.7
2007,11,18,-6.7,-3.9,-1.1,-999.0,17.4,282.5
2007,11,19,-4.8,-2.3,0.3,-999.0,9.7,223.8
2007,11,20,-1.3,-0.2,0.9,-999.0,8.6,147.1
2007,11,21,-4.6,-2.2,0.3,-999.0,7.4,277.9
2007,11,22,-4.9,-3.4,-1.8,-999.0,11.8,114.2
2007,11,23,-9.4,-6.7,-3.9,-999.0,27.7,292.5
2007,11,24,-12.5,-9.1,-5.6,-999.0,19.5,305.0
2007,11,25,-12.4,-7.1,-1.7,-999.0,9.8,157.9
2007,11,26,-4.0,-2.1,-0.2,-999.0,8.4,210.8
2007,11,27,-4.6,-3.1,-1.5,-999.0,11.3,113.3
2007,11,28,-10.2,-6.8,-3.3,-999.0,18.6,297.9
2007,11,29,-10.4,-5.7,-0.9,-999.0,12.2,147.1
2007,11,30,-11.0,-6.4,-1.7,-999.0,19.3,261.3
2007,12,1,-12.3,-9.4,-6.5,-999.0,23.2,300.8
2007,12,2,-8.3,-5.3,-2.3,-999.0,21.2,321.3
2007,12,3,-4.9,-1.4,2.1,-999.0,14.9,110.0
2007,12,4,-9.0,-5.2,-1.3,-999.0,19.8,90.4
2007,12,5,-10.6,-7.9,-5.1,-999.0,7.2,175.4
2007,12,6,-13.6,-9.5,-5.3,-999.0,15.3,270.0
2007,12,7,-15.0,-10.0,-4.9,-999.0,9.4,231.3
2007,12,8,-13.1,-7.6,-2.0,-999.0,12.3,230.8
2007,12,9,-16.3,-14.4,-12.5,-999.0,21.0,272.1
2007,12,10,-17.5,-14.2,-10.9,-999.0,13.3,262.9
2007,12,11,-15.2,-13.2,-11.2,-999.0,12.2,230.4
2007,12,12,-12.7,-9.5,-6.3,-999.0,17.9,155.4
2007,12,13,-16.5,-14.2,-11.8,-999.0,18.7,305.0
2007,12,14,-17.1,-14.1,-11.0,-999.0,13.5,84.6
2007,12,15,-17.8,-14.3,-10.7,-999.0,20.5,314.2
2007,12,16,-19.0,-15.1,-11.1,-999.0,14.7,131.3
2007,12,17,-11.5,-9.8,-8.1,-999.0,29.8,245.8
2007,12,18,-15.5,-11.5,-7.5,-999.0,22.4,305.4
2007,12,19,-18.1,-15.2,-12.2,-999.0,11.3,289.2
2007,12,20,-16.7,-14.2,-11.6,-999.0,9.9,255.8
2007,12,21,-18.0,-13.8,-9.6,-999.0,6.8,274.2
2007,12,22,-15.9,-10.8,-5.7,-999.0,5.4,280.4
2007,12,23,-5.7,-2.7,0.4,-999.0,7.8,190.4
2007,12,24,-1.0,0.6,2.2,-999.0,20.3,161.3
2007,12,25,-6.2,-2.7,0.8,-999.0,18.1,270.8
2007,12,26,-10.7,-5.3,0.1,-999.0,18.4,290.0
2007,12,27,-12.9,-11.3,-9.7,-999.0,14.6,72.5
2007,12,28,-9.7,-7.1,-4.4,-999.0,12.1,191.7
2007,12,29,-12.9,-9.5,-6.0,-999.0,18.8,76.7
2007,12,30,-6.7,-5.2,-3.6,-999.0,10.3,185.4
2007,12,31,-8.0,-6.7,-5.3,-999.0,8.8,251.7
2008,1,1,-13.9,-10.6,-7.3,-999.0,10.9,287.5
2008,1,2,-18.8,-16.1,-13.4,-999.0,21.2,339.6
2008,1,3,-19.3,-17.0,-14.6,-999.0,16.2,306.3
2008,1,4,-18.9,-10.9,-2.8,-999.0,14.2,270.4
2008,1,5,-12.8,-10.2,-7.6,-999.0,11.8,220.0
2008,1,6,-9.5,-7.0,-4.4,-999.0,9.3,60.4
2008,1,7,-4.5,-2.4,-0.2,-999.0,6.4,154.6
2008,1,8,-3.3,-0.1,3.1,-999.0,5.7,257.9
2008,1,9,-1.5,0.7,2.9,-999.0,11.0,89.5
2008,1,10,-8.4,-2.5,3.5,-999.0,24.5,252.9
2008,1,11,-9.9,-6.3,-2.6,-999.0,14.1,177.5
2008,1,12,-6.0,-2.4,1.2,-999.0,14.5,151.7
2008,1,13,-11.3,-8.7,-6.0,-999.0,19.7,282.1
2008,1,14,-12.3,-10.4,-8.4,-999.0,15.7,268.8
2008,1,15,-9.3,-6.4,-3.4,-999.0,18.4,350.8
2008,1,16,-13.6,-9.7,-5.7,-999.0,13.9,302.9
2008,1,17,-16.0,-11.7,-7.4,-999.0,6.5,277.1
2008,1,18,-7.4,-3.7,0.1,-999.0,12.8,162.5
2008,1,19,-17.4,-8.7,0.0,-999.0,18.7,257.5
2008,1,20,-25.2,-20.7,-16.1,-999.0,18.2,301.7
2008,1,21,-27.2,-25.0,-22.7,-999.0,19.5,272.1
2008,1,22,-26.8,-21.4,-15.9,-999.0,11.8,160.8
2008,1,23,-19.2,-15.3,-11.4,-999.0,8.0,234.2
2008,1,24,-22.6,-18.5,-14.3,-999.0,15.1,281.3
2008,1,25,-25.7,-21.2,-16.7,-999.0,9.5,293.3
2008,1,26,-24.0,-19.0,-13.9,-999.0,11.3,290.0
2008,1,27,-21.3,-17.0,-12.7,-999.0,6.0,244.6
2008,1,28,-14.3,-11.2,-8.0,-999.0,6.5,185.8
2008,1,29,-15.8,-8.3,-0.7,-999.0,6.0,240.9
2008,1,30,-2.0,-0.7,0.7,-999.0,13.5,97.9
2008,1,31,-15.2,-7.0,1.2,-999.0,25.6,253.3
2008,2,1,-18.4,-14.8,-11.1,-999.0,11.0,191.7
2008,2,2,-12.6,-9.9,-7.1,-999.0,16.4,163.8
2008,2,3,-14.3,-10.2,-6.1,-999.0,6.4,276.7
2008,2,4,-14.7,-9.4,-4.0,-999.0,9.2,278.3
2008,2,5,-17.9,-11.7,-5.4,-999.0,8.6,171.7
2008,2,6,-14.0,-9.3,-4.5,-999.0,8.5,219.6
2008,2,7,-17.2,-12.8,-8.4,-999.0,10.4,297.9
2008,2,8,-18.3,-13.3,-8.2,-999.0,6.3,216.7
2008,2,9,-17.9,-11.5,-5.0,-999.0,6.2,278.8
2008,2,10,-13.4,-9.9,-6.4,-999.0,22.5,62.5
2008,2,11,-9.4,-7.6,-5.8,-999.0,17.3,287.5
2008,2,12,-14.4,-9.7,-4.9,-999.0,14.7,315.0
2008,2,13,-15.1,-10.4,-5.7,-999.0,14.3,136.7
2008,2,14,-13.6,-7.9,-2.1,-999.0,13.4,257.1
2008,2,15,-19.9,-14.5,-9.0,-999.0,10.6,225.2
2008,2,16,-24.7,-21.1,-17.5,-999.0,16.1,286.3
2008,2,17,-26.5,-18.5,-10.5,-999.0,9.1,163.8
2008,2,18,-10.5,-4.8,0.9,-999.0,12.1,74.6
2008,2,19,-11.2,-3.6,4.0,-999.0,19.1,242.9
2008,2,20,-17.1,-14.0,-10.8,-999.0,15.6,272.1
2008,2,21,-20.4,-16.4,-12.4,-999.0,16.5,278.8
2008,2,22,-24.1,-14.3,-4.4,-999.0,10.3,259.6
2008,2,23,-19.0,-11.0,-3.0,-999.0,12.3,253.3
2008,2,24,-13.9,-6.9,0.2,-999.0,16.5,244.2
2008,2,25,-11.6,-6.7,-1.8,-999.0,10.6,266.7
2008,2,26,-15.9,-11.4,-6.8,-999.0,9.9,280.0
2008,2,27,-15.6,-11.2,-6.8,-999.0,12.7,337.9
2008,2,28,-20.2,-16.4,-12.6,-999.0,17.0,318.3
2008,2,29,-21.4,-15.6,-9.8,-999.0,11.6,260.0
2008,3,1,-20.6,-13.9,-7.1,-999.0,11.5,170.8
2008,3,2,-11.7,-7.2,-2.6,-999.0,20.3,300.4
2008,3,3,-15.8,-10.2,-4.6,-999.0,11.2,205.4
2008,3,4,-18.3,-10.1,-1.8,-999.0,16.5,272.9
2008,3,5,-22.2,-15.8,-9.4,-999.0,14.6,142.1
2008,3,6,-10.5,-5.8,-1.1,-999.0,14.3,241.7
2008,3,7,-11.6,-5.9,-0.1,-999.0,5.3,143.9
2008,3,8,-13.7,-7.9,-2.0,-999.0,18.0,206.7
2008,3,9,-15.5,-12.5,-9.4,-999.0,20.3,190.8
2008,3,10,-17.1,-10.1,-3.0,-999.0,13.8,250.8
2008,3,11,-18.1,-9.2,-0.3,-999.0,10.2,255.4
2008,3,12,-15.7,-7.5,0.7,-999.0,11.8,257.1
2008,3,13,-19.6,-13.9,-8.2,-999.0,13.5,327.1
2008,3,14,-19.7,-13.2,-6.6,-999.0,7.0,238.3
2008,3,15,-13.6,-9.2,-4.8,-999.0,6.9,168.3
2008,3,16,-10.8,-7.2,-3.6,-999.0,6.8,187.0
2008,3,17,-13.4,-7.8,-2.2,-999.0,15.7,326.3
2008,3,18,-16.8,-8.8,-0.7,-999.0,9.5,230.0
2008,3,19,-12.1,-6.5,-0.9,-999.0,7.5,173.3
2008,3,20,-3.7,-2.4,-1.0,-999.0,15.5,140.8
2008,3,21,-3.5,-1.1,1.3,-999.0,18.3,257.9
2008,3,22,-6.9,-4.7,-2.5,-999.0,11.2,137.9
2008,3,23,-19.6,-13.0,-6.3,-999.0,21.0,284.6
2008,3,24,-23.0,-17.7,-12.4,-999.0,16.8,264.2
2008,3,25,-24.2,-13.6,-2.9,-999.0,10.2,213.8
2008,3,26,-8.8,-5.0,-1.1,-999.0,11.0,87.5
2008,3,27,-11.5,-6.4,-1.2,-999.0,17.3,267.1
2008,3,28,-11.6,-7.2,-2.8,-999.0,11.7,255.4
2008,3,29,-13.3,-5.8,1.7,-999.0,14.9,307.9
2008,3,30,-6.4,-1.7,3.1,-999.0,12.4,294.6
2008,3,31,-8.6,-4.6,-0.6,-999.0,8.8,152.1
2008,4,1,-6.6,-3.6,-0.5,-999.0,13.1,153.8
2008,4,2,-6.7,-1.9,3.0,-999.0,23.6,219.2
2008,4,3,-7.2,-3.1,1.1,-999.0,31.1,294.2
2008,4,4,-5.5,0.5,6.4,-999.0,9.7,232.5
2008,4,5,-2.5,1.1,4.6,-999.0,7.9,145.8
2008,4,6,-2.2,1.7,5.5,-999.0,7.1,143.3
2008,4,7,-2.6,1.4,5.3,-999.0,6.0,228.8
2008,4,8,-1.5,1.7,4.8,-999.0,6.6,174.6
2008,4,9,-0.5,2.7,5.8,-999.0,6.8,136.7
2008,4,10,0.4,1.9,3.3,-999.0,7.4,157.1
2008,4,11,0.4,2.8,5.1,-999.0,13.7,275.0
2008,4,12,-0.3,1.1,2.4,-999.0,8.9,160.0
2008,4,13,0.2,1.6,2.9,-999.0,14.0,206.7
2008,4,14,-0.9,2.4,5.6,-999.0,19.4,327.5
2008,4,15,-1.5,3.2,7.9,-999.0,13.6,269.6
2008,4,16,-1.7,5.6,12.8,-999.0,13.5,244.6
2008,4,17,0.3,9.0,17.7,-999.0,6.7,215.5
2008,4,18,4.5,8.1,11.6,-999.0,9.8,267.9
2008,4,19,-0.1,3.2,6.5,-999.0,10.3,231.3
2008,4,20,-0.6,3.5,7.5,-999.0,6.8,230.0
2008,4,21,-1.2,6.5,14.1,-999.0,8.5,225.4
2008,4,22,0.4,4.5,8.6,-999.0,8.3,183.8
2008,4,23,0.6,2.3,4.0,-999.0,9.6,118.3
2008,4,24,-0.8,0.8,2.4,-999.0,9.5,110.4
2008,4,25,0.8,6.4,11.9,-999.0,8.3,230.8
2008,4,26,0.0,4.4,8.8,-999.0,7.4,200.4
2008,4,27,1.7,4.4,7.1,-999.0,10.2,75.4
2008,4,28,2.6,5.4,8.1,-999.0,13.8,75.0
2008,4,29,3.6,4.1,4.5,-999.0,21.5,80.8
2008,4,30,2.0,3.2,4.4,-999.0,16.4,102.1
2008,5,1,0.8,2.0,3.2,26.8,10.1,58.3
2008,5,2,2.6,3.5,4.3,5.4,11.5,72.1
2008,5,3,1.2,5.7,10.2,0.2,6.5,213.3
2008,5,4,2.3,6.5,10.7,0.4,7.0,148.8
2008,5,5,5.1,8.3,11.4,0.0,7.8,200.4
2008,5,6,5.3,10.6,15.9,0.2,10.1,214.2
2008,5,7,3.1,5.9,8.6,0.0,7.6,155.0
2008,5,8,3.4,4.2,5.0,6.2,15.5,75.0
2008,5,9,4.0,4.9,5.7,11.0,8.7,103.8
2008,5,10,3.7,6.4,9.1,0.2,6.1,95.4
2008,5,11,3.8,7.5,11.1,0.2,6.6,218.7
2008,5,12,4.1,9.7,15.2,0.0,9.3,212.1
2008,5,13,5.1,10.0,14.9,0.0,7.8,198.3
2008,5,14,4.8,9.2,13.5,0.0,8.9,152.1
2008,5,15,5.1,9.1,13.1,0.0,11.2,69.6
2008,5,16,5.0,8.1,11.1,0.0,9.4,155.8
2008,5,17,3.7,10.5,17.2,1.8,7.9,223.8
2008,5,18,7.9,9.8,11.7,25.6,7.2,208.3
2008,5,19,6.4,8.3,10.2,11.0,16.3,72.5
2008,5,20,6.3,7.1,7.9,0.6,8.0,96.7
2008,5,21,6.4,7.8,9.2,0.0,8.4,101.7
2008,5,22,7.1,10.2,13.3,0.4,14.0,317.9
2008,5,23,6.1,8.2,10.3,0.2,17.4,293.3
2008,5,24,6.9,11.3,15.6,0.2,13.3,330.8
2008,5,25,8.3,13.5,18.7,0.0,12.9,233.8
2008,5,26,8.3,13.8,19.2,6.6,10.4,205.0
2008,5,27,6.8,9.3,11.8,5.2,13.3,305.0
2008,5,28,6.6,9.8,13.0,0.4,19.2,277.9
2008,5,29,6.8,9.2,11.6,4.6,15.2,231.3
2008,5,30,6.1,10.7,15.3,0.0,16.0,275.8
2008,5,31,4.6,8.8,13.0,2.4,10.3,109.6
2008,6,1,7.2,9.1,10.9,19.4,14.5,55.8
2008,6,2,5.7,7.5,9.2,4.4,6.6,128.8
2008,6,3,5.5,9.2,12.8,2.2,7.3,172.1
2008,6,4,5.5,-999.0,9.0,-999.0,-999.0,-999.0
2008,6,10,7.8,9.7,11.6,5.0,16.0,85.4
2008,6,11,7.7,11.3,14.8,6.6,12.6,138.3
2008,6,12,11.5,15.1,18.7,0.2,18.1,318.3
2008,6,13,10.1,16.5,22.9,0.0,10.1,283.9
2008,6,14,11.5,14.4,17.3,0.0,8.3,212.1
2008,6,15,12.0,15.0,17.9,0.0,6.4,91.7
2008,6,16,10.9,13.0,15.1,0.0,8.5,78.3
2008,6,17,11.3,14.3,17.2,0.2,12.1,74.5
2008,6,18,10.0,10.9,11.8,9.8,18.4,75.0
2008,6,19,9.6,10.3,10.9,7.2,17.0,73.3
2008,6,20,9.5,10.7,11.8,0.4,10.4,77.1
2008,6,21,9.5,10.4,11.2,2.0,6.4,88.8
2008,6,22,9.7,12.3,14.8,0.2,6.1,141.3
2008,6,23,11.0,12.9,14.8,1.4,5.9,88.3
2008,6,24,13.1,16.8,20.5,2.2,8.4,192.5
2008,6,25,13.6,18.4,23.1,0.2,14.8,280.0
2008,6,26,10.3,13.8,17.2,0.0,8.7,101.3
2008,6,27,10.0,11.9,13.8,0.6,14.8,74.6
2008,6,28,9.6,12.2,14.7,0.0,11.2,78.8
2008,6,29,9.5,10.2,10.9,10.6,18.8,75.0
2008,6,30,9.5,9.9,10.2,10.2,18.6,77.9
2008,7,1,10.1,13.2,16.3,2.2,7.3,127.9
2008,7,2,10.5,14.4,18.2,0.0,8.8,82.1
2008,7,3,11.9,15.5,19.1,1.0,10.1,161.3
2008,7,4,12.4,16.5,20.5,3.0,16.3,236.7
2008,7,5,11.7,15.4,19.0,0.6,10.3,236.3
2008,7,6,11.7,15.3,18.8,0.2,7.8,176.7
2008,7,7,11.5,19.8,28.1,0.0,11.9,153.8
2008,7,8,11.6,15.7,19.8,39.0,9.1,203.3
2008,7,9,12.6,14.2,15.7,6.2,5.2,111.3
2008,7,10,12.7,16.2,19.6,0.4,9.3,159.2
2008,7,11,13.1,17.2,21.3,1.8,14.9,274.2
2008,7,12,12.5,16.9,21.3,0.0,13.3,214.2
2008,7,13,12.1,14.1,16.0,34.8,8.6,93.8
2008,7,14,12.9,15.8,18.6,0.0,8.6,145.8
2008,7,15,12.8,18.1,23.3,0.2,12.0,180.8
2008,7,16,13.9,17.5,21.0,4.6,9.4,180.8
2008,7,17,14.0,18.3,22.6,10.0,8.7,197.9
2008,7,18,15.3,19.5,23.6,0.0,12.0,263.8
2008,7,19,13.5,18.8,24.1,0.0,9.5,240.8
2008,7,20,12.4,15.4,18.4,0.2,7.4,126.7
2008,7,21,13.9,16.6,19.3,0.0,8.0,112.1
2008,7,22,12.8,18.0,23.1,0.2,6.0,177.1
2008,7,23,15.5,18.9,22.3,0.0,7.4,109.2
2008,7,24,16.2,17.0,17.7,2.4,13.3,96.3
2008,7,25,15.8,17.9,20.0,0.0,10.5,86.3
2008,7,26,15.3,18.2,21.0,0.2,8.8,108.8
2008,7,27,16.6,19.2,21.8,0.8,7.9,103.3
2008,7,28,16.1,17.6,19.1,0.0,6.2,97.5
2008,7,29,15.9,18.3,20.6,0.0,6.4,135.8
2008,7,30,16.1,19.2,22.2,0.0,6.8,163.8
2008,7,31,15.7,18.3,20.8,0.0,15.3,69.2
2008,8,1,13.5,14.7,15.8,0.6,20.3,77.1
2008,8,2,14.1,15.0,15.8,0.4,18.1,75.8
2008,8,3,13.9,14.5,15.1,6.4,20.3,69.2
2008,8,4,13.9,16.1,18.3,0.0,13.3,87.1
2008,8,5,12.9,17.0,21.1,0.2,7.5,195.4
2008,8,6,12.7,17.1,21.4,0.0,6.1,230.4
2008,8,7,13.4,17.4,21.3,0.0,8.2,192.9
2008,8,8,13.3,16.8,20.2,0.0,7.4,175.8
2008,8,9,13.5,16.1,18.7,0.0,8.3,73.3
2008,8,10,15.3,16.8,18.3,0.0,10.8,82.1
2008,8,11,15.8,17.9,20.0,0.0,9.0,77.1
2008,8,12,16.0,17.6,19.2,1.0,9.2,70.0
2008,8,13,15.3,17.4,19.4,3.0,6.3,122.9
2008,8,14,14.7,16.8,18.8,0.2,7.2,124.6
2008,8,15,15.4,19.8,24.2,0.0,11.3,237.4
2008,8,16,16.1,20.1,24.0,1.0,13.3,210.0
2008,8,17,13.0,16.8,20.5,1.4,15.1,263.8
2008,8,18,12.6,14.1,15.5,31.6,9.9,161.7
2008,8,19,12.9,16.1,19.2,0.0,17.0,280.4
2008,8,20,11.8,15.4,18.9,0.0,19.1,326.7
2008,8,21,14.5,18.7,22.9,0.0,11.9,231.7
2008,8,22,13.5,20.6,27.7,0.0,9.7,195.0
2008,8,23,15.4,21.7,27.9,0.0,12.1,194.2
2008,8,24,16.4,21.4,26.4,0.0,16.5,197.5
2008,8,25,15.3,18.0,20.7,0.0,9.7,280.0
2008,8,26,14.8,18.4,22.0,0.0,13.8,320.8
2008,8,27,15.1,19.6,24.1,0.0,9.4,217.9
2008,8,28,13.4,15.5,17.5,0.0,11.4,71.7
2008,8,29,12.9,14.8,16.7,0.0,8.6,124.2
2008,8,30,14.0,16.7,19.3,0.0,6.0,215.0
2008,8,31,15.0,17.4,19.8,0.0,17.8,321.3
2008,9,1,13.1,20.0,26.8,0.0,10.5,252.9
2008,9,2,12.6,16.5,20.4,0.0,6.5,178.3
2008,9,3,12.4,15.5,18.6,0.0,7.7,128.3
2008,9,4,13.1,15.9,18.7,0.0,12.4,192.6
2008,9,5,10.9,13.4,15.8,3.0,9.5,205.4
2008,9,6,10.8,13.2,15.6,2.6,7.2,188.3
2008,9,7,12.6,15.3,18.0,3.2,6.9,196.3
2008,9,8,11.9,15.6,19.2,8.8,6.8,173.5
2008,9,9,11.4,13.9,16.3,7.0,8.0,225.0
2008,9,10,10.3,13.2,16.0,0.2,18.9,293.8
2008,9,11,9.9,13.9,17.8,0.0,17.8,231.7
2008,9,12,10.1,13.3,16.5,3.2,8.3,195.8
2008,9,13,10.0,12.7,15.4,0.0,6.0,160.8
2008,9,14,11.1,12.9,14.7,28.6,7.8,100.0
2008,9,15,7.7,11.1,14.4,29.4,18.1,263.8
2008,9,16,6.6,10.3,14.0,0.0,10.2,200.0
2008,9,17,6.2,10.9,15.5,1.0,13.5,189.2
2008,9,18,4.5,7.5,10.5,0.0,17.0,283.8
2008,9,19,4.1,7.1,10.0,0.0,12.3,203.3
2008,9,20,8.1,12.0,15.8,5.4,18.7,226.3
2008,9,21,4.9,8.5,12.0,0.2,10.6,293.3
2008,9,22,3.5,7.6,11.6,0.0,11.3,285.4
2008,9,23,5.1,7.7,10.3,0.0,8.4,210.8
2008,9,24,2.3,5.8,9.2,0.0,8.6,218.3
2008,9,25,5.8,9.8,13.7,0.0,5.4,119.2
2008,9,26,6.2,10.4,14.6,0.0,5.8,176.1
2008,9,27,8.9,10.7,12.4,2.8,6.3,89.6
2008,9,28,10.0,12.0,13.9,8.8,4.5,170.9
2008,9,29,8.8,11.1,13.4,12.8,12.1,324.6
2008,9,30,8.1,9.5,10.9,0.0,7.7,209.6
2008,10,1,7.5,9.7,11.8,0.0,7.0,215.0
2008,10,2,8.1,10.0,11.9,33.0,17.0,77.1
2008,10,3,6.6,8.9,11.2,0.0,24.3,215.4
2008,10,4,5.2,8.9,12.5,0.0,16.2,281.3
2008,10,5,5.9,8.2,10.4,0.0,11.1,297.1
2008,10,6,5.6,8.2,10.8,0.0,12.9,292.9
2008,10,7,6.1,8.8,11.5,0.0,17.2,297.1
2008,10,8,4.1,7.6,11.1,0.0,9.6,195.2
2008,10,9,3.1,6.4,9.6,3.8,4.9,208.6
2008,10,10,5.2,9.4,13.6,0.0,11.0,289.1
2008,10,11,7.3,11.1,14.9,0.2,10.3,284.6
2008,10,12,6.4,9.7,12.9,0.0,11.9,284.6
2008,10,13,3.7,8.2,12.6,0.0,9.0,242.1
2008,10,14,2.9,6.8,10.6,9.4,8.3,139.6
2008,10,15,6.1,8.6,11.0,0.0,15.3,256.3
2008,10,16,5.2,7.0,8.8,0.4,6.1,137.0
2008,10,17,3.6,6.2,8.8,0.0,18.3,287.5
2008,10,18,0.7,3.8,6.9,0.0,14.6,301.3
2008,10,19,-0.5,3.4,7.2,0.0,11.4,252.5
2008,10,20,1.5,3.9,6.2,0.4,4.0,166.5
2008,10,21,-1.4,2.1,5.5,0.0,22.7,166.3
2008,10,22,-3.2,-0.2,2.9,0.0,13.4,335.0
2008,10,23,-1.0,4.5,9.9,0.0,15.3,295.4
2008,10,24,1.5,6.1,10.7,0.0,14.3,259.6
2008,10,25,0.7,3.6,6.5,0.0,6.3,143.3
2008,10,26,5.8,7.5,9.2,66.4,15.9,81.7
2008,10,27,5.2,8.0,10.8,0.0,8.3,148.3
2008,10,28,6.7,7.9,9.1,56.6,21.9,156.7
2008,10,29,3.2,6.2,9.1,0.4,16.4,-999.0
2008,10,30,1.3,4.0,6.6,1.0,13.2,-999.0
2008,10,31,-0.5,2.9,6.3,0.0,12.5,-999.0
2008,11,1,-1.8,1.3,4.3,-999.0,-999.0,-999.0
2008,11,2,-1.9,0.5,2.9,-999.0,-999.0,-999.0
2008,11,3,0.6,2.9,5.1,-999.0,-999.0,-999.0
2008,11,4,4.2,5.5,6.8,-999.0,-999.0,-999.0
2008,11,5,3.9,9.7,15.4,-999.0,-999.0,-999.0
2008,11,6,5.3,10.7,16.0,-999.0,-999.0,-999.0
2008,11,7,1.9,4.4,6.9,-999.0,-999.0,-999.0
2008,11,8,0.9,2.5,4.1,-999.0,-999.0,-999.0
2008,11,9,2.0,4.1,6.1,-999.0,-999.0,-999.0
2008,11,10,2.0,4.8,7.5,-999.0,-999.0,-999.0
2008,11,11,1.5,3.8,6.1,-999.0,-999.0,-999.0
2008,11,12,-0.5,1.6,3.6,-999.0,-999.0,-999.0
2008,11,13,-2.2,0.1,2.3,-999.0,-999.0,-999.0
2008,11,14,1.6,3.3,4.9,-999.0,-999.0,-999.0
2008,11,15,4.9,6.2,7.5,-999.0,-999.0,-999.0
2008,11,16,5.3,8.1,10.8,-999.0,-999.0,-999.0
2008,11,17,-2.1,1.7,5.5,-999.0,-999.0,-999.0
2008,11,18,-5.1,-3.5,-1.8,-999.0,-999.0,-999.0
2008,11,19,-5.1,-3.2,-1.3,-999.0,-999.0,-999.0
2008,11,20,-4.4,-3.8,-3.1,-999.0,-999.0,-999.0
2008,11,21,-5.7,-3.2,-0.6,-999.0,-999.0,-999.0
2008,11,22,-7.1,-5.9,-4.6,-999.0,-999.0,-999.0
2008,11,23,-7.1,-5.1,-3.0,-999.0,-999.0,-999.0
2008,11,24,-9.5,-6.6,-3.6,-999.0,-999.0,-999.0
2008,11,25,-12.0,-6.8,-1.5,-999.0,-999.0,-999.0
2008,11,26,-1.9,-0.1,1.8,-999.0,-999.0,-999.0
2008,11,27,-0.1,0.7,1.5,-999.0,-999.0,-999.0
2008,11,28,-0.2,1.2,2.5,-999.0,-999.0,-999.0
2008,11,29,-0.7,0.9,2.5,-999.0,-999.0,-999.0
2008,11,30,-5.1,-2.8,-0.4,-999.0,-999.0,-999.0
2008,12,1,-5.7,-1.0,3.8,-999.0,-999.0,-999.0
2008,12,2,-2.8,1.3,5.4,-999.0,-999.0,-999.0
2008,12,3,-5.0,-1.7,1.6,-999.0,-999.0,-999.0
2008,12,4,-2.6,0.7,3.9,-999.0,-999.0,-999.0
2008,12,5,-11.7,-7.2,-2.6,-999.0,17.9,307.1
2008,12,6,-12.0,-6.5,-1.0,-999.0,10.1,207.9
2008,12,7,-2.7,-1.3,0.1,-999.0,15.9,135.0
2008,12,8,-11.4,-6.3,-1.2,-999.0,29.4,329.6
2008,12,9,-11.8,-8.5,-5.2,-999.0,15.7,286.7
2008,12,10,-12.2,-9.5,-6.7,-999.0,12.7,133.8
2008,12,11,-14.1,-9.4,-4.6,-999.0,12.0,95.8
2008,12,12,-6.8,-5.0,-3.1,-999.0,19.9,137.1
2008,12,13,-14.9,-9.2,-3.5,-999.0,19.8,330.0
2008,12,14,-16.6,-11.7,-6.7,-999.0,6.6,192.5
2008,12,15,-7.4,-0.3,6.8,-999.0,11.9,150.4
2008,12,16,-15.0,-4.6,5.8,-999.0,25.4,280.0
2008,12,17,-16.7,-15.0,-13.2,-999.0,13.1,175.8
2008,12,18,-17.7,-13.1,-8.4,-999.0,15.3,255.4
2008,12,19,-20.7,-18.4,-16.1,-999.0,21.8,294.2
2008,12,20,-20.7,-18.3,-15.9,-999.0,12.6,240.4
2008,12,21,-22.1,-18.2,-14.3,-999.0,12.1,132.5
2008,12,22,-15.2,-12.9,-10.5,-999.0,22.0,234.6
2008,12,23,-18.9,-16.8,-14.6,-999.0,18.3,302.1
2008,12,24,-17.3,-10.5,-3.7,-999.0,7.1,165.8
2008,12,25,-18.8,-11.4,-3.9,-999.0,24.7,245.0
2008,12,26,-21.6,-19.0,-16.3,-999.0,15.5,280.8
2008,12,27,-17.0,-9.8,-2.6,-999.0,14.3,67.5
2008,12,28,-2.7,0.3,3.2,-999.0,7.5,121.3
2008,12,29,-9.5,-2.7,4.1,-999.0,24.0,292.1
2008,12,30,-11.7,-9.8,-7.9,-999.0,9.0,153.3
2008,12,31,-11.0,-9.5,-7.9,-999.0,9.2,270.8
2009,1,1,-12.2,-11.0,-9.8,-999.0,24.7,257.1
2009,1,2,-12.3,-11.5,-10.6,-999.0,19.3,339.6
2009,1,3,-12.0,-5.5,1.1,-999.0,15.8,297.9
2009,1,4,-1.4,0.9,3.2,-999.0,19.8,287.1
2009,1,5,-7.3,-4.2,-1.1,-999.0,17.1,289.2
2009,1,6,-13.8,-10.5,-7.2,-999.0,23.4,297.1
2009,1,7,-14.9,-11.2,-7.5,-999.0,14.2,217.1
2009,1,8,-8.4,-7.4,-6.4,-999.0,15.5,161.7
2009,1,9,-8.7,-7.1,-5.5,-999.0,14.3,347.9
2009,1,10,-16.0,-12.4,-8.7,-999.0,20.6,316.3
2009,1,11,-18.0,-15.7,-13.4,-999.0,8.1,252.5
2009,1,12,-17.8,-13.3,-8.8,-999.0,8.6,290.4
2009,1,13,-14.3,-8.6,-2.8,-999.0,10.3,218.3
2009,1,14,-25.9,-13.1,-0.3,-999.0,26.5,256.7
2009,1,15,-28.8,-25.9,-22.9,-999.0,17.4,297.1
2009,1,16,-28.8,-26.0,-23.1,-999.0,16.7,300.4
2009,1,17,-28.8,-25.1,-21.3,-999.0,19.4,304.6
2009,1,18,-25.3,-20.3,-15.2,-999.0,9.8,182.9
2009,1,19,-15.3,-12.0,-8.6,-999.0,13.5,110.8
2009,1,20,-18.2,-14.0,-9.7,-999.0,8.5,220.0
2009,1,21,-22.0,-14.8,-7.5,-999.0,8.8,285.0
2009,1,22,-20.6,-14.3,-7.9,-999.0,14.8,308.8
2009,1,23,-22.7,-19.0,-15.2,-999.0,13.9,250.0
2009,1,24,-23.3,-17.2,-11.1,-999.0,18.3,231.3
2009,1,25,-26.8,-24.9,-22.9,-999.0,18.5,302.1
2009,1,26,-26.1,-22.6,-19.0,-999.0,13.0,299.6
2009,1,27,-23.6,-20.2,-16.7,-999.0,14.9,297.5
2009,1,28,-23.4,-17.4,-11.4,-999.0,7.4,252.1
2009,1,29,-11.9,-7.9,-3.9,-999.0,9.7,214.2
2009,1,30,-9.4,-7.0,-4.6,-999.0,5.8,226.5
2009,1,31,-11.1,-8.0,-4.9,-999.0,5.0,269.6
2009,2,1,-11.3,-8.7,-6.0,-999.0,6.0,252.5
2009,2,2,-12.9,-9.1,-5.2,-999.0,4.8,233.5
2009,2,3,-13.7,-11.2,-8.7,-999.0,13.2,296.7
2009,2,4,-15.7,-13.5,-11.2,-999.0,16.3,259.6
2009,2,5,-17.4,-13.1,-8.8,-999.0,10.4,306.7
2009,2,6,-14.2,-10.7,-7.2,-999.0,14.5,286.7
2009,2,7,-12.7,-8.1,-3.5,-999.0,7.7,199.2
2009,2,8,-15.9,-8.6,-1.2,-999.0,14.1,280.0
2009,2,9,-19.3,-16.6,-13.9,-999.0,19.4,327.9
2009,2,10,-17.2,-12.4,-7.5,-999.0,14.8,302.5
2009,2,11,-11.8,-9.7,-7.5,-999.0,5.8,210.4
2009,2,12,-12.2,-8.6,-4.9,-999.0,7.8,179.6
2009,2,13,-19.5,-15.1,-10.6,-999.0,17.6,315.2
2009,2,14,-10.6,-4.4,1.8,-999.0,19.5,82.5
2009,2,15,-2.6,0.6,3.7,-999.0,9.5,255.4
2009,2,16,-3.4,-1.4,0.6,-999.0,4.9,198.8
2009,2,17,-5.6,-4.1,-2.6,-999.0,7.1,128.3
2009,2,18,-10.1,-5.3,-0.4,-999.0,5.5,275.8
2009,2,19,-7.4,-5.4,-3.4,-999.0,17.0,93.8
2009,2,20,-3.9,-2.9,-1.9,-999.0,20.4,70.4
2009,2,21,-5.2,-2.0,1.2,-999.0,12.7,310.4
2009,2,22,-7.7,-4.0,-0.2,-999.0,7.3,202.9
2009,2,23,-6.5,-4.9,-3.2,-999.0,25.6,43.3
2009,2,24,-8.9,-5.2,-1.4,-999.0,23.2,227.5
2009,2,25,-12.1,-7.2,-2.2,-999.0,11.5,275.0
2009,2,26,-9.3,-5.1,-0.9,-999.0,6.3,180.0
2009,2,27,-6.3,-0.4,5.6,-999.0,7.7,182.5
2009,2,28,-18.3,-9.2,-0.1,-999.0,18.9,319.6
2009,3,1,-19.5,-15.3,-11.1,-999.0,7.5,156.7
2009,3,2,-15.5,-11.4,-7.2,-999.0,13.6,113.3
2009,3,3,-16.0,-12.4,-8.7,-999.0,13.9,330.4
2009,3,4,-18.5,-13.6,-8.6,-999.0,17.2,277.5
2009,3,5,-15.3,-10.9,-6.5,-999.0,15.7,282.1
2009,3,6,-18.6,-11.7,-4.7,-999.0,12.1,170.4
2009,3,7,-5.3,-2.4,0.6,-999.0,15.3,257.9
2009,3,8,-9.3,-5.5,-1.7,-999.0,7.4,231.7
2009,3,9,-11.7,-5.2,1.3,-999.0,8.8,314.6
2009,3,10,-11.3,-6.5,-1.6,-999.0,5.0,202.3
2009,3,11,-8.5,-2.6,3.3,-999.0,14.6,169.2
2009,3,12,-18.5,-11.0,-3.4,-999.0,32.0,300.8
2009,3,13,-18.8,-14.3,-9.7,-999.0,19.2,290.0
2009,3,14,-15.5,-7.7,0.2,-999.0,13.0,292.5
2009,3,15,-14.8,-11.4,-7.9,-999.0,18.0,319.2
2009,3,16,-14.2,-8.4,-2.6,-999.0,13.1,322.5
2009,3,17,-12.4,-7.5,-2.5,-999.0,6.6,204.6
2009,3,18,-5.6,-2.0,1.7,-999.0,5.5,136.5
2009,3,19,-11.7,-6.1,-0.5,-999.0,13.2,250.4
2009,3,20,-14.8,-8.6,-2.3,-999.0,15.3,293.8
2009,3,21,-15.1,-8.9,-2.6,-999.0,8.8,215.0
2009,3,22,-7.4,-4.4,-1.3,-999.0,7.3,164.6
2009,3,23,-7.1,-2.9,1.3,-999.0,18.3,62.1
2009,3,24,-6.9,-2.2,2.6,-999.0,9.0,235.7
2009,3,25,-8.8,-3.7,1.5,-999.0,7.9,262.1
2009,3,26,-7.3,-1.2,4.9,-999.0,5.5,221.9
2009,3,27,-0.8,0.6,2.0,-999.0,5.6,112.9
2009,3,28,-1.8,0.8,3.3,-999.0,5.8,192.6
2009,3,29,-1.3,2.5,6.2,-999.0,9.3,189.2
2009,3,30,-2.4,-0.8,0.9,-999.0,14.2,105.0
2009,3,31,-3.5,-0.6,2.4,-999.0,7.7,189.6
2009,4,1,-3.8,0.7,5.2,-999.0,6.7,202.6
2009,4,2,-2.0,0.3,2.5,-999.0,5.5,139.6
2009,4,3,-2.6,1.6,5.8,-999.0,6.8,120.9
2009,4,4,1.9,3.5,5.1,-999.0,22.2,87.5
2009,4,5,0.5,2.3,4.0,-999.0,10.5,58.8
2009,4,6,-0.5,1.3,3.0,-999.0,6.9,116.7
2009,4,7,-0.6,0.1,0.8,-999.0,28.3,98.8
2009,4,8,0.6,2.1,3.6,-999.0,16.0,169.2
2009,4,9,0.4,2.0,3.6,-999.0,15.5,209.6
2009,4,10,0.1,2.9,5.6,-999.0,13.2,270.4
2009,4,11,-1.6,1.1,3.8,-999.0,7.8,205.0
2009,4,12,-2.7,1.9,6.5,-999.0,19.6,100.8
2009,4,13,-2.1,0.2,2.4,-999.0,33.9,21.7
2009,4,14,-2.0,1.4,4.8,-999.0,20.1,252.9
2009,4,15,-1.5,2.1,5.7,-999.0,17.1,293.8
2009,4,16,-3.9,0.8,5.5,-999.0,13.7,266.7
2009,4,17,-2.5,1.7,5.9,-999.0,12.8,247.9
2009,4,18,-4.2,0.1,4.3,-999.0,13.1,140.4
2009,4,19,-3.8,1.5,6.7,-999.0,12.7,238.8
2009,4,20,-0.9,3.9,8.7,-999.0,9.8,285.8
2009,4,21,-1.8,2.1,6.0,-999.0,11.2,109.2
2009,4,22,1.2,3.7,6.1,-999.0,14.3,102.5
2009,4,23,2.2,4.2,6.2,-999.0,10.9,111.7
2009,4,24,4.2,8.4,12.5,-999.0,15.2,274.6
2009,4,25,2.6,6.8,11.0,-999.0,6.1,120.4
2009,4,26,1.7,5.6,9.4,-999.0,17.4,301.7
2009,4,27,-0.1,1.9,3.9,-999.0,7.7,144.6
2009,4,28,0.9,4.3,7.7,-999.0,13.2,205.8
2009,4,29,-1.6,3.1,7.8,-999.0,24.1,321.7
2009,4,30,0.5,5.3,10.0,-999.0,17.0,262.5
2009,5,1,1.8,3.3,4.8,3.6,6.6,100.4
2009,5,2,0.1,4.2,8.2,1.0,12.2,288.8
2009,5,3,0.9,5.7,10.4,0.0,12.3,184.6
2009,5,4,1.7,6.5,11.2,0.0,16.0,258.8
2009,5,5,0.1,3.3,6.5,0.0,10.1,189.6
2009,5,6,-0.7,3.3,7.2,0.0,6.7,157.9
2009,5,7,1.3,6.7,12.1,0.0,6.6,204.8
2009,5,8,4.0,5.2,6.3,2.0,8.4,144.8
2009,5,9,4.5,7.8,11.1,0.4,6.9,179.2
2009,5,10,3.0,6.2,9.3,0.8,14.7,183.3
2009,5,11,0.9,3.7,6.5,0.0,14.0,163.3
2009,5,12,1.3,8.2,15.1,0.0,11.3,246.3
2009,5,13,3.4,11.7,20.0,0.0,13.5,221.3
2009,5,14,4.5,9.8,15.0,0.0,12.9,171.7
2009,5,15,3.9,8.5,13.1,0.0,24.5,281.3
2009,5,16,2.6,6.4,10.1,0.4,11.3,203.3
2009,5,17,3.7,6.4,9.0,11.4,13.1,155.8
2009,5,18,2.4,4.7,7.0,0.0,15.2,245.0
2009,5,19,0.7,4.4,8.0,1.2,9.3,189.6
2009,5,20,1.9,6.2,10.4,0.2,13.4,254.2
2009,5,21,2.5,3.9,5.3,5.4,11.0,89.6
2009,5,22,2.9,7.4,11.8,0.4,17.4,312.1
2009,5,23,1.8,5.0,8.1,0.0,15.2,238.3
2009,5,24,3.7,7.4,11.0,0.0,9.1,130.4
2009,5,25,3.9,7.6,11.2,0.0,18.4,300.8
2009,5,26,3.5,6.5,9.5,0.0,17.0,328.3
2009,5,27,2.5,6.3,10.1,0.0,9.6,240.0
2009,5,28,6.2,10.7,15.2,0.0,10.3,221.3
2009,5,29,5.5,6.6,7.6,17.2,12.3,106.7
2009,5,30,5.5,7.0,8.4,7.2,5.5,101.8
2009,5,31,5.1,9.3,13.5,1.8,9.0,153.3
2009,6,1,7.1,9.1,11.0,23.0,12.5,185.0
2009,6,2,7.9,10.3,12.6,0.2,19.8,315.8
2009,6,3,6.3,11.4,16.5,0.0,13.5,281.3
2009,6,4,5.9,8.8,11.6,0.0,7.5,184.6
2009,6,5,5.5,9.1,12.6,5.4,6.8,174.2
2009,6,6,7.7,10.2,12.7,5.0,7.9,110.8
2009,6,7,7.7,11.0,14.3,0.0,13.5,302.9
2009,6,8,8.6,12.2,15.8,0.0,13.4,316.3
2009,6,9,6.9,9.4,11.8,0.0,9.4,136.3
2009,6,10,6.1,7.6,9.0,0.0,14.2,96.7
2009,6,11,6.3,6.9,7.4,1.6,13.1,93.8
2009,6,12,5.7,9.0,12.2,0.0,6.4,159.2
2009,6,13,6.2,12.8,19.4,0.2,9.8,213.8
2009,6,14,8.9,11.3,13.6,0.2,9.9,95.0
2009,6,15,7.9,10.7,13.5,0.0,8.0,105.8
2009,6,16,10.1,14.1,18.0,0.2,6.7,152.5
2009,6,17,9.8,18.1,26.3,0.0,7.2,182.5
2009,6,18,11.9,19.7,27.4,0.0,13.2,221.3
2009,6,19,11.8,17.1,22.3,0.8,8.9,157.5
2009,6,20,11.0,14.0,16.9,0.2,10.5,95.4
2009,6,21,11.8,14.8,17.8,0.2,8.6,95.0
2009,6,22,13.0,17.2,21.3,0.0,7.1,202.9
2009,6,23,13.6,19.1,24.6,0.0,6.6,208.8
2009,6,24,13.1,16.9,20.7,0.0,7.9,116.3
2009,6,25,14.1,16.5,18.9,0.0,5.8,160.0
2009,6,26,13.8,15.9,17.9,0.2,7.7,103.8
2009,6,27,13.2,14.0,14.7,0.0,17.8,89.2
2009,6,28,12.5,13.9,15.2,0.0,14.9,92.5
2009,6,29,12.6,13.5,14.4,0.6,15.2,96.3
2009,6,30,12.2,13.5,14.8,43.8,16.8,89.2
2009,7,1,11.5,12.7,13.9,13.6,12.3,93.8
2009,7,2,11.6,12.3,12.9,6.0,9.9,102.9
2009,7,3,12.5,13.5,14.5,0.2,9.8,97.1
2009,7,4,13.9,14.6,15.2,2.4,15.6,94.6
2009,7,5,12.1,13.7,15.3,6.2,5.7,144.1
2009,7,6,9.3,11.0,12.7,0.0,8.2,143.3
2009,7,7,8.1,11.9,15.6,0.0,9.3,132.1
2009,7,8,9.4,15.5,21.5,0.0,7.4,149.6
2009,7,9,11.2,16.7,22.2,0.0,6.5,163.0
2009,7,10,14.6,21.1,27.5,0.0,8.2,169.2
2009,7,11,14.2,18.7,23.2,0.0,8.2,162.5
2009,7,12,13.7,16.5,19.2,1.6,8.5,171.7
2009,7,13,12.8,14.5,16.1,8.2,8.2,206.1
2009,7,14,12.9,15.4,17.8,1.8,7.2,233.3
2009,7,15,13.5,16.7,19.8,0.2,13.6,305.4
2009,7,16,14.0,16.8,19.5,0.0,11.6,225.0
2009,7,17,13.3,16.3,19.3,0.0,7.1,99.2
2009,7,18,12.4,14.1,15.8,19.8,22.0,98.3
2009,7,19,12.6,14.1,15.5,1.2,8.0,148.7
2009,7,20,13.2,19.2,25.1,0.0,13.5,270.8
2009,7,21,13.1,17.1,21.0,0.0,8.4,257.9
2009,7,22,12.1,16.8,21.4,0.0,6.2,196.3
2009,7,23,13.0,15.5,17.9,0.0,7.8,137.5
2009,7,24,13.1,15.0,16.9,0.0,7.6,107.1
2009,7,25,13.4,15.0,16.5,6.8,15.6,81.3
2009,7,26,14.1,15.8,17.5,0.8,6.6,102.6
2009,7,27,13.2,14.2,15.1,53.2,15.5,89.2
2009,7,28,14.5,16.7,18.9,0.2,5.8,172.6
2009,7,29,13.8,16.9,19.9,0.4,6.2,95.4
2009,7,30,15.3,18.8,22.3,0.2,6.3,126.5
2009,7,31,14.5,18.9,23.3,0.8,9.7,198.8
2009,8,1,15.1,19.9,24.6,0.0,11.3,311.7
2009,8,2,13.8,17.0,20.2,6.2,7.9,130.8
2009,8,3,14.3,16.9,19.5,6.2,7.4,136.7
2009,8,4,14.0,16.6,19.1,0.0,6.5,114.2
2009,8,5,16.1,20.7,25.2,2.0,16.3,230.4
2009,8,6,14.9,18.0,21.0,0.0,14.0,262.1
2009,8,7,13.2,17.2,21.2,0.0,12.3,312.1
2009,8,8,13.4,17.9,22.4,0.0,11.8,318.3
2009,8,9,13.9,19.1,24.3,0.0,14.1,243.8
2009,8,10,13.8,16.8,19.7,0.0,7.6,195.7
2009,8,11,13.1,16.9,20.6,0.0,7.0,190.4
2009,8,12,10.2,15.1,19.9,0.0,6.9,170.0
2009,8,13,12.9,19.9,26.9,0.0,11.8,221.3
2009,8,14,16.5,23.0,29.4,0.0,8.3,250.4
2009,8,15,16.6,22.1,27.5,7.4,14.3,275.4
2009,8,16,13.2,15.7,18.1,0.6,8.6,228.8
2009,8,17,12.7,13.8,14.8,9.4,8.3,122.1
2009,8,18,12.7,13.6,14.4,17.8,8.7,90.8
2009,8,19,13.9,14.9,15.8,0.6,6.0,157.1
2009,8,20,13.2,17.4,21.5,0.2,9.0,247.1
2009,8,21,11.7,14.1,16.4,16.2,10.5,104.6
2009,8,22,14.4,18.2,21.9,0.2,8.5,175.4
2009,8,23,14.3,17.3,20.2,0.0,8.0,238.3
2009,8,24,12.8,16.6,20.3,0.0,9.6,238.8
2009,8,25,12.3,15.4,18.5,10.0,7.5,197.9
2009,8,26,12.1,16.5,20.9,3.2,22.2,240.0
2009,8,27,8.9,11.5,14.0,0.0,24.3,322.1
2009,8,28,8.6,12.7,16.7,0.0,12.8,305.0
2009,8,29,7.4,11.3,15.2,0.0,7.8,194.2
2009,8,30,8.7,9.8,10.9,6.4,14.0,92.5
2009,8,31,9.8,12.4,15.0,7.2,12.3,235.4
2009,9,1,8.9,11.7,14.5,0.0,7.3,264.6
2009,9,2,9.3,15.6,21.9,0.0,13.8,197.8
2009,9,3,14.7,18.5,22.3,0.0,14.0,275.8
2009,9,4,11.7,14.6,17.5,0.0,12.4,312.9
2009,9,5,8.5,11.1,13.7,1.6,7.8,214.2
2009,9,6,7.2,11.5,15.7,0.0,16.0,269.2
2009,9,7,11.3,14.9,18.5,2.6,17.2,251.3
2009,9,8,9.5,13.8,18.0,0.0,10.5,299.2
2009,9,9,6.8,11.9,16.9,0.0,9.1,312.9
2009,9,10,5.9,12.6,19.2,0.0,12.0,215.0
2009,9,11,8.8,14.8,20.7,0.0,5.5,170.4
2009,9,12,10.1,15.6,21.1,3.8,7.1,192.1
2009,9,13,6.2,9.3,12.4,18.6,10.2,132.1
2009,9,14,5.4,9.0,12.6,0.0,15.3,339.2
2009,9,15,4.6,7.2,9.8,1.2,12.8,132.1
2009,9,16,3.8,9.3,14.8,0.0,10.0,295.8
2009,9,17,4.6,10.3,15.9,0.0,11.2,231.3
2009,9,18,5.9,9.7,13.4,1.8,8.9,175.8
2009,9,19,7.6,9.8,11.9,0.2,17.8,289.6
2009,9,20,8.0,12.9,17.8,0.0,9.3,280.8
2009,9,21,6.8,11.7,16.5,0.0,5.9,189.6
2009,9,22,8.7,14.8,20.8,0.0,7.3,181.3
2009,9,23,10.4,15.1,19.7,3.6,16.3,263.8
2009,9,24,5.3,8.7,12.1,0.0,12.2,222.9
2009,9,25,3.3,6.7,10.1,0.2,12.3,260.8
2009,9,26,3.6,8.9,14.1,0.0,16.5,244.2
2009,9,27,5.4,9.6,13.7,0.0,7.1,192.9
2009,9,28,8.6,10.0,11.4,21.0,21.6,102.5
2009,9,29,8.4,9.4,10.3,20.0,16.5,99.6
2009,9,30,7.9,9.7,11.5,2.8,5.3,118.8
2009,10,1,8.9,9.9,10.9,11.0,9.6,95.0
2009,10,2,8.5,9.2,9.9,-999.0,13.2,98.2
2009,10,3,7.5,8.6,9.6,1.0,5.8,109.5
2009,10,4,5.9,6.7,7.5,28.4,16.8,67.9
2009,10,5,5.9,6.9,7.8,31.8,19.5,56.3
2009,10,6,5.5,7.3,9.0,2.6,7.6,277.5
2009,10,7,3.6,6.2,8.8,3.2,8.4,176.7
2009,10,8,6.4,7.6,8.8,3.4,7.7,169.2
2009,10,9,6.5,7.1,7.7,4.4,8.0,121.3
2009,10,10,4.6,7.0,9.3,1.4,10.3,243.8
2009,10,11,3.5,6.1,8.7,0.6,16.6,259.6
2009,10,12,3.7,6.4,9.1,0.0,20.2,273.3
2009,10,13,2.6,5.0,7.4,0.0,13.7,282.5
2009,10,14,2.2,4.8,7.4,0.0,16.4,296.3
2009,10,15,0.9,4.0,7.0,0.0,18.3,291.7
2009,10,16,0.7,3.0,5.2,0.0,7.8,240.0
2009,10,17,0.8,3.4,6.0,0.0,8.3,270.8
2009,10,18,-0.1,2.2,4.5,0.0,7.3,194.2
2009,10,19,0.7,2.9,5.0,1.8,6.8,202.9
2009,10,20,2.5,3.8,5.0,2.4,5.7,244.6
2009,10,21,3.4,4.9,6.3,0.0,18.2,301.3
2009,10,22,-0.3,1.6,3.4,0.0,15.8,239.2
2009,10,23,-0.8,2.1,5.0,0.0,12.6,317.9
2009,10,24,-0.3,2.6,5.5,13.8,14.8,113.3
2009,10,25,4.9,7.4,9.8,7.0,18.6,190.4
2009,10,26,-1.7,2.1,5.8,0.0,26.5,298.3
2009,10,27,-3.6,-1.2,1.3,0.0,9.6,271.7
2009,10,28,-2.6,0.9,4.4,0.0,7.6,230.8
2009,10,29,-1.1,1.9,4.8,0.0,7.6,228.3
2009,10,30,-0.3,2.2,4.7,0.0,7.0,180.0
2009,10,31,4.4,8.8,13.1,27.0,12.0,140.4
2009,11,1,3.7,7.4,11.1,-999.0,22.1,263.3
2009,11,2,1.2,2.9,4.6,-999.0,10.5,202.9
2009,11,3,2.1,3.8,5.4,-999.0,7.2,97.9
2009,11,4,-0.8,1.5,3.7,-999.0,17.6,269.6
2009,11,5,-2.9,-1.1,0.7,-999.0,9.5,214.6
2009,11,6,-3.0,-0.1,2.8,-999.0,11.8,267.5
2009,11,7,-4.3,-1.5,1.4,-999.0,12.0,254.6
2009,11,8,0.5,5.0,9.4,-999.0,12.7,217.1
2009,11,9,4.3,8.1,11.8,-999.0,16.8,245.8
2009,11,10,4.2,6.6,8.9,-999.0,11.9,265.4
2009,11,11,3.0,5.2,7.3,-999.0,18.5,265.0
2009,11,12,2.6,5.6,8.5,-999.0,16.6,230.0
2009,11,13,0.6,3.7,6.7,-999.0,6.6,210.4
2009,11,14,-0.2,2.1,4.4,-999.0,4.8,150.8
2009,11,15,3.0,4.6,6.1,-999.0,5.3,98.8
2009,11,16,1.9,5.5,9.1,-999.0,18.7,267.9
2009,11,17,-1.8,0.1,2.0,-999.0,16.8,316.7
2009,11,18,-1.7,3.6,8.9,-999.0,14.2,261.7
2009,11,19,-0.4,4.1,8.6,-999.0,7.7,236.3
2009,11,20,-1.1,1.0,3.1,-999.0,5.6,163.3
2009,11,21,2.9,4.8,6.6,-999.0,14.1,295.0
2009,11,22,-1.6,0.8,3.2,-999.0,12.1,283.8
2009,11,23,-2.7,0.2,3.1,-999.0,5.3,241.7
2009,11,24,-2.8,-0.3,2.2,-999.0,5.0,182.5
2009,11,25,0.3,1.3,2.2,-999.0,6.9,81.7
2009,11,26,0.5,1.9,3.2,-999.0,5.1,144.2
2009,11,27,1.8,3.3,4.7,-999.0,9.2,113.3
2009,11,28,2.1,3.4,4.6,-999.0,17.8,315.0
2009,11,29,-0.1,1.1,2.3,-999.0,27.0,276.3
2009,11,30,-2.3,-1.0,0.3,-999.0,10.8,269.6
2009,12,1,-4.7,-2.6,-0.4,-999.0,11.4,302.9
2009,12,2,-5.8,-3.3,-0.7,-999.0,18.3,273.8
2009,12,3,-4.1,-2.1,-0.1,-999.0,9.4,131.7
2009,12,4,-1.8,0.9,3.6,-999.0,10.0,89.6
2009,12,5,-4.8,-1.2,2.5,-999.0,12.5,265.8
2009,12,6,-5.1,-3.4,-1.6,-999.0,11.5,305.8
2009,12,7,-5.4,-4.4,-3.4,-999.0,16.3,276.3
2009,12,8,-6.1,-4.8,-3.4,-999.0,15.2,283.3
2009,12,9,-8.0,-5.1,-2.2,-999.0,13.3,177.1
2009,12,10,-5.4,-3.9,-2.4,-999.0,21.5,164.2
2009,12,11,-8.5,-6.2,-3.8,-999.0,20.1,292.5
2009,12,12,-12.3,-10.2,-8.1,-999.0,30.3,287.1
2009,12,13,-14.4,-10.8,-7.1,-999.0,13.5,176.7
2009,12,14,-9.3,-7.3,-5.2,-999.0,13.2,240.4
2009,12,15,-10.2,-8.8,-7.3,-999.0,13.5,96.3
2009,12,16,-10.4,-7.7,-5.0,-999.0,18.3,251.7
2009,12,17,-11.5,-10.8,-10.0,-999.0,24.7,310.8
2009,12,18,-11.3,-8.2,-5.0,-999.0,24.1,321.7
2009,12,19,-7.3,-4.8,-2.2,-999.0,11.2,240.8
2009,12,20,-7.4,-3.3,0.8,-999.0,13.0,311.7
2009,12,21,0.8,3.2,5.5,-999.0,8.5,260.4
2009,12,22,2.7,4.7,6.7,-999.0,8.0,137.9
2009,12,23,-1.4,1.0,3.4,-999.0,7.8,90.4
2009,12,24,-4.5,-2.1,0.3,-999.0,7.4,296.7
2009,12,25,-6.3,-3.2,-0.1,-999.0,12.5,224.6
2009,12,26,-7.9,-5.7,-3.5,-999.0,5.5,208.8
2009,12,27,-3.7,-1.7,0.3,-999.0,10.2,105.8
2009,12,28,-2.9,-0.2,2.6,-999.0,12.4,211.7
2009,12,29,-14.5,-8.0,-1.5,-999.0,23.4,307.9
2009,12,30,-16.2,-14.4,-12.5,-999.0,28.1,301.7
2009,12,31,-16.8,-13.1,-9.3,-999.0,7.8,197.1
2010,1,1,-10.1,-7.8,-5.4,-999.0,7.8,246.7
2010,1,2,-7.7,-2.0,3.8,-999.0,15.9,219.6
2010,1,3,2.1,3.3,4.5,-999.0,24.1,94.2
2010,1,4,2.1,3.9,5.6,-999.0,17.8,205.0
2010,1,5,2.5,3.7,4.8,-999.0,14.8,315.0
2010,1,6,1.1,2.9,4.7,-999.0,12.5,314.2
2010,1,7,0.5,1.7,2.8,-999.0,10.9,301.3
2010,1,8,-8.6,-3.9,0.9,-999.0,20.1,341.7
2010,1,9,-15.0,-10.8,-6.6,-999.0,21.4,349.6
2010,1,10,-16.7,-14.1,-11.4,-999.0,15.2,322.5
2010,1,11,-15.8,-11.2,-6.5,-999.0,16.5,299.6
2010,1,12,-11.9,-10.0,-8.1,-999.0,20.3,330.0
2010,1,13,-11.8,-9.3,-6.7,-999.0,11.9,335.0
2010,1,14,-11.9,-8.1,-4.3,-999.0,6.0,247.1
2010,1,15,-7.6,-3.5,0.7,-999.0,13.0,280.4
2010,1,16,-15.9,-11.7,-7.5,-999.0,20.0,291.3
2010,1,17,-16.7,-12.6,-8.5,-999.0,15.8,296.3
2010,1,18,-12.5,-9.1,-5.6,-999.0,8.3,112.5
2010,1,19,-5.9,-4.7,-3.5,-999.0,8.9,39.6
2010,1,20,-4.5,-3.3,-2.0,-999.0,5.6,115.8
2010,1,21,-6.5,-5.0,-3.4,-999.0,13.0,294.6
2010,1,22,-12.3,-9.4,-6.4,-999.0,18.5,310.8
2010,1,23,-12.3,-9.8,-7.2,-999.0,19.5,296.7
2010,1,24,-11.5,-8.0,-4.4,-999.0,11.6,278.8
2010,1,25,-11.7,-5.5,0.7,-999.0,13.4,120.0
2010,1,26,0.5,1.4,2.3,-999.0,9.5,106.7
2010,1,27,-6.0,-1.4,3.3,-999.0,14.5,230.4
2010,1,28,-8.9,-6.0,-3.0,-999.0,8.3,167.9
2010,1,29,-9.1,-5.3,-1.5,-999.0,24.0,234.2
2010,1,30,-16.4,-12.6,-8.7,-999.0,29.2,304.6
2010,1,31,-17.5,-15.2,-12.8,-999.0,17.5,279.2
2010,2,1,-21.2,-17.7,-14.2,-999.0,17.5,286.3
2010,2,2,-25.4,-21.8,-18.1,-999.0,18.3,286.3
2010,2,3,-22.9,-16.4,-9.8,-999.0,8.7,255.4
2010,2,4,-18.6,-16.2,-13.7,-999.0,16.1,298.3
2010,2,5,-17.0,-14.3,-11.5,-999.0,15.3,298.3
2010,2,6,-11.5,-7.1,-2.6,-999.0,14.3,330.0
2010,2,7,-3.6,-0.6,2.5,-999.0,21.1,349.2
2010,2,8,-0.1,1.4,2.8,-999.0,19.0,337.5
2010,2,9,-5.0,-2.5,0.1,-999.0,17.4,332.1
2010,2,10,-5.2,-2.9,-0.5,-999.0,17.1,287.5
2010,2,11,-3.5,-0.4,2.8,-999.0,12.6,299.6
2010,2,12,-2.0,0.1,2.1,-999.0,18.6,330.0
2010,2,13,-0.5,1.8,4.1,-999.0,13.8,313.8
2010,2,14,-2.2,1.1,4.4,-999.0,7.5,147.3
2010,2,15,-2.7,0.6,3.8,-999.0,6.8,227.8
2010,2,16,-1.5,0.3,2.0,-999.0,4.9,112.7
2010,2,17,-1.4,1.8,4.9,-999.0,8.4,242.2
2010,2,18,2.3,3.5,4.6,-999.0,9.5,308.3
2010,2,19,0.0,1.8,3.6,-999.0,7.5,198.8
2010,2,20,-0.1,2.5,5.1,-999.0,10.4,275.8
2010,2,21,0.6,3.3,5.9,-999.0,9.8,143.3
2010,2,22,1.6,4.7,7.8,-999.0,10.9,97.1
2010,2,23,-1.3,0.2,1.6,-999.0,16.8,80.4
2010,2,24,-1.8,-0.8,0.2,-999.0,13.6,73.8
2010,2,25,-1.7,-0.7,0.4,-999.0,13.4,79.2
2010,2,26,-1.6,0.9,3.3,-999.0,16.9,67.5
2010,2,27,0.1,1.7,3.3,-999.0,14.7,68.3
2010,2,28,-1.0,-0.5,0.1,-999.0,12.6,64.2
2010,3,1,-1.6,0.8,3.1,-999.0,22.2,233.3
2010,3,2,-4.3,-1.7,1.0,-999.0,9.8,205.0
2010,3,3,-5.1,-0.9,3.3,-999.0,8.2,188.8
2010,3,4,-6.3,-3.0,0.4,-999.0,18.9,128.8
2010,3,5,-8.4,-1.9,4.6,-999.0,12.6,255.8
2010,3,6,-1.4,2.1,5.5,-999.0,12.7,295.0
2010,3,7,-3.9,-0.1,3.7,-999.0,8.1,246.3
2010,3,8,-4.3,-0.3,3.8,-999.0,20.4,294.2
2010,3,9,-4.9,-0.9,3.2,-999.0,18.4,315.0
2010,3,10,-5.8,-3.2,-0.5,-999.0,16.0,315.8
2010,3,11,-7.8,-2.7,2.4,-999.0,11.6,298.3
2010,3,12,-4.5,0.6,5.6,-999.0,10.3,269.6
2010,3,13,-5.1,-1.3,2.5,-999.0,6.3,215.4
2010,3,14,-3.8,1.0,5.7,-999.0,5.6,241.3
2010,3,15,-1.2,2.3,5.7,-999.0,7.7,201.3
2010,3,16,-2.1,4.4,10.9,-999.0,11.1,287.1
2010,3,17,0.3,4.0,7.7,-999.0,15.4,243.3
2010,3,18,-0.7,1.9,4.4,-999.0,15.1,297.9
2010,3,19,-3.6,-1.8,0.1,-999.0,9.9,202.1
2010,3,20,-6.8,-2.2,2.5,-999.0,11.4,137.5
2010,3,21,-10.5,-6.7,-2.8,-999.0,12.3,207.1
2010,3,22,-7.3,-2.9,1.5,-999.0,7.8,184.2
2010,3,23,-6.3,-2.9,0.5,-999.0,14.3,162.5
2010,3,24,-2.7,-1.5,-0.2,-999.0,17.4,125.8
2010,3,25,-8.1,-2.4,3.3,-999.0,16.3,229.6
2010,3,26,-14.6,-11.0,-7.4,-999.0,24.4,294.2
2010,3,27,-16.6,-11.5,-6.3,-999.0,14.3,289.6
2010,3,28,-12.8,-6.7,-0.6,-999.0,11.4,95.0
2010,3,29,-1.4,-0.5,0.4,-999.0,9.1,100.8
2010,3,30,-1.4,3.0,7.3,-999.0,6.9,292.1
2010,3,31,-0.9,0.5,1.9,-999.0,11.8,65.4
2010,4,1,0.5,1.4,2.2,-999.0,7.0,79.6
2010,4,2,-1.0,1.9,4.7,-999.0,4.9,176.7
2010,4,3,-0.8,2.6,5.9,-999.0,6.0,203.5
2010,4,4,-1.0,3.4,7.7,-999.0,7.6,103.3
2010,4,5,-0.5,4.6,9.6,-999.0,7.4,225.4
2010,4,6,2.7,8.3,13.8,-999.0,8.3,244.3
2010,4,7,1.9,4.4,6.9,-999.0,8.2,159.6
2010,4,8,1.0,4.3,7.6,-999.0,14.9,272.2
2010,4,9,1.0,1.6,2.1,-999.0,16.7,70.4
2010,4,10,1.5,4.7,7.8,-999.0,20.4,204.2
2010,4,11,1.1,3.6,6.0,-999.0,25.4,275.8
2010,4,12,0.0,2.9,5.8,-999.0,15.2,295.4
2010,4,13,-2.0,1.0,4.0,-999.0,11.0,215.4
2010,4,14,-1.0,2.8,6.5,-999.0,7.3,141.7
2010,4,15,0.1,2.7,5.3,-999.0,9.0,86.7
2010,4,16,-0.8,3.1,6.9,-999.0,9.8,135.0
2010,4,17,0.6,4.1,7.6,-999.0,8.4,146.3
2010,4,18,2.0,4.7,7.3,-999.0,11.5,109.2
2010,4,19,5.6,8.5,11.3,-999.0,7.0,258.8
2010,4,20,4.5,9.3,14.1,-999.0,9.8,236.7
2010,4,21,4.4,6.4,8.4,-999.0,6.5,150.0
2010,4,22,3.7,8.3,12.9,-999.0,7.5,140.0
2010,4,23,4.5,6.8,9.0,-999.0,7.4,158.8
2010,4,24,5.0,8.2,11.3,-999.0,8.8,235.8
2010,4,25,1.5,6.7,11.9,-999.0,14.3,236.3
2010,4,26,0.0,2.8,5.6,-999.0,13.1,276.7
2010,4,27,-0.4,3.7,7.7,-999.0,7.7,181.3
2010,4,28,4.7,7.8,10.9,-999.0,9.9,305.0
2010,4,29,4.5,6.5,8.4,-999.0,14.6,323.3
2010,4,30,3.8,7.9,11.9,-999.0,15.3,260.4
2010,5,1,4.1,8.3,12.4,0.0,14.3,290.4
2010,5,2,4.9,7.2,9.4,2.0,6.6,105.4
2010,5,3,4.8,7.0,9.1,45.6,12.7,110.4
2010,5,4,6.1,7.9,9.7,0.0,11.7,221.7
2010,5,5,4.9,8.4,11.9,0.0,8.5,192.5
2010,5,6,3.6,4.9,6.1,21.8,11.7,107.1
2010,5,7,4.6,7.4,10.1,6.4,17.4,305.0
2010,5,8,4.6,8.4,12.2,0.8,13.1,203.8
2010,5,9,4.1,6.6,9.1,14.4,10.1,180.0
2010,5,10,4.2,7.3,10.3,0.0,15.6,310.0
2010,5,11,3.0,5.6,8.2,0.0,13.4,227.9
2010,5,12,3.5,5.2,6.9,0.2,14.9,311.3
2010,5,13,4.3,6.6,8.8,0.0,22.2,336.3
2010,5,14,4.1,7.6,11.1,0.0,9.3,280.4
2010,5,15,5.4,8.4,11.3,0.0,11.0,314.6
2010,5,16,5.0,8.0,10.9,0.0,23.0,339.6
2010,5,17,6.2,12.6,19.0,0.0,9.5,267.5
2010,5,18,4.6,8.5,12.4,0.0,7.1,144.6
2010,5,19,4.7,8.1,11.5,0.0,7.7,139.6
2010,5,20,5.6,9.9,14.2,3.8,11.4,271.3
2010,5,21,3.8,7.6,11.4,0.0,15.5,254.6
2010,5,22,5.5,10.1,14.7,0.0,7.7,190.4
2010,5,23,8.3,17.8,27.3,1.0,5.1,198.2
2010,5,24,6.5,11.5,16.5,5.0,8.3,135.0
2010,5,25,6.5,8.3,10.1,5.0,7.0,150.0
2010,5,26,6.6,10.8,15.0,0.0,10.0,207.1
2010,5,27,8.8,13.0,17.2,0.0,21.3,184.2
2010,5,28,9.3,13.6,17.9,0.0,10.1,236.7
2010,5,29,9.3,12.9,16.5,2.4,7.8,189.2
2010,5,30,7.4,10.2,12.9,0.4,17.5,318.3
2010,5,31,7.1,11.4,15.7,0.0,10.5,238.8
2010,6,1,6.9,8.5,10.1,0.2,9.8,99.2
2010,6,2,6.4,7.4,8.4,7.4,7.4,97.7
2010,6,3,6.6,11.0,15.3,0.2,8.0,179.2
2010,6,4,6.7,10.4,14.1,0.0,7.1,165.0
2010,6,5,8.3,11.4,14.5,0.0,9.5,211.3
2010,6,6,8.0,11.1,14.1,8.6,6.3,127.9
2010,6,7,7.4,9.1,10.7,17.0,15.3,260.0
2010,6,8,6.9,10.0,13.1,2.0,14.3,299.6
2010,6,9,7.0,11.7,16.3,0.2,13.8,247.1
2010,6,10,6.8,14.3,21.7,0.0,9.8,198.8
2010,6,11,9.2,16.5,23.8,0.2,11.3,216.7
2010,6,12,9.4,14.6,19.7,0.0,10.6,218.3
2010,6,13,8.7,16.1,23.5,0.0,9.8,229.6
2010,6,14,8.9,15.2,21.5,0.0,16.3,282.1
2010,6,15,8.8,13.4,17.9,0.0,21.7,328.3
2010,6,16,11.6,19.0,26.4,0.0,12.9,256.7
2010,6,17,9.4,14.9,20.4,0.0,8.2,153.3
2010,6,18,11.6,16.5,21.3,0.4,13.9,255.4
2010,6,19,10.2,12.2,14.1,1.2,8.2,95.0
2010,6,20,9.4,17.0,24.5,0.0,6.5,226.7
2010,6,21,11.5,16.4,21.3,0.0,8.5,215.8
2010,6,22,9.9,16.8,23.7,0.0,9.8,168.8
2010,6,23,11.0,15.3,19.5,0.8,6.5,152.9
2010,6,24,11.6,13.3,15.0,25.6,8.5,141.3
2010,6,25,11.5,15.0,18.4,0.2,17.2,289.2
2010,6,26,9.3,12.7,16.1,0.6,16.0,261.3
2010,6,27,8.2,11.8,15.3,0.0,8.0,202.5
2010,6,28,7.9,10.8,13.7,6.0,7.0,130.0
2010,6,29,9.2,10.7,12.1,4.6,13.0,75.4
2010,6,30,8.5,9.9,11.2,12.4,14.3,76.7
2010,7,1,9.4,12.1,14.8,3.4,5.9,175.4
2010,7,2,11.3,16.0,20.7,0.0,14.8,245.0
2010,7,3,12.0,14.5,16.9,0.0,6.0,138.8
2010,7,4,10.9,16.3,21.7,0.2,7.2,160.4
2010,7,5,9.7,13.3,16.8,34.6,15.7,82.5
2010,7,6,10.0,13.3,16.5,0.2,8.5,158.3
2010,7,7,12.4,14.7,16.9,5.2,5.6,107.5
2010,7,8,12.0,15.5,19.0,0.4,6.2,146.7
2010,7,9,13.3,20.5,27.7,0.0,7.2,180.0
2010,7,10,15.5,19.9,24.3,6.0,10.5,208.8
2010,7,11,16.0,19.9,23.7,0.0,7.7,177.4
2010,7,12,16.0,18.5,21.0,0.2,6.6,121.3
2010,7,13,15.4,18.3,21.2,0.0,6.8,179.6
2010,7,14,15.5,21.5,27.5,0.0,9.5,213.8
2010,7,15,16.4,19.7,23.0,0.0,8.5,198.8
2010,7,16,14.0,15.3,16.6,15.8,6.8,93.3
2010,7,17,15.3,17.7,20.1,0.6,5.8,115.4
2010,7,18,15.2,19.0,22.7,1.6,8.9,195.4
2010,7,19,14.3,17.0,19.7,0.0,9.5,187.9
2010,7,20,14.0,18.6,23.1,0.0,15.5,236.7
2010,7,21,15.4,20.5,25.6,0.0,13.7,233.3
2010,7,22,14.8,19.4,23.9,0.0,9.5,195.4
2010,7,23,14.3,18.9,23.4,0.0,12.5,272.1
2010,7,24,13.9,17.9,21.8,0.2,5.9,94.2
2010,7,25,15.3,19.0,22.6,27.6,11.3,214.6
2010,7,26,15.8,19.7,23.6,0.0,13.3,284.2
2010,7,27,14.2,18.3,22.3,0.2,11.7,253.8
2010,7,28,14.2,18.4,22.6,1.2,10.7,147.9
2010,7,29,14.3,17.4,20.4,0.0,18.8,243.3
2010,7,30,11.3,14.9,18.5,0.0,7.9,288.3
2010,7,31,11.3,15.7,20.0,0.0,12.3,247.5
2010,8,1,11.2,14.6,17.9,0.0,7.1,125.8
2010,8,2,11.1,15.2,19.2,0.0,6.4,106.7
2010,8,3,13.9,16.1,18.3,0.8,7.3,93.0
2010,8,4,14.8,15.9,16.9,7.4,6.8,84.6
2010,8,5,15.3,17.9,20.4,11.4,7.1,110.0
2010,8,6,12.7,17.9,23.1,0.0,15.2,227.1
2010,8,7,10.8,14.4,17.9,0.0,17.8,235.0
2010,8,8,12.2,15.9,19.6,2.2,17.0,182.9
2010,8,9,11.2,18.3,25.4,0.2,11.3,214.6
2010,8,10,14.3,18.2,22.0,0.0,10.1,258.8
2010,8,11,13.3,17.5,21.6,0.0,8.1,309.6
2010,8,12,12.5,17.6,22.7,0.0,9.3,274.2
2010,8,13,13.8,18.9,24.0,0.0,12.3,220.0
2010,8,14,11.9,16.6,21.2,0.0,6.3,153.8
2010,8,15,13.8,16.6,19.4,0.0,6.2,92.9
2010,8,16,13.9,16.0,18.1,0.4,7.8,103.3
2010,8,17,13.6,16.3,19.0,6.8,8.0,115.4
2010,8,18,12.6,17.5,22.3,0.2,9.3,242.1
2010,8,19,10.7,14.3,17.9,2.4,6.5,117.1
2010,8,20,12.4,13.8,15.1,18.0,11.0,94.2
2010,8,21,12.3,13.7,15.1,1.4,8.8,100.4
2010,8,22,11.4,14.2,17.0,0.2,8.4,80.0
2010,8,23,10.9,14.3,17.6,0.0,7.3,203.8
2010,8,24,11.9,17.9,23.8,0.0,7.3,190.8
2010,8,25,12.6,15.8,19.0,0.2,7.0,98.8
2010,8,26,13.7,14.7,15.7,2.8,6.8,101.7
2010,8,27,14.2,17.3,20.4,12.2,14.1,277.1
2010,8,28,13.1,17.2,21.2,0.0,12.7,238.3
2010,8,29,12.9,16.7,20.4,26.0,6.7,140.4
2010,8,30,14.3,16.7,19.1,1.2,6.4,249.6
2010,8,31,14.2,19.4,24.6,14.6,6.5,237.5
2010,9,1,13.7,15.8,17.8,2.2,5.9,105.8
2010,9,2,14.8,19.6,24.3,1.4,9.3,240.0
2010,9,3,13.8,16.8,19.7,0.0,6.7,195.4
2010,9,4,13.5,15.4,17.2,42.2,18.3,99.2
2010,9,5,13.7,15.5,17.3,0.0,21.4,216.3
2010,9,6,11.5,14.1,16.6,1.0,15.5,231.7
2010,9,7,9.0,13.5,17.9,0.2,9.9,232.9
2010,9,8,8.7,11.7,14.7,0.0,10.0,80.4
2010,9,9,10.8,11.9,13.0,2.8,12.7,81.7
2010,9,10,10.4,13.0,15.6,3.2,9.4,296.3
2010,9,11,7.4,11.9,16.4,0.2,8.1,218.8
2010,9,12,6.3,9.2,12.1,0.0,8.5,80.8
2010,9,13,9.9,11.1,12.2,0.0,10.3,77.9
2010,9,14,10.3,11.2,12.1,0.6,10.6,71.3
2010,9,15,11.0,11.9,12.8,2.8,11.5,70.4
2010,9,16,10.4,13.0,15.6,0.4,10.7,210.8
2010,9,17,10.4,13.4,16.4,0.0,7.5,241.3
2010,9,18,8.2,13.0,17.7,2.2,8.4,163.3
2010,9,19,9.8,13.2,16.6,0.2,9.8,236.3
2010,9,20,6.6,11.0,15.4,0.0,11.8,274.2
2010,9,21,8.0,11.4,14.8,0.0,15.7,286.7
2010,9,22,9.9,14.4,18.9,0.0,19.6,234.6
2010,9,23,7.8,10.8,13.7,0.0,18.6,283.8
2010,9,24,5.7,8.8,11.8,0.0,11.4,233.8
2010,9,25,7.0,8.8,10.5,0.0,7.8,155.8
2010,9,26,4.6,8.6,12.5,0.0,12.3,243.8
2010,9,27,3.0,6.8,10.6,0.0,5.0,204.2
2010,9,28,9.0,10.3,11.5,38.4,4.5,127.9
2010,9,29,10.6,12.2,13.7,5.6,5.6,134.6
2010,9,30,10.4,10.9,11.6,-999.0,5.8,90.5
2010,10,1,11.3,13.9,16.4,13.6,9.5,265.4
2010,10,2,8.8,11.2,13.6,0.4,13.3,293.8
2010,10,3,4.3,8.4,12.5,0.0,12.3,307.5
2010,10,4,3.6,7.9,12.2,0.0,14.0,236.7
2010,10,5,6.3,11.1,15.9,0.0,11.8,273.8
2010,10,6,3.5,6.8,10.0,0.0,7.3,214.2
2010,10,7,6.3,7.4,8.5,23.6,17.2,167.5
2010,10,8,4.3,6.2,8.1,0.0,24.1,274.2
2010,10,9,4.6,6.9,9.1,0.0,23.5,283.3
2010,10,10,5.1,6.2,7.3,0.0,21.6,277.1
2010,10,11,5.0,8.4,11.8,0.0,13.8,281.7
2010,10,12,5.2,8.0,10.8,0.0,13.0,265.8
2010,10,13,2.6,6.7,10.8,0.0,9.4,293.8
2010,10,14,1.1,4.1,7.1,0.0,5.4,156.3
2010,10,15,3.1,5.5,7.8,3.4,13.4,53.8
2010,10,16,5.0,6.3,7.5,4.6,13.5,177.1
2010,10,17,4.9,7.5,10.1,0.0,11.1,286.3
2010,10,18,5.4,6.4,7.3,0.4,26.0,273.8
2010,10,19,2.9,4.9,6.8,0.0,21.8,242.5
2010,10,20,2.0,4.9,7.8,5.2,7.8,201.3
2010,10,21,2.6,4.6,6.6,1.2,13.8,67.9
2010,10,22,4.6,5.9,7.2,2.6,14.8,239.6
2010,10,23,3.7,5.5,7.3,0.4,20.3,325.4
2010,10,24,1.3,4.2,7.0,0.0,13.6,295.0
2010,10,25,1.7,4.3,6.8,0.0,7.5,187.5
2010,10,26,2.3,4.0,5.7,0.0,10.7,64.6
2010,10,27,4.8,5.8,6.7,9.6,15.7,76.3
2010,10,28,3.3,5.0,6.6,1.2,5.1,144.8
2010,10,29,1.6,5.5,9.4,0.8,7.6,235.8
2010,10,30,3.3,4.8,6.2,0.4,14.6,275.8
2010,10,31,2.0,3.9,5.8,2.4,9.4,175.4
2010,11,1,-0.1,1.7,3.4,-999.0,17.0,307.1
2010,11,2,-0.8,1.5,3.8,-999.0,13.0,313.3
2010,11,3,-0.5,2.9,6.2,-999.0,8.1,245.4
2010,11,4,-1.1,2.3,5.7,-999.0,6.7,104.2
2010,11,5,1.1,7.2,13.3,-999.0,11.6,130.4
2010,11,6,3.1,5.5,7.9,-999.0,13.8,234.2
2010,11,7,1.5,3.3,5.0,-999.0,7.1,283.3
2010,11,8,3.1,4.6,6.0,-999.0,7.2,304.6
2010,11,9,1.2,3.5,5.7,-999.0,12.1,280.0
2010,11,10,0.2,2.8,5.3,-999.0,11.4,215.0
2010,11,11,-0.5,2.5,5.4,-999.0,5.4,251.3
2010,11,12,-0.2,3.8,7.8,-999.0,5.2,192.7
2010,11,13,2.1,5.2,8.2,-999.0,12.4,287.8
2010,11,14,-1.0,1.1,3.2,-999.0,7.1,217.9
2010,11,15,1.7,3.5,5.3,-999.0,7.3,108.3
2010,11,16,2.1,5.1,8.1,-999.0,7.5,204.2
2010,11,17,-0.1,2.6,5.2,-999.0,16.3,107.9
2010,11,18,1.1,3.9,6.6,-999.0,19.0,210.0
2010,11,19,-4.3,-1.4,1.5,-999.0,27.2,293.8
2010,11,20,-5.9,-4.6,-3.2,-999.0,13.1,292.1
2010,11,21,-5.8,-3.5,-1.1,-999.0,23.8,289.6
2010,11,22,-7.0,-4.7,-2.3,-999.0,11.5,117.1
2010,11,23,-5.5,-2.7,0.1,-999.0,12.1,43.8
2010,11,24,-0.6,1.3,3.1,-999.0,12.9,215.8
2010,11,25,0.2,2.7,5.1,-999.0,9.3,287.5
2010,11,26,-1.4,0.3,2.0,-999.0,9.0,231.3
2010,11,27,-5.6,-3.1,-0.5,-999.0,11.8,138.3
2010,11,28,-4.0,-0.4,3.2,-999.0,16.6,245.0
2010,11,29,-0.8,0.9,2.6,-999.0,15.1,268.3
2010,11,30,-0.4,0.5,1.4,-999.0,6.2,145.4
2010,12,1,-0.5,1.5,3.5,-999.0,16.8,69.2
2010,12,2,3.5,4.1,4.7,-999.0,20.3,81.7
2010,12,3,3.8,4.3,4.8,-999.0,20.7,74.2
2010,12,4,4.6,5.8,7.0,-999.0,22.0,70.8
2010,12,5,3.5,5.1,6.7,-999.0,28.5,73.8
2010,12,6,3.3,5.7,8.0,-999.0,22.2,62.9
2010,12,7,-1.7,1.0,3.6,-999.0,16.9,151.7
2010,12,8,-2.5,-0.8,0.9,-999.0,9.5,235.4
2010,12,9,-7.6,-4.8,-2.0,-999.0,19.5,295.4
2010,12,10,-9.6,-7.9,-6.2,-999.0,10.5,262.9
2010,12,11,-7.2,-5.6,-4.0,-999.0,7.8,243.8
2010,12,12,-7.3,-3.6,0.1,-999.0,14.1,168.8
2010,12,13,0.0,3.3,6.6,-999.0,26.7,82.1
2010,12,14,1.7,4.3,6.9,-999.0,27.0,80.0
2010,12,15,1.3,3.4,5.4,-999.0,32.3,73.8
2010,12,16,2.0,3.1,4.1,-999.0,13.1,84.6
2010,12,17,-5.2,-1.5,2.3,-999.0,12.4,187.1
2010,12,18,-6.7,-5.3,-3.8,-999.0,10.0,272.1
2010,12,19,-6.5,-3.1,0.3,-999.0,10.4,256.1
2010,12,20,0.3,2.2,4.0,-999.0,12.7,60.4
2010,12,21,1.3,2.6,3.8,-999.0,21.9,135.4
2010,12,22,-0.8,0.4,1.6,-999.0,26.8,286.7
2010,12,23,-4.9,-2.3,0.4,-999.0,21.4,345.8
2010,12,24,-8.2,-5.5,-2.8,-999.0,19.9,334.6
2010,12,25,-8.6,-6.3,-3.9,-999.0,19.5,330.8
2010,12,26,-6.6,-5.0,-3.4,-999.0,13.6,323.3
2010,12,27,-7.0,-6.0,-4.9,-999.0,33.3,327.1
2010,12,28,-6.7,-4.9,-3.0,-999.0,34.5,340.4
2010,12,29,-6.7,-4.9,-3.0,-999.0,19.2,320.8
2010,12,30,-7.4,-4.5,-1.5,-999.0,15.7,274.2
2010,12,31,-3.3,-0.9,1.5,-999.0,11.9,264.6
2011,1,1,-2.7,0.5,3.7,-999.0,5.3,248.8
2011,1,2,-2.3,-0.5,1.3,-999.0,7.3,112.5
2011,1,3,-2.6,-1.1,0.5,-999.0,6.8,265.9
2011,1,4,-4.9,-3.2,-1.4,-999.0,17.7,290.8
2011,1,5,-6.4,-5.6,-4.8,-999.0,9.9,195.0
2011,1,6,-8.4,-6.8,-5.1,-999.0,9.7,205.4
2011,1,7,-8.2,-6.6,-5.0,-999.0,14.2,87.9
2011,1,8,-5.6,-3.6,-1.5,-999.0,12.4,242.5
2011,1,9,-4.9,-0.9,3.2,-999.0,20.4,281.7
2011,1,10,-1.5,0.5,2.4,-999.0,22.8,332.9
2011,1,11,-4.5,-1.4,1.8,-999.0,10.9,291.3
2011,1,12,-5.9,-2.8,0.4,-999.0,10.5,99.2
2011,1,13,-3.5,-1.5,0.6,-999.0,16.3,207.9
2011,1,14,-5.0,-4.0,-3.0,-999.0,7.6,291.3
2011,1,15,-10.2,-7.6,-4.9,-999.0,14.2,289.6
2011,1,16,-12.1,-9.9,-7.6,-999.0,16.2,307.5
2011,1,17,-16.2,-13.5,-10.7,-999.0,18.8,288.8
2011,1,18,-16.6,-11.5,-6.3,-999.0,8.6,199.2
2011,1,19,-14.3,-10.6,-6.8,-999.0,18.8,317.1
2011,1,20,-16.6,-12.7,-8.7,-999.0,10.3,247.1
2011,1,21,-11.5,-8.6,-5.6,-999.0,9.8,207.9
2011,1,22,-17.7,-11.6,-5.5,-999.0,27.4,291.7
2011,1,23,-20.5,-17.8,-15.0,-999.0,16.7,292.9
2011,1,24,-20.5,-16.4,-12.2,-999.0,27.0,302.1
2011,1,25,-23.0,-18.8,-14.5,-999.0,15.1,271.7
2011,1,26,-17.5,-13.1,-8.7,-999.0,6.7,177.1
2011,1,27,-9.1,-6.4,-3.7,-999.0,12.3,182.9
2011,1,28,-10.1,-6.9,-3.7,-999.0,9.5,277.1
2011,1,29,-14.9,-10.4,-5.8,-999.0,10.1,258.3
2011,1,30,-16.8,-14.1,-11.3,-999.0,11.1,299.6
2011,1,31,-20.5,-17.1,-13.6,-999.0,20.7,280.4
2011,2,1,-20.5,-17.8,-15.0,-999.0,17.9,257.5
2011,2,2,-20.4,-17.8,-15.1,-999.0,9.4,264.6
2011,2,3,-19.0,-12.0,-4.9,-999.0,9.4,249.6
2011,2,4,-7.3,-4.3,-1.2,-999.0,14.7,251.3
2011,2,5,-6.7,-3.8,-0.8,-999.0,8.6,257.1
2011,2,6,-9.0,-5.0,-0.9,-999.0,10.4,302.1
2011,2,7,-12.4,-10.3,-8.2,-999.0,9.1,266.7
2011,2,8,-12.9,-9.4,-5.9,-999.0,14.8,283.3
2011,2,9,-17.5,-15.1,-12.7,-999.0,19.8,275.8
2011,2,10,-20.2,-18.5,-16.7,-999.0,15.5,271.7
2011,2,11,-22.1,-18.5,-14.8,-999.0,13.1,267.9
2011,2,12,-19.1,-11.3,-3.4,-999.0,16.3,190.0
2011,2,13,-21.2,-18.9,-16.5,-999.0,20.5,240.0
2011,2,14,-22.1,-16.8,-11.4,-999.0,17.0,31.3
2011,2,15,-15.9,-13.3,-10.7,-999.0,24.7,315.8
2011,2,16,-17.2,-11.4,-5.5,-999.0,12.2,262.9
2011,2,17,-8.1,-2.9,2.3,-999.0,10.8,286.7
2011,2,18,-7.4,-5.4,-3.3,-999.0,16.6,66.3
2011,2,19,-4.0,-1.8,0.5,-999.0,15.8,193.3
2011,2,20,-5.2,-1.6,2.0,-999.0,12.7,311.3
2011,2,21,-9.6,-6.7,-3.7,-999.0,18.0,330.4
2011,2,22,-12.3,-8.0,-3.7,-999.0,19.3,331.3
2011,2,23,-13.9,-9.0,-4.1,-999.0,17.2,332.1
2011,2,24,-13.7,-7.5,-1.2,-999.0,9.8,246.7
2011,2,25,-11.1,-6.4,-1.7,-999.0,18.0,278.3
2011,2,26,-17.8,-14.5,-11.1,-999.0,25.3,305.0
2011,2,27,-20.1,-15.8,-11.4,-999.0,12.2,285.0
2011,2,28,-15.1,-9.4,-3.7,-999.0,14.5,139.6
2011,3,1,-10.1,-6.9,-3.7,-999.0,18.8,259.2
2011,3,2,-12.1,-6.2,-0.3,-999.0,16.8,216.7
2011,3,3,-17.2,-14.6,-11.9,-999.0,25.1,310.8
2011,3,4,-18.7,-12.6,-6.4,-999.0,12.1,245.8
2011,3,5,-8.7,-5.5,-2.3,-999.0,7.4,98.8
2011,3,6,-10.6,-6.5,-2.3,-999.0,12.5,335.4
2011,3,7,-12.6,-11.5,-10.4,-999.0,18.3,292.9
2011,3,8,-14.0,-10.6,-7.2,-999.0,15.6,328.3
2011,3,9,-18.1,-13.1,-8.1,-999.0,7.6,249.6
2011,3,10,-12.9,-7.9,-2.9,-999.0,10.5,132.5
2011,3,11,-3.3,-1.4,0.5,-999.0,8.8,74.2
2011,3,12,-0.1,1.6,3.2,-999.0,10.7,87.0
2011,3,13,-12.3,-3.6,5.1,-999.0,24.9,317.9
2011,3,14,-14.3,-8.7,-3.0,-999.0,11.5,251.3
2011,3,15,-11.6,-4.4,2.9,-999.0,8.3,223.3
2011,3,16,-3.6,0.7,4.9,-999.0,10.0,183.9
2011,3,17,-1.3,3.2,7.6,-999.0,9.3,244.6
2011,3,18,-6.3,-3.4,-0.5,-999.0,22.3,200.0
2011,3,19,-10.7,-5.4,0.0,-999.0,16.9,335.8
2011,3,20,-9.0,-4.9,-0.8,-999.0,11.1,251.7
2011,3,21,-9.3,-5.0,-0.6,-999.0,6.9,191.3
2011,3,22,-2.3,-1.2,0.0,-999.0,12.0,67.9
2011,3,23,-3.7,-1.5,0.8,-999.0,11.3,111.7
2011,3,24,-6.7,-3.7,-0.7,-999.0,12.5,247.1
2011,3,25,-7.1,-3.5,0.2,-999.0,16.6,281.3
2011,3,26,-8.8,-5.3,-1.8,-999.0,22.0,315.0
2011,3,27,-6.9,-3.1,0.8,-999.0,23.4,301.3
2011,3,28,-2.7,0.8,4.2,-999.0,20.0,324.2
2011,3,29,0.5,3.3,6.1,-999.0,17.5,325.4
2011,3,30,0.0,3.2,6.3,-999.0,13.1,310.4
2011,3,31,-3.5,0.1,3.6,-999.0,9.4,223.8
2011,4,1,-4.8,-0.9,3.0,-999.0,11.4,159.2
2011,4,2,-1.6,1.4,4.3,-999.0,21.2,310.4
2011,4,3,-2.2,1.1,4.3,-999.0,14.3,332.1
2011,4,4,-4.2,-2.0,0.2,-999.0,10.0,156.7
2011,4,5,-1.2,1.7,4.6,-999.0,13.0,123.3
2011,4,6,-2.7,-0.1,2.6,-999.0,20.3,276.3
2011,4,7,-4.4,-1.1,2.2,-999.0,17.2,312.9
2011,4,8,-6.7,-3.0,0.8,-999.0,12.8,273.8
2011,4,9,-5.1,-1.9,1.3,-999.0,6.5,202.1
2011,4,10,-4.2,-0.1,4.1,-999.0,5.9,168.3
2011,4,11,-0.4,2.0,4.4,-999.0,5.8,150.8
2011,4,12,0.1,3.9,7.6,-999.0,19.1,294.6
2011,4,13,-1.8,1.1,4.0,-999.0,6.7,166.3
2011,4,14,-8.3,-1.3,5.7,-999.0,14.2,236.8
2011,4,15,-11.3,-6.0,-0.7,-999.0,16.5,294.6
2011,4,16,-7.1,-1.9,3.4,-999.0,14.7,207.5
2011,4,17,-0.7,0.1,0.9,-999.0,18.2,77.1
2011,4,18,-0.2,2.8,5.7,-999.0,11.0,153.3
2011,4,19,-1.9,0.2,2.3,-999.0,21.1,277.9
2011,4,20,-3.2,-0.2,2.9,-999.0,11.0,269.2
2011,4,21,-1.3,0.7,2.6,-999.0,6.8,135.0
2011,4,22,-0.5,5.8,12.1,-999.0,14.7,256.3
2011,4,23,0.6,4.7,8.8,-999.0,9.0,180.4
2011,4,24,0.8,5.6,10.3,-999.0,12.1,260.8
2011,4,25,1.5,6.8,12.0,-999.0,15.2,211.7
2011,4,26,0.7,3.6,6.5,-999.0,11.9,297.8
2011,4,27,-2.0,-0.2,1.6,-999.0,14.3,66.3
2011,4,28,-1.2,0.2,1.5,-999.0,15.1,70.8
2011,4,29,1.2,3.7,6.2,-999.0,6.4,152.1
2011,4,30,2.3,6.8,11.3,-999.0,14.1,254.2
2011,5,1,1.0,5.2,9.4,0.0,7.4,210.4
2011,5,2,1.2,4.9,8.6,0.0,9.3,117.5
2011,5,3,2.6,5.0,7.3,1.0,9.3,84.2
2011,5,4,3.2,4.5,5.7,18.8,9.4,154.6
2011,5,5,2.9,5.2,7.5,16.6,15.1,120.8
2011,5,6,2.2,2.8,3.4,19.2,26.0,73.3
2011,5,7,2.3,3.5,4.6,14.0,6.6,135.0
2011,5,8,2.1,4.1,6.0,0.4,6.6,180.4
2011,5,9,3.0,7.0,10.9,0.0,14.0,186.7
2011,5,10,1.5,4.6,7.7,0.0,9.0,202.5
2011,5,11,3.0,5.6,8.1,0.0,8.5,72.1
2011,5,12,2.1,5.4,8.6,0.0,7.4,170.0
2011,5,13,4.1,7.3,10.4,8.6,7.7,112.1
2011,5,14,3.2,3.7,4.1,6.2,12.1,65.8
2011,5,15,2.3,5.9,9.4,0.0,13.7,273.8
2011,5,16,1.5,4.5,7.4,0.0,7.7,165.0
2011,5,17,2.1,5.3,8.5,0.0,7.5,182.1
2011,5,18,2.2,7.2,12.2,0.0,7.3,202.5
2011,5,19,6.5,11.4,16.3,0.0,6.6,192.5
2011,5,20,5.2,6.7,8.1,0.0,9.1,92.5
2011,5,21,4.0,6.7,9.4,0.0,8.5,106.3
2011,5,22,4.2,6.0,7.7,0.0,12.2,84.6
2011,5,23,4.6,5.8,7.0,15.4,10.6,81.7
2011,5,24,5.8,9.3,12.8,18.8,10.0,166.3
2011,5,25,4.5,8.1,11.7,0.0,12.3,249.2
2011,5,26,3.5,5.6,7.7,11.4,11.9,110.9
2011,5,27,4.7,8.6,12.4,0.0,7.7,237.5
2011,5,28,3.6,7.4,11.2,21.2,10.1,158.3
2011,5,29,5.1,6.4,7.7,10.8,7.7,94.6
2011,5,30,6.1,11.4,16.6,0.0,15.3,277.9
2011,5,31,6.7,11.0,15.2,0.0,12.1,222.1
2011,6,1,6.9,8.2,9.5,6.6,11.6,69.2
2011,6,2,6.9,12.3,17.7,1.2,12.9,243.8
2011,6,3,6.0,8.4,10.7,1.8,19.1,346.7
2011,6,4,7.8,9.7,11.6,0.0,8.5,177.9
2011,6,5,6.2,8.3,10.3,0.0,7.2,91.7
2011,6,6,7.2,9.4,11.6,0.0,5.5,106.5
2011,6,7,9.0,10.9,12.8,1.0,5.4,106.1
2011,6,8,9.8,11.4,12.9,1.4,8.8,82.9
2011,6,9,7.6,12.3,17.0,1.0,12.4,209.6
2011,6,10,7.8,12.4,17.0,0.0,11.8,279.2
2011,6,11,6.7,12.7,18.6,0.0,11.2,245.4
2011,6,12,8.7,14.4,20.1,0.0,5.5,189.1
2011,6,13,7.8,11.6,15.3,0.0,7.8,116.7
2011,6,14,7.6,11.5,15.4,0.0,7.8,167.5
2011,6,15,8.4,12.9,17.4,1.0,6.5,194.2
2011,6,16,9.1,11.1,13.1,0.8,15.6,72.1
2011,6,17,8.2,8.8,9.4,1.2,17.4,66.3
2011,6,18,8.0,9.7,11.3,26.2,16.8,87.1
2011,6,19,9.2,10.0,10.7,1.8,7.9,155.0
2011,6,20,9.7,12.6,15.5,1.4,8.7,184.6
2011,6,21,9.8,11.7,13.6,1.2,5.3,133.6
2011,6,22,10.5,15.3,20.0,0.4,9.4,135.8
2011,6,23,9.6,13.3,17.0,0.0,6.8,145.0
2011,6,24,9.7,11.6,13.4,0.0,16.2,68.3
2011,6,25,9.3,10.4,11.4,0.0,16.7,75.8
2011,6,26,9.5,10.0,10.5,5.2,10.3,75.0
2011,6,27,9.7,14.0,18.3,0.0,6.3,154.6
2011,6,28,12.2,16.3,20.4,0.0,8.0,187.1
2011,6,29,11.2,13.5,15.7,1.0,14.3,65.0
2011,6,30,10.9,11.7,12.5,30.8,14.1,67.1
2011,7,1,12.0,14.2,16.3,0.4,7.3,176.7
2011,7,2,12.0,18.6,25.1,0.0,10.3,142.5
2011,7,3,13.5,17.7,21.9,0.0,6.6,84.2
2011,7,4,13.4,16.3,19.1,5.2,7.5,125.0
2011,7,5,12.6,17.2,21.8,0.2,13.6,245.8
2011,7,6,12.4,14.9,17.4,5.0,7.0,224.2
2011,7,7,13.2,16.9,20.5,2.8,7.9,242.9
2011,7,8,13.1,15.3,17.5,3.6,7.5,117.5
2011,7,9,12.3,13.5,14.7,23.8,10.6,102.5
2011,7,10,13.4,18.4,23.3,0.0,14.4,251.3
2011,7,11,12.2,14.7,17.2,1.8,7.0,120.4
2011,7,12,13.0,15.6,18.1,6.6,7.7,243.8
2011,7,13,11.7,15.8,19.9,0.2,11.8,220.4
2011,7,14,10.8,16.7,22.5,0.0,8.8,183.8
2011,7,15,11.6,18.1,24.6,0.0,8.1,211.3
2011,7,16,12.4,19.6,26.7,0.0,10.3,155.4
2011,7,17,15.4,20.9,26.4,0.2,11.6,206.7
2011,7,18,15.3,20.0,24.6,0.0,10.3,294.6
2011,7,19,12.9,16.5,20.0,0.0,7.9,205.0
2011,7,20,12.3,14.8,17.2,4.4,7.3,226.3
2011,7,21,11.7,14.3,16.8,0.2,6.8,183.8
2011,7,22,12.7,15.8,18.8,0.0,8.0,220.8
2011,7,23,12.1,13.8,15.5,4.0,10.0,157.1
2011,7,24,13.7,18.3,22.8,0.2,10.3,304.6
2011,7,25,13.3,17.2,21.0,0.0,8.9,186.7
2011,7,26,13.2,15.9,18.6,2.4,7.0,79.6
2011,7,27,12.9,16.1,19.2,1.2,8.2,123.3
2011,7,28,11.9,18.6,25.3,0.0,6.6,184.6
2011,7,29,15.0,15.9,16.8,18.6,7.3,100.4
2011,7,30,15.6,20.1,24.6,0.2,8.3,281.3
2011,7,31,14.0,18.0,22.0,0.0,10.7,224.6
2011,8,1,13.6,15.1,16.6,6.8,11.0,67.9
2011,8,2,14.2,14.7,15.2,22.2,18.3,69.6
2011,8,3,14.0,14.6,15.2,0.6,13.1,72.9
2011,8,4,13.6,16.0,18.4,0.0,7.5,122.9
2011,8,5,11.8,14.3,16.8,0.0,7.4,125.0
2011,8,6,13.8,16.0,18.2,0.2,9.3,66.3
2011,8,7,14.7,15.7,16.6,0.6,9.9,66.3
2011,8,8,14.1,16.1,18.0,2.0,8.4,163.3
2011,8,9,13.2,15.6,17.9,0.2,6.9,161.7
2011,8,10,12.5,14.1,15.6,5.4,17.5,76.3
2011,8,11,12.8,13.7,14.5,8.0,17.0,75.0
2011,8,12,12.7,14.8,16.8,14.2,9.8,107.1
2011,8,13,12.2,15.8,19.4,1.6,7.1,179.2
2011,8,14,13.8,18.6,23.3,0.0,9.5,217.5
2011,8,15,12.9,16.2,19.5,0.0,7.6,164.6
2011,8,16,15.7,17.5,19.2,0.0,6.4,174.8
2011,8,17,12.6,17.2,21.8,0.0,10.9,277.1
2011,8,18,12.2,18.4,24.6,0.0,12.6,187.9
2011,8,19,13.4,17.6,21.8,0.0,6.4,120.0
2011,8,20,15.0,18.1,21.1,0.0,6.4,137.1
2011,8,21,15.4,16.5,17.6,12.2,5.7,102.9
2011,8,22,14.9,16.4,17.9,17.2,14.6,127.5
2011,8,23,13.3,16.5,19.7,0.0,15.0,252.9
2011,8,24,10.6,13.8,16.9,0.0,6.9,169.6
2011,8,25,14.7,17.0,19.3,0.6,6.5,120.4
2011,8,26,13.1,17.9,22.6,0.2,10.9,261.3
2011,8,27,12.2,16.6,21.0,0.0,8.3,216.3
2011,8,28,12.5,15.8,19.0,11.2,9.4,187.5
2011,8,29,12.3,14.7,17.0,15.4,20.7,169.2
2011,8,30,10.9,13.6,16.2,3.6,7.5,147.5
2011,8,31,11.6,16.3,20.9,0.2,6.8,233.8
2011,9,1,11.1,14.5,17.8,0.0,6.4,170.0
2011,9,2,10.4,13.4,16.3,0.0,6.5,94.6
2011,9,3,14.8,18.8,22.8,3.2,10.5,252.1
2011,9,4,10.7,13.9,17.1,9.0,9.1,179.6
2011,9,5,11.6,12.9,14.1,4.8,5.8,101.7
2011,9,6,10.8,12.9,14.9,12.0,9.8,200.8
2011,9,7,8.8,13.3,17.8,0.2,12.6,231.3
2011,9,8,13.9,18.0,22.1,0.0,16.7,250.4
2011,9,9,10.4,14.6,18.7,0.0,17.6,284.6
2011,9,10,7.8,11.6,15.4,0.8,11.9,257.5
2011,9,11,7.7,13.4,19.0,0.0,18.1,199.2
2011,9,12,8.1,13.2,18.2,0.0,14.8,283.3
2011,9,13,5.1,8.5,11.8,14.8,11.0,115.0
2011,9,14,5.5,9.5,13.5,0.2,13.0,233.5
2011,9,15,5.9,8.8,11.7,11.2,5.5,138.8
2011,9,16,6.7,9.6,12.4,0.0,21.4,283.3
2011,9,17,8.4,11.6,14.8,0.0,15.9,286.3
2011,9,18,6.4,11.9,17.3,0.0,10.9,219.2
2011,9,19,5.3,9.9,14.4,0.0,5.6,178.3
2011,9,20,5.1,7.8,10.5,-999.0,4.8,201.7
2011,9,21,7.2,12.4,17.6,0.4,9.0,275.2
2011,9,22,7.7,10.1,12.5,0.2,5.4,167.9
2011,9,23,9.3,11.3,13.3,2.0,4.6,148.6
2011,9,24,10.6,14.5,18.4,0.0,6.5,228.3
2011,9,25,10.7,16.5,22.3,0.0,16.3,260.0
2011,9,26,9.8,14.7,19.5,0.0,15.2,289.6
2011,9,27,5.2,9.9,14.5,0.0,9.4,278.3
2011,9,28,3.9,8.1,12.3,0.0,6.2,190.0
2011,9,29,7.9,11.3,14.6,0.2,5.4,187.9
2011,9,30,9.0,13.8,18.5,4.4,14.0,155.4
2011,10,1,5.5,9.9,14.2,0.0,14.7,302.5
2011,10,2,3.1,5.8,8.4,0.0,7.5,117.5
2011,10,3,6.4,11.5,16.5,0.0,7.3,212.1
2011,10,4,4.5,7.4,10.2,0.0,7.1,122.9
2011,10,5,4.3,6.2,8.1,0.0,26.3,238.8
2011,10,6,2.0,4.3,6.6,0.0,23.0,333.3
2011,10,7,-0.3,3.9,8.1,0.0,12.5,263.8
2011,10,8,3.3,11.7,20.1,0.0,6.7,160.4
2011,10,9,10.3,18.8,27.3,0.0,17.3,250.4
2011,10,10,6.9,10.5,14.1,0.0,20.0,296.7
2011,10,11,4.1,8.8,13.5,0.0,9.0,244.6
2011,10,12,2.1,5.5,8.9,0.0,6.0,165.4
2011,10,13,3.4,5.7,7.9,0.0,4.7,273.5
2011,10,14,5.7,7.6,9.5,0.2,16.3,111.7
2011,10,15,8.7,11.5,14.2,44.6,20.6,114.6
2011,10,16,6.5,8.9,11.3,1.2,13.0,189.6
2011,10,17,5.4,7.5,9.6,3.4,6.7,138.8
2011,10,18,4.6,7.2,9.7,0.4,10.3,202.5
2011,10,19,4.7,7.6,10.4,0.0,11.5,257.9
2011,10,20,2.4,5.8,9.1,6.8,10.4,94.2
2011,10,21,6.4,7.0,7.5,7.2,13.0,131.3
2011,10,22,5.6,6.6,7.6,0.2,4.7,163.3
2011,10,23,6.3,8.9,11.4,0.2,7.5,240.0
2011,10,24,5.7,6.7,7.6,0.4,5.1,171.7
2011,10,25,5.6,6.8,8.0,9.4,11.0,87.5
2011,10,26,3.8,6.1,8.3,0.2,10.8,249.2
2011,10,27,3.5,4.9,6.3,0.0,15.2,293.8
2011,10,28,1.8,3.9,5.9,0.0,10.8,248.8
2011,10,29,0.7,3.5,6.3,0.0,9.2,265.8
2011,10,30,0.5,2.3,4.0,0.0,17.7,183.3
2011,10,31,-0.1,3.1,6.2,0.0,10.5,283.8
2011,11,1,-1.0,2.2,5.4,-999.0,5.5,152.5
2011,11,2,1.8,6.0,10.2,-999.0,7.2,271.7
2011,11,3,2.8,5.3,7.8,-999.0,9.6,230.0
2011,11,4,0.6,1.7,2.8,-999.0,17.4,318.3
2011,11,5,-0.4,2.4,5.2,-999.0,15.3,286.3
2011,11,6,2.2,5.2,8.2,-999.0,19.4,247.5
2011,11,7,3.3,5.0,6.7,-999.0,6.2,195.2
2011,11,8,4.9,6.8,8.6,-999.0,16.6,257.1
2011,11,9,3.2,5.8,8.3,-999.0,8.5,255.8
2011,11,10,4.1,5.3,6.5,-999.0,15.3,71.7
2011,11,11,2.0,5.6,9.1,-999.0,16.2,197.5
2011,11,12,1.1,2.7,4.3,-999.0,23.6,267.9
2011,11,13,1.1,2.9,4.7,-999.0,11.1,182.5
2011,11,14,4.1,5.2,6.2,-999.0,8.7,90.0
2011,11,15,4.1,6.7,9.3,-999.0,7.8,265.8
2011,11,16,4.0,5.3,6.5,-999.0,11.7,169.2
2011,11,17,-1.4,2.6,6.6,-999.0,16.9,250.8
2011,11,18,-3.0,-1.1,0.9,-999.0,17.9,284.6
2011,11,19,-3.0,0.2,3.3,-999.0,8.4,242.1
2011,11,20,-5.4,-0.2,5.0,-999.0,13.2,238.3
2011,11,21,-8.4,-6.8,-5.2,-999.0,18.3,283.3
2011,11,22,-9.5,-6.8,-4.1,-999.0,13.6,260.8
2011,11,23,-7.4,-5.5,-3.6,-999.0,6.9,157.1
2011,11,24,-6.2,-3.3,-0.3,-999.0,7.2,154.2
2011,11,25,-3.0,2.0,7.0,-999.0,14.3,175.0
2011,11,26,-7.9,-0.3,7.3,-999.0,19.6,297.9
2011,11,27,-9.1,-4.7,-0.2,-999.0,17.0,131.7
2011,11,28,-2.0,1.2,4.3,-999.0,15.2,202.5
2011,11,29,-3.9,-2.0,-0.1,-999.0,6.6,273.8
2011,11,30,-1.1,3.7,8.5,-999.0,14.4,112.5
2011,12,1,-5.5,0.7,6.8,-999.0,18.1,280.4
2011,12,2,-9.1,-6.9,-4.7,-999.0,10.4,286.3
2011,12,3,-11.4,-5.6,0.3,-999.0,6.9,207.9
2011,12,4,0.1,2.5,4.8,-999.0,11.9,185.4
2011,12,5,0.6,3.3,6.0,-999.0,5.8,239.2
2011,12,6,-10.2,-4.8,0.6,-999.0,14.8,321.7
2011,12,7,-10.8,-7.7,-4.5,-999.0,12.4,44.2
2011,12,8,-7.2,-4.1,-0.9,-999.0,17.0,176.3
2011,12,9,-7.1,-5.1,-3.1,-999.0,13.7,230.0
2011,12,10,-13.2,-9.1,-4.9,-999.0,14.0,259.6
2011,12,11,-16.5,-13.2,-9.9,-999.0,13.0,255.5
2011,12,12,-10.3,-7.5,-4.6,-999.0,6.7,235.4
2011,12,13,-9.1,-7.5,-5.8,-999.0,8.0,100.4
2011,12,14,-12.7,-9.1,-5.4,-999.0,7.2,264.6
2011,12,15,-8.9,-4.1,0.8,-999.0,10.8,112.9
2011,12,16,-10.0,-4.2,1.7,-999.0,18.3,237.5
2011,12,17,-16.7,-13.3,-9.9,-999.0,16.3,287.1
2011,12,18,-18.2,-14.8,-11.3,-999.0,6.3,242.9
2011,12,19,-13.0,-8.2,-3.4,-999.0,8.8,196.3
2011,12,20,-13.4,-10.2,-6.9,-999.0,20.5,285.0
2011,12,21,-13.1,-8.8,-4.4,-999.0,6.2,170.8
2011,12,22,-8.2,-3.2,1.8,-999.0,10.5,250.8
2011,12,23,-19.3,-13.8,-8.2,-999.0,18.3,339.2
2011,12,24,-20.4,-17.1,-13.7,-999.0,15.8,290.4
2011,12,25,-19.3,-14.3,-9.2,-999.0,6.8,253.8
2011,12,26,-9.6,-6.2,-2.7,-999.0,8.4,271.7
2011,12,27,-5.7,-1.7,2.4,-999.0,14.2,194.2
2011,12,28,-3.1,-0.5,2.2,-999.0,17.8,77.9
2011,12,29,-9.2,-6.2,-3.1,-999.0,24.0,306.7
2011,12,30,-12.3,-8.8,-5.3,-999.0,15.8,308.3
2011,12,31,-12.7,-8.3,-3.9,-999.0,11.3,140.4
