Year,Month,Day,Tmin,Tair,Tmax,Prcp,Snow,SnDh
2007,1,1,-12.0,-4.3,3.5,4.6,0.6,12.0
2007,1,2,-6.0,-3.0,0.0,0.0,0.0,4.0
2007,1,3,-6.0,-1.0,4.0,0.0,0.0,4.0
2007,1,4,1.0,4.5,8.0,7.4,0.0,2.0
2007,1,5,4.0,5.5,7.0,10.4,0.0,0.0
2007,1,6,4.0,7.8,11.5,8.8,0.0,0.0
2007,1,7,-3.0,-1.5,0.0,10.0,10.0,-999.0
2007,1,8,-3.0,0.5,4.0,17.5,3.0,12.0
2007,1,9,-4.0,-3.0,-2.0,1.0,1.0,15.0
2007,1,10,-14.5,-11.8,-9.0,0.0,0.0,16.0
2007,1,11,-17.0,-9.0,-1.0,5.0,5.0,15.0
2007,1,12,-9.0,-3.5,2.0,8.0,2.0,17.0
2007,1,13,-10.0,-7.0,-4.0,0.0,0.0,12.0
2007,1,14,-17.0,-11.0,-5.0,0.0,0.0,12.0
2007,1,15,-15.0,-12.0,-9.0,10.0,10.0,12.0
2007,1,16,-21.0,-18.0,-15.0,0.0,0.0,22.0
2007,1,17,-27.0,-19.0,-11.0,2.0,2.0,20.0
2007,1,18,-27.0,-16.0,-5.0,0.0,0.0,21.0
2007,1,19,-7.0,-4.8,-2.5,3.0,3.0,20.0
2007,1,20,-16.5,-15.0,-13.5,1.0,1.0,20.0
2007,1,21,-22.0,-18.5,-15.0,0.0,0.0,20.0
2007,1,22,-22.5,-14.5,-6.5,0.0,0.0,20.0
2007,1,23,-20.0,-12.5,-5.0,4.0,4.0,16.0
2007,1,24,-17.5,-13.0,-8.5,1.0,1.0,18.0
2007,1,25,-26.5,-22.3,-18.0,0.0,0.0,16.0
2007,1,26,-27.0,-24.0,-21.0,0.0,0.0,16.0
2007,1,27,-27.5,-20.8,-14.0,0.0,0.0,16.0
2007,1,28,-23.0,-16.3,-9.5,0.0,0.0,16.0
2007,1,29,-27.0,-20.0,-13.0,0.0,0.0,16.0
2007,1,30,-26.0,-21.5,-17.0,0.0,0.0,16.0
2007,1,31,-26.5,-18.3,-10.0,2.0,2.0,14.0
2007,2,1,-23.0,-13.5,-4.0,0.0,0.0,18.0
2007,2,2,-13.0,-6.5,0.0,4.0,4.0,18.0
2007,2,3,-10.0,-8.5,-7.0,1.0,1.0,20.0
2007,2,4,-15.0,-13.8,-12.5,1.8,1.8,20.0
2007,2,5,-24.0,-19.0,-14.0,0.0,0.0,20.0
2007,2,6,-23.0,-18.0,-13.0,0.0,0.0,20.0
2007,2,7,-20.0,-16.5,-13.0,0.8,0.8,20.0
2007,2,8,-21.0,-18.0,-15.0,0.0,0.0,20.0
2007,2,9,-20.0,-16.5,-13.0,0.0,0.0,20.0
2007,2,10,-18.0,-14.0,-10.0,1.0,1.0,20.0
2007,2,11,-23.5,-15.3,-7.0,1.0,1.0,21.0
2007,2,12,-17.5,-14.5,-11.5,0.0,0.0,21.0
2007,2,13,-25.5,-20.8,-16.0,0.0,0.0,20.0
2007,2,14,-21.0,-16.0,-11.0,47.0,47.0,20.0
2007,2,15,-19.5,-18.5,-17.5,2.0,2.0,50.0
2007,2,16,-19.5,-13.8,-8.0,0.0,0.0,50.0
2007,2,17,-12.0,-8.3,-4.5,2.4,2.4,50.0
2007,2,18,-11.0,-7.0,-3.0,1.8,1.8,46.0
2007,2,19,-24.5,-20.8,-17.0,0.6,0.6,46.0
2007,2,20,-25.0,-16.5,-8.0,1.0,1.0,46.0
2007,2,21,-22.0,-14.8,-7.6,0.0,0.0,42.0
2007,2,22,-23.0,-13.5,-4.0,0.0,0.0,40.0
2007,2,23,-17.5,-15.8,-14.0,0.0,0.0,40.0
2007,2,24,-17.0,-11.0,-5.0,0.0,0.0,40.0
2007,2,25,-14.0,-9.8,-5.5,0.0,0.0,40.0
2007,2,26,-21.5,-10.0,1.5,0.0,0.0,40.0
2007,2,27,-16.0,-5.8,4.5,0.0,0.0,36.0
2007,2,28,-11.5,-8.0,-4.5,0.0,0.0,34.0
2007,3,1,-22.0,-14.3,-6.5,0.0,0.0,34.0
2007,3,2,-15.0,-8.0,-1.0,20.2,20.2,34.0
2007,3,3,-6.5,-1.8,3.0,0.0,0.0,40.0
2007,3,4,-4.5,-2.8,-1.0,-999.0,-999.0,40.0
2007,3,5,-10.0,-6.0,-2.0,-999.0,-999.0,-999.0
2007,3,6,-27.0,-23.0,-19.0,0.0,0.0,42.0
2007,3,7,-30.5,-22.3,-14.0,1.0,1.0,42.0
2007,3,8,-25.0,-19.5,-14.0,0.0,0.0,42.0
2007,3,9,-25.0,-15.0,-5.0,0.0,0.0,42.0
2007,3,10,-12.0,-3.0,6.0,1.4,0.0,40.0
2007,3,11,-0.5,2.8,6.0,0.0,0.0,34.0
2007,3,12,-5.0,0.0,5.0,0.6,0.0,30.0
2007,3,13,2.0,6.3,10.5,0.0,0.0,25.0
2007,3,14,4.5,7.8,11.0,30.6,0.0,18.0
2007,3,15,-8.0,-2.3,3.5,0.4,0.0,6.0
2007,3,16,-15.0,-10.0,-5.0,32.2,32.2,-999.0
2007,3,17,-9.0,-7.5,-6.0,6.0,6.0,18.0
2007,3,18,-11.0,-8.0,-5.0,2.0,2.0,30.0
2007,3,19,-15.0,-8.3,-1.5,2.2,2.2,30.0
2007,3,20,-13.0,-11.0,-9.0,0.0,0.0,28.0
2007,3,21,-21.5,-9.8,2.0,2.2,0.0,28.0
2007,3,22,-2.5,4.5,11.5,2.0,0.0,26.0
2007,3,23,0.0,1.3,2.5,0.0,0.0,0.0
2007,3,24,-9.0,-2.3,4.5,0.0,0.0,0.0
2007,3,25,-8.5,-0.8,7.0,0.0,0.0,0.0
2007,3,26,-3.0,2.0,7.0,5.2,0.0,0.0
2007,3,27,2.0,4.3,6.5,0.0,0.0,0.0
2007,3,28,-3.5,-0.5,2.5,0.0,0.0,0.0
2007,3,29,-7.0,0.0,7.0,0.0,0.0,0.0
2007,3,30,-1.0,2.5,6.0,0.0,0.0,0.0
2007,3,31,-7.0,-1.5,4.0,0.0,0.0,0.0
2007,4,1,-6.0,2.5,11.0,-999.0,0.0,0.0
2007,4,2,2.0,4.0,6.0,6.6,0.0,0.0
2007,4,3,0.0,1.5,3.0,0.0,0.0,0.0
2007,4,4,-1.0,0.0,1.0,19.0,19.0,-999.0
2007,4,5,-4.0,-1.5,1.0,3.2,3.2,18.0
2007,4,6,-5.0,-4.5,-4.0,1.0,1.0,18.0
2007,4,7,-11.5,-6.3,-1.0,2.0,2.0,18.0
2007,4,8,-7.5,-4.0,-0.5,2.2,2.2,14.0
2007,4,9,-4.0,-1.5,1.0,0.0,0.0,10.0
2007,4,10,-3.0,-1.5,0.0,0.4,0.4,12.0
2007,4,11,-10.0,-3.5,3.0,0.0,0.0,10.0
2007,4,12,-9.0,-2.0,5.0,19.0,19.0,8.0
2007,4,13,-2.5,-0.5,1.5,0.2,0.2,22.0
2007,4,14,-2.0,2.8,7.5,0.0,0.0,14.0
2007,4,15,-1.5,1.0,3.5,6.8,2.0,-999.0
2007,4,16,-1.0,1.5,4.0,12.0,3.0,8.0
2007,4,17,0.0,1.5,3.0,2.0,0.0,6.0
2007,4,18,0.0,3.8,7.5,0.0,0.0,0.0
2007,4,19,-2.0,5.0,12.0,0.0,0.0,0.0
2007,4,20,-1.9,8.6,19.0,0.0,0.0,0.0
2007,4,21,-2.0,6.8,15.5,0.0,0.0,0.0
2007,4,22,0.0,10.0,20.0,0.0,0.0,0.0
2007,4,23,12.0,18.5,25.0,10.0,0.0,0.0
2007,4,24,1.0,5.8,10.5,0.0,0.0,0.0
2007,4,25,-5.0,2.5,10.0,0.0,0.0,0.0
2007,4,26,-5.0,4.5,14.0,0.4,0.0,0.0
2007,4,27,5.0,6.5,8.0,10.2,0.0,0.0
2007,4,28,3.5,5.8,8.0,12.0,0.0,0.0
2007,4,29,4.5,6.3,8.0,8.6,0.0,0.0
2007,4,30,4.5,6.8,9.0,13.6,0.0,0.0
2007,5,1,1.0,5.5,10.0,0.0,0.0,0.0
2007,5,2,-2.0,4.5,11.0,0.0,0.0,0.0
2007,5,3,0.0,6.0,12.0,0.0,0.0,0.0
2007,5,4,1.0,7.0,13.0,0.0,0.0,0.0
2007,5,5,3.0,6.5,10.0,1.8,0.0,0.0
2007,5,6,-2.0,6.0,14.0,0.0,0.0,0.0
2007,5,7,4.0,11.5,19.0,0.0,0.0,0.0
2007,5,8,13.0,19.0,25.0,0.0,0.0,0.0
2007,5,9,10.5,18.8,27.0,0.0,0.0,0.0
2007,5,10,12.0,21.0,30.0,0.0,0.0,0.0
2007,5,11,15.0,18.8,22.5,13.0,0.0,0.0
2007,5,12,-1.0,5.8,12.5,0.0,0.0,0.0
2007,5,13,-1.0,5.3,11.5,0.0,0.0,0.0
2007,5,14,0.0,10.0,20.0,4.6,0.0,0.0
2007,5,15,7.0,9.5,12.0,15.6,0.0,0.0
2007,5,16,3.5,3.8,4.0,21.6,0.0,0.0
2007,5,17,0.5,4.3,8.0,0.4,0.0,0.0
2007,5,18,1.0,6.5,12.0,0.0,0.0,0.0
2007,5,19,2.0,11.8,21.5,0.0,0.0,0.0
2007,5,20,3.0,5.5,8.0,24.0,0.0,0.0
2007,5,21,3.0,9.0,15.0,0.0,0.0,0.0
2007,5,22,-2.0,7.5,17.0,0.0,0.0,0.0
2007,5,23,6.5,14.3,22.0,0.0,0.0,0.0
2007,5,24,12.0,20.3,28.5,0.0,0.0,0.0
2007,5,25,18.0,23.5,29.0,0.0,0.0,0.0
2007,5,26,15.0,18.0,21.0,0.0,0.0,0.0
2007,5,27,4.0,12.0,20.0,19.4,0.0,0.0
2007,5,28,12.0,14.5,17.0,2.0,0.0,0.0
2007,5,29,9.0,15.0,21.0,0.6,0.0,0.0
2007,5,30,11.0,13.0,15.0,6.2,0.0,0.0
2007,5,31,10.0,15.0,20.0,1.4,0.0,0.0
2007,6,1,13.5,18.5,23.5,0.2,0.0,0.0
2007,6,2,11.5,15.3,19.0,7.0,0.0,0.0
2007,6,3,11.5,16.8,22.0,0.0,0.0,0.0
2007,6,4,12.0,14.0,16.0,17.4,0.0,0.0
2007,6,5,11.5,16.5,21.5,31.2,0.0,0.0
2007,6,6,4.5,7.3,10.0,0.0,0.0,0.0
2007,6,7,3.0,10.5,18.0,0.0,0.0,0.0
2007,6,8,8.5,18.8,29.0,0.0,0.0,0.0
2007,6,9,19.0,22.0,25.0,0.0,0.0,0.0
2007,6,10,14.4,19.7,25.0,0.0,0.0,0.0
2007,6,11,12.0,19.5,27.0,0.0,0.0,0.0
2007,6,12,12.0,20.0,28.0,0.0,0.0,0.0
2007,6,13,11.5,15.3,19.0,0.0,0.0,0.0
2007,6,14,7.5,16.5,25.5,0.0,0.0,0.0
2007,6,15,10.0,19.0,28.0,0.0,0.0,0.0
2007,6,16,11.0,19.8,28.5,0.0,0.0,0.0
2007,6,17,16.5,18.0,19.5,1.8,0.0,0.0
2007,6,18,6.5,15.3,24.0,0.0,0.0,0.0
2007,6,19,10.0,19.5,29.0,13.8,0.0,0.0
2007,6,20,17.0,20.0,23.0,0.4,0.0,0.0
2007,6,21,11.5,15.3,19.0,0.0,0.0,0.0
2007,6,22,12.0,15.5,19.0,1.8,0.0,0.0
2007,6,23,9.5,13.0,16.5,0.0,0.0,0.0
2007,6,24,11.5,16.3,21.0,0.0,0.0,0.0
2007,6,25,11.5,17.8,24.0,14.4,0.0,0.0
2007,6,26,17.0,23.3,29.5,7.0,0.0,0.0
2007,6,27,19.0,24.0,29.0,19.2,0.0,0.0
2007,6,28,15.5,18.3,21.0,0.6,0.0,0.0
2007,6,29,6.0,12.8,19.5,1.2,0.0,0.0
2007,6,30,10.5,12.8,15.0,0.8,0.0,0.0
2007,7,1,6.5,11.5,16.5,1.2,0.0,0.0
2007,7,2,8.5,11.8,15.0,1.6,0.0,0.0
2007,7,3,8.0,12.8,17.5,0.0,0.0,0.0
2007,7,4,10.0,17.0,24.0,3.0,0.0,0.0
2007,7,5,14.0,16.8,19.5,0.2,0.0,0.0
2007,7,6,14.3,18.7,23.0,0.0,0.0,0.0
2007,7,7,8.0,14.0,20.0,3.0,0.0,0.0
2007,7,8,11.5,16.8,22.0,0.0,0.0,0.0
2007,7,9,8.5,13.3,18.0,12.6,0.0,0.0
2007,7,10,15.0,20.8,26.5,0.0,0.0,0.0
2007,7,11,18.5,22.8,27.0,10.0,0.0,0.0
2007,7,12,13.0,17.3,21.5,0.4,0.0,0.0
2007,7,13,11.0,16.5,22.0,2.8,0.0,0.0
2007,7,14,12.0,17.0,22.0,10.0,0.0,0.0
2007,7,15,13.5,18.3,23.0,1.8,0.0,0.0
2007,7,16,13.0,17.9,22.8,0.0,0.0,0.0
2007,7,17,10.5,17.0,23.5,0.0,0.0,0.0
2007,7,18,11.6,18.3,25.0,0.0,0.0,0.0
2007,7,19,15.0,17.0,19.0,26.6,0.0,0.0
2007,7,20,14.0,16.0,18.0,18.8,0.0,0.0
2007,7,21,11.0,17.5,24.0,0.0,0.0,0.0
2007,7,22,8.0,16.5,25.0,0.0,0.0,0.0
2007,7,23,10.0,18.5,27.0,0.0,0.0,0.0
2007,7,24,15.0,21.3,27.5,0.0,0.0,0.0
2007,7,25,17.0,22.5,28.0,0.0,0.0,0.0
2007,7,26,17.0,22.8,28.5,0.0,0.0,0.0
2007,7,27,18.0,23.8,29.5,0.2,0.0,0.0
2007,7,28,18.0,22.5,27.0,23.1,0.0,0.0
2007,7,29,17.0,21.0,25.0,0.0,0.0,0.0
2007,7,30,9.0,17.3,25.5,0.0,0.0,0.0
2007,7,31,15.0,21.0,27.0,0.0,0.0,0.0
2007,8,1,10.0,18.3,26.5,0.0,0.0,0.0
2007,8,2,22.0,26.0,30.0,0.0,0.0,0.0
2007,8,3,19.0,23.0,27.0,3.8,0.0,0.0
2007,8,4,19.0,22.3,25.5,0.0,0.0,0.0
2007,8,5,9.0,15.6,22.1,0.0,0.0,0.0
2007,8,6,9.0,13.0,17.0,28.8,0.0,0.0
2007,8,7,15.5,19.8,24.0,4.2,0.0,0.0
2007,8,8,14.5,19.8,25.0,8.0,0.0,0.0
2007,8,9,6.5,14.3,22.0,0.0,0.0,0.0
2007,8,10,9.0,17.0,25.0,0.0,0.0,0.0
2007,8,11,11.0,18.0,25.0,0.0,0.0,0.0
2007,8,12,11.0,19.3,27.5,9.5,0.0,0.0
2007,8,13,15.0,18.5,22.0,0.6,0.0,0.0
2007,8,14,9.0,13.5,18.0,2.2,0.0,0.0
2007,8,15,12.0,17.0,22.0,0.0,0.0,0.0
2007,8,16,8.5,15.8,23.0,3.2,0.0,0.0
2007,8,17,6.5,14.3,22.0,7.4,0.0,0.0
2007,8,18,8.5,11.8,15.0,0.0,0.0,0.0
2007,8,19,4.0,10.0,16.0,0.0,0.0,0.0
2007,8,20,1.5,8.3,15.0,0.0,0.0,0.0
2007,8,21,3.0,12.0,21.0,0.0,0.0,0.0
2007,8,22,3.5,13.3,23.0,0.0,0.0,0.0
2007,8,23,14.5,17.3,20.0,10.4,0.0,0.0
2007,8,24,17.0,21.0,25.0,2.0,0.0,0.0
2007,8,25,17.0,22.5,28.0,25.2,0.0,0.0
2007,8,26,16.0,19.0,22.0,0.0,0.0,0.0
2007,8,27,5.5,14.2,22.9,0.0,0.0,0.0
2007,8,28,8.0,16.0,24.0,0.0,0.0,0.0
2007,8,29,12.0,20.0,28.0,5.6,0.0,0.0
2007,8,30,13.5,16.0,18.5,0.6,0.0,0.0
2007,8,31,8.5,14.3,20.0,0.0,0.0,0.0
2007,9,1,9.0,14.0,19.0,0.0,0.0,0.0
2007,9,2,4.0,12.0,20.0,0.0,0.0,0.0
2007,9,3,14.0,18.8,23.5,0.0,0.0,0.0
2007,9,4,8.5,13.5,18.5,0.0,0.0,0.0
2007,9,5,4.0,10.0,16.0,0.0,0.0,0.0
2007,9,6,6.0,14.0,22.0,4.8,0.0,0.0
2007,9,7,19.0,24.0,29.0,0.4,0.0,0.0
2007,9,8,19.0,22.5,26.0,0.0,0.0,0.0
2007,9,9,8.0,13.0,18.0,0.0,0.0,0.0
2007,9,10,12.0,16.0,20.0,1.4,0.0,0.0
2007,9,11,11.0,14.5,18.0,32.2,0.0,0.0
2007,9,12,11.0,13.5,16.0,0.0,0.0,0.0
2007,9,13,3.5,8.8,14.0,0.0,0.0,0.0
2007,9,14,4.0,13.5,23.0,14.0,0.0,0.0
2007,9,15,7.0,8.8,10.5,4.2,0.0,0.0
2007,9,16,2.5,8.0,13.5,0.0,0.0,0.0
2007,9,17,1.5,9.8,18.0,0.0,0.0,0.0
2007,9,18,4.0,12.0,20.0,0.0,0.0,0.0
2007,9,19,9.0,16.0,23.0,0.0,0.0,0.0
2007,9,20,12.5,17.8,23.0,0.0,0.0,0.0
2007,9,21,7.0,15.0,23.0,0.0,0.0,0.0
2007,9,22,16.5,21.3,26.0,0.0,0.0,0.0
2007,9,23,10.0,14.3,18.5,0.0,0.0,0.0
2007,9,24,4.5,12.8,21.0,0.2,0.0,0.0
2007,9,25,13.5,19.8,26.0,9.6,0.0,0.0
2007,9,26,20.0,22.5,25.0,1.6,0.0,0.0
2007,9,27,12.0,14.2,16.3,46.6,0.0,0.0
2007,9,28,8.5,10.8,13.0,5.2,0.0,0.0
2007,9,29,5.0,10.0,15.0,0.0,0.0,0.0
2007,9,30,0.5,8.3,16.0,0.0,0.0,0.0
2007,10,1,9.0,14.5,20.0,0.0,0.0,0.0
2007,10,2,11.5,16.0,20.5,0.0,0.0,0.0
2007,10,3,10.0,16.5,23.0,0.0,0.0,0.0
2007,10,4,12.0,16.0,20.0,0.0,0.0,0.0
2007,10,5,9.5,16.0,22.5,0.0,0.0,0.0
2007,10,6,-999.0,-999.0,-999.0,9.6,0.0,0.0
2007,10,7,3.1,9.1,15.0,3.4,0.0,0.0
2007,10,8,5.5,7.8,10.0,1.0,0.0,0.0
2007,10,9,2.0,8.3,14.5,1.6,0.0,0.0
2007,10,10,9.0,10.8,12.5,0.6,0.0,0.0
2007,10,11,8.0,11.5,15.0,11.8,0.0,0.0
2007,10,12,6.0,8.0,10.0,10.0,0.0,0.0
2007,10,13,2.0,4.8,7.5,5.8,0.0,0.0
2007,10,14,3.0,5.3,7.5,1.2,0.0,0.0
2007,10,15,4.0,6.3,8.5,0.0,0.0,0.0
2007,10,16,1.5,5.8,10.0,0.0,0.0,0.0
2007,10,17,-1.0,5.5,12.0,0.0,0.0,0.0
2007,10,18,3.0,9.0,15.0,0.0,0.0,0.0
2007,10,19,9.0,16.3,23.5,20.4,0.0,0.0
2007,10,20,13.0,14.8,16.5,1.6,0.0,0.0
2007,10,21,9.5,14.8,20.0,0.0,0.0,0.0
2007,10,22,15.0,19.0,23.0,2.0,0.0,0.0
2007,10,23,13.5,14.3,15.0,17.0,0.0,0.0
2007,10,24,2.5,6.3,10.0,0.0,0.0,0.0
2007,10,25,-1.0,5.0,11.0,0.0,0.0,0.0
2007,10,26,-1.5,6.8,15.0,9.0,0.0,0.0
2007,10,27,5.0,10.0,15.0,23.0,0.0,0.0
2007,10,28,1.0,4.0,7.0,0.0,0.0,0.0
2007,10,29,-4.0,0.0,4.0,0.0,0.0,0.0
2007,10,30,0.0,3.8,7.5,0.0,0.0,0.0
2007,10,31,-2.0,7.0,16.0,3.2,0.0,0.0
2007,11,1,4.0,7.3,10.5,0.0,0.0,0.0
2007,11,2,-3.0,1.5,6.0,0.0,0.0,0.0
2007,11,3,-3.0,1.0,5.0,0.0,0.0,0.0
2007,11,4,-1.5,2.8,7.0,0.0,0.0,0.0
2007,11,5,-5.0,2.0,9.0,15.0,0.0,0.0
2007,11,6,0.0,2.5,5.0,13.6,0.0,0.0
2007,11,7,0.0,1.0,2.0,0.0,0.0,0.0
2007,11,8,-2.0,-1.0,0.0,0.0,0.0,0.0
2007,11,9,-3.0,-1.0,1.0,0.0,0.0,0.0
2007,11,10,-6.0,-3.3,-0.5,0.0,0.0,0.0
2007,11,11,-6.0,-2.5,1.0,0.0,0.0,0.0
2007,11,12,-8.5,-1.8,5.0,1.6,0.0,0.0
2007,11,13,0.0,3.0,6.0,0.0,0.0,0.0
2007,11,14,1.5,8.0,14.5,14.0,0.0,0.0
2007,11,15,0.0,1.0,2.0,21.0,7.0,0.0
2007,11,16,-3.0,-1.0,1.0,6.0,6.0,4.0
2007,11,17,-5.0,-3.5,-2.0,0.0,0.0,10.0
2007,11,18,-8.0,-4.0,0.0,0.0,0.0,10.0
2007,11,19,-12.5,-6.5,-0.5,0.0,0.0,10.0
2007,11,20,-8.5,-3.5,1.5,2.0,2.0,10.0
2007,11,21,-3.5,-1.0,1.5,7.0,7.0,8.0
2007,11,22,-1.5,0.0,1.5,18.6,3.0,24.0
2007,11,23,-9.0,-8.3,-7.5,1.6,1.6,20.0
2007,11,24,-11.5,-6.3,-1.0,3.0,3.0,20.0
2007,11,25,-10.5,-4.8,1.0,1.0,1.0,26.0
2007,11,26,-1.0,0.8,2.5,6.0,6.0,26.0
2007,11,27,-0.5,0.3,1.0,1.0,1.0,30.0
2007,11,28,-13.5,-8.3,-3.0,0.0,0.0,30.0
2007,11,29,-12.5,-5.0,2.5,15.0,0.0,30.0
2007,11,30,-10.0,-6.5,-3.0,7.0,7.0,26.0
2008,2,1,-16.0,-11.3,-6.5,21.4,21.4,10.0
2008,2,2,-9.0,-7.3,-5.5,1.2,1.2,20.0
2008,2,3,-12.0,-7.5,-3.0,1.8,1.8,20.0
2008,2,4,-11.0,-6.5,-2.0,8.6,8.6,20.0
2008,2,5,-11.5,-4.8,2.0,7.0,0.0,22.0
2008,2,6,-7.5,-6.3,-5.0,3.0,3.0,18.0
2008,2,7,-12.5,-10.3,-8.0,1.0,1.0,22.0
2008,2,8,-11.0,-8.5,-6.0,0.0,0.0,22.0
2008,2,9,-15.0,-9.0,-3.0,-999.0,-999.0,22.0
2008,2,10,-5.5,-2.5,0.5,5.6,5.6,-999.0
2008,2,11,-17.0,-15.8,-14.5,0.0,0.0,20.0
2008,2,12,-21.5,-14.3,-7.0,8.0,8.0,20.0
2008,2,13,-17.0,-9.5,-2.0,6.0,6.0,20.0
2008,2,14,-13.5,-8.8,-4.0,8.2,8.2,24.0
2008,2,15,-11.5,-6.8,-2.1,0.0,0.0,28.0
2008,2,16,-25.0,-19.0,-13.0,0.0,0.0,28.0
2008,2,17,-23.0,-8.0,7.0,14.0,0.0,28.0
2008,2,18,-1.5,4.4,10.3,-999.0,-999.0,22.0
2008,2,19,-6.5,-4.0,-1.5,1.0,1.0,14.0
2008,2,20,-16.5,-14.0,-11.5,0.0,0.0,16.0
2008,2,21,-24.0,-18.0,-12.0,0.0,0.0,16.0
2008,2,22,-20.0,-13.5,-7.0,2.8,2.8,16.0
2008,2,23,-18.0,-11.8,-5.5,0.0,0.0,6.0
2008,2,24,-15.0,-7.5,0.0,0.0,0.0,14.0
2008,2,25,-10.5,-6.0,-1.5,0.0,0.0,14.0
2008,2,26,-4.0,-1.9,0.2,6.4,6.4,14.0
2008,2,27,-8.0,-6.5,-5.0,2.0,2.0,22.0
2008,2,28,-21.9,-18.5,-15.0,0.0,0.0,22.0
2008,2,29,-28.0,-16.5,-5.0,5.4,5.4,22.0
2008,3,1,-15.0,-8.0,-1.0,8.8,8.8,28.0
2008,3,2,-10.5,-7.3,-4.0,0.0,0.0,30.0
2008,3,3,-16.0,-4.0,8.0,2.0,0.0,30.0
2008,3,4,-7.0,-2.5,2.0,10.0,10.0,20.0
2008,3,5,-11.0,-6.5,-2.0,4.0,4.0,20.0
2008,3,6,-16.0,-7.5,1.0,0.0,0.0,24.0
2008,3,7,-10.5,-1.3,8.0,6.8,6.8,24.0
2008,3,8,-4.0,-2.3,-0.5,29.0,29.0,28.0
2008,3,9,-10.0,-9.0,-8.0,3.0,3.0,50.0
2008,3,10,-14.0,-11.0,-8.0,3.0,3.0,50.0
2008,3,11,-16.0,-9.0,-2.0,1.0,1.0,48.0
2008,3,12,-5.5,-3.0,-0.5,0.0,0.0,48.0
2008,3,13,-22.5,-12.3,-2.0,2.2,2.2,48.0
2008,3,14,-9.0,-5.5,-2.0,0.0,0.0,48.0
2008,3,15,-12.0,-3.0,6.0,2.4,2.4,46.0
2008,3,16,-3.5,-1.5,0.5,1.0,1.0,46.0
2008,3,17,-12.0,-7.0,-2.0,0.0,0.0,46.0
2008,3,18,-18.0,-7.0,4.0,0.0,0.0,44.0
2008,3,19,-2.0,-0.8,0.5,19.6,15.6,38.0
2008,3,20,-2.0,-1.5,-1.0,23.0,23.0,52.0
2008,3,21,-13.5,-10.0,-6.5,3.8,3.8,58.0
2008,3,22,-11.0,-7.8,-4.5,0.0,0.0,60.0
2008,3,23,-14.5,-11.8,-9.0,0.0,0.0,60.0
2008,3,24,-23.0,-15.5,-8.0,0.0,0.0,60.0
2008,3,25,-21.0,-10.0,1.0,2.0,2.0,58.0
2008,3,26,-2.5,0.8,4.0,0.0,0.0,58.0
2008,3,27,-10.5,-3.8,3.0,0.0,0.0,52.0
2008,3,28,-12.0,-5.8,0.5,1.0,1.0,50.0
2008,3,29,-14.0,-9.0,-4.0,0.0,0.0,50.0
2008,3,30,-14.0,-5.5,3.0,0.0,0.0,48.0
2008,3,31,-6.0,-1.5,3.0,7.8,2.0,48.0
2008,4,1,-1.0,5.5,12.0,4.6,0.0,48.0
2008,4,2,-7.0,-4.0,-1.0,0.0,0.0,40.0
2008,4,3,-5.0,-0.5,4.0,0.0,0.0,40.0
2008,4,4,-4.5,0.5,5.5,14.8,0.0,38.0
2008,4,5,-2.0,1.5,5.0,1.0,1.0,36.0
2008,4,6,-0.5,3.4,7.2,0.0,0.0,34.0
2008,4,7,0.0,5.0,10.0,0.0,0.0,32.0
2008,4,8,-1.0,5.8,12.5,0.0,0.0,28.0
2008,4,9,3.0,10.0,17.0,0.0,0.0,20.0
2008,4,10,3.0,4.8,6.5,0.0,0.0,0.0
2008,4,11,-1.2,1.9,5.0,8.0,0.0,0.0
2008,4,12,0.5,1.3,2.0,5.0,1.0,0.0
2008,4,13,-2.0,0.5,3.0,0.0,0.0,0.0
2008,4,14,-2.0,2.0,6.0,0.0,0.0,0.0
2008,4,15,-3.0,3.0,9.0,0.0,0.0,0.0
2008,4,16,0.0,7.5,15.0,0.0,0.0,0.0
2008,4,17,4.0,13.0,22.0,0.0,0.0,0.0
2008,4,18,-0.5,10.3,21.0,0.0,0.0,0.0
2008,4,19,2.0,10.0,18.0,0.0,0.0,0.0
2008,4,20,-999.0,-999.0,-999.0,0.0,0.0,0.0
2008,4,21,1.5,11.0,20.5,0.0,0.0,0.0
2008,4,22,5.5,14.0,22.5,0.0,0.0,0.0
2008,4,23,8.0,16.0,24.0,0.4,0.0,0.0
2008,4,24,4.0,9.5,15.0,0.0,0.0,0.0
2008,4,25,1.0,8.5,16.0,0.0,0.0,0.0
2008,4,26,-999.0,-999.0,-999.0,1.0,0.0,0.0
2008,4,27,6.0,11.8,17.5,0.0,0.0,0.0
2008,4,28,4.0,9.0,14.0,29.4,0.0,0.0
2008,4,29,0.5,4.3,8.0,15.4,0.0,0.0
2008,4,30,-1.5,2.8,7.0,0.0,0.0,0.0
2008,5,1,-4.0,2.3,8.5,0.0,0.0,0.0
2008,5,2,-3.5,4.3,12.0,0.0,0.0,0.0
2008,5,3,0.5,4.8,9.0,2.8,0.0,0.0
2008,5,4,3.5,6.3,9.0,4.0,0.0,0.0
2008,5,5,5.0,10.5,16.0,0.0,0.0,0.0
2008,5,6,2.0,11.0,20.0,0.0,0.0,0.0
2008,5,7,2.0,8.3,14.5,8.0,0.0,0.0
2008,5,8,6.0,11.5,17.0,0.0,0.0,0.0
2008,5,9,2.0,8.3,14.5,0.0,0.0,0.0
2008,5,10,0.5,7.8,15.0,0.0,0.0,0.0
2008,5,11,-1.0,7.8,16.5,0.0,0.0,0.0
2008,5,12,4.0,9.5,15.0,0.0,0.0,0.0
2008,5,13,4.0,12.0,20.0,0.0,0.0,0.0
2008,5,14,4.0,14.3,24.5,0.0,0.0,0.0
2008,5,15,9.8,13.4,17.0,2.0,0.0,0.0
2008,5,16,-1.0,8.0,17.0,0.0,0.0,0.0
2008,5,17,1.5,10.8,20.0,0.0,0.0,0.0
2008,5,18,7.0,12.5,18.0,7.2,0.0,0.0
2008,5,19,5.0,8.5,12.0,2.6,0.0,0.0
2008,5,20,3.0,8.5,14.0,0.0,0.0,0.0
2008,5,21,3.0,9.5,16.0,4.6,0.0,0.0
2008,5,22,4.5,7.5,10.5,7.4,0.0,0.0
2008,5,23,6.0,10.0,14.0,1.6,0.0,0.0
2008,5,24,7.0,12.5,18.0,0.0,0.0,0.0
2008,5,25,-999.0,-999.0,-999.0,1.6,0.0,0.0
2008,5,26,8.0,12.5,17.0,2.6,0.0,0.0
2008,5,27,7.0,9.5,12.0,0.0,0.0,0.0
2008,5,28,1.0,7.4,13.8,0.0,0.0,0.0
2008,5,29,7.0,12.6,18.2,0.0,0.0,0.0
2008,5,30,0.0,9.0,18.0,2.0,0.0,0.0
2008,5,31,8.0,10.3,12.5,9.4,0.0,0.0
2008,6,1,9.5,12.8,16.0,5.0,0.0,0.0
2008,6,2,8.5,12.8,17.0,4.4,0.0,0.0
2008,6,3,8.5,12.7,16.8,0.2,0.0,0.0
2008,6,4,6.0,10.5,15.0,0.0,0.0,0.0
2008,6,5,8.5,15.8,23.0,0.4,0.0,0.0
2008,6,6,14.0,14.5,15.0,2.6,0.0,0.0
2008,6,7,14.0,21.5,29.0,0.0,0.0,0.0
2008,6,8,20.0,24.7,29.3,3.2,0.0,0.0
2008,6,9,16.0,20.5,25.0,0.0,0.0,0.0
2008,6,10,19.0,25.0,31.0,21.0,0.0,0.0
2008,6,11,15.0,20.5,26.0,3.6,0.0,0.0
2008,6,12,7.0,14.0,21.0,0.0,0.0,0.0
2008,6,13,4.0,15.0,26.0,0.0,0.0,0.0
2008,6,14,11.5,19.4,27.2,29.8,0.0,0.0
2008,6,15,15.0,16.9,18.8,0.0,0.0,0.0
2008,6,16,13.5,17.5,21.5,12.6,0.0,0.0
2008,6,17,13.0,17.0,21.0,23.4,0.0,0.0
2008,6,18,11.5,14.8,18.0,14.0,0.0,0.0
2008,6,19,10.5,14.3,18.0,2.0,0.0,0.0
2008,6,20,11.0,16.8,22.5,0.0,0.0,0.0
2008,6,21,14.0,19.0,24.0,0.0,0.0,0.0
2008,6,22,10.5,16.3,22.0,2.8,0.0,0.0
2008,6,23,12.0,17.5,23.0,11.8,0.0,0.0
2008,6,24,13.0,17.8,22.5,4.0,0.0,0.0
2008,6,25,12.5,17.3,22.0,0.0,0.0,0.0
2008,6,26,16.0,20.0,24.0,0.6,0.0,0.0
2008,6,27,16.5,19.8,23.0,1.6,0.0,0.0
2008,6,28,16.0,18.3,20.5,-999.0,0.0,0.0
2008,6,29,15.5,19.5,23.5,10.6,0.0,0.0
2008,6,30,-999.0,-999.0,-999.0,-999.0,0.0,0.0
2008,7,1,12.0,17.5,23.0,1.0,0.0,0.0
2008,7,2,15.0,19.0,23.0,0.0,0.0,0.0
2008,7,3,17.0,17.8,18.5,-999.0,0.0,0.0
2008,7,4,-999.0,-999.0,-999.0,-999.0,0.0,0.0
2008,7,5,11.5,17.0,22.5,0.0,0.0,0.0
2008,7,6,15.0,20.0,25.0,0.0,0.0,0.0
2008,7,7,18.0,22.0,26.0,0.0,0.0,0.0
2008,7,8,15.0,20.8,26.5,0.0,0.0,0.0
2008,7,9,20.0,25.0,30.0,6.0,0.0,0.0
2008,7,10,-999.0,-999.0,-999.0,4.0,0.0,0.0
2008,7,11,-999.0,-999.0,-999.0,0.0,0.0,0.0
2008,7,12,11.0,18.5,26.0,0.0,0.0,0.0
2008,7,13,19.0,20.8,22.5,15.2,0.0,0.0
2008,7,14,19.0,21.0,23.0,0.6,0.0,0.0
2008,7,15,17.0,19.8,22.5,0.0,0.0,0.0
2008,7,16,15.5,19.0,22.5,0.0,0.0,0.0
2008,7,17,12.5,19.3,26.0,0.0,0.0,0.0
2008,7,18,12.5,16.3,20.0,0.8,0.0,0.0
2008,7,19,-999.0,-999.0,-999.0,13.8,0.0,0.0
2008,7,20,13.3,19.2,25.0,1.8,0.0,0.0
2008,7,21,14.0,18.5,23.0,0.0,0.0,0.0
2008,7,22,13.5,19.3,25.0,6.8,0.0,0.0
2008,7,23,16.4,20.7,25.0,1.2,0.0,0.0
2008,7,24,16.5,20.3,24.0,15.2,0.0,0.0
2008,7,25,15.2,19.9,24.5,0.0,0.0,0.0
2008,7,26,15.0,20.0,25.0,14.8,0.0,0.0
2008,7,27,14.0,19.0,24.0,0.0,0.0,0.0
2008,7,28,13.2,18.1,23.0,8.0,0.0,0.0
2008,7,29,-999.0,-999.0,-999.0,1.6,0.0,0.0
2008,7,30,12.9,18.0,23.0,5.0,0.0,0.0
2008,7,31,16.2,19.6,23.0,2.8,0.0,0.0
2008,8,1,17.0,20.5,24.0,34.8,0.0,0.0
2008,8,2,15.5,19.3,23.0,10.8,0.0,0.0
2008,8,3,15.2,18.6,22.0,2.0,0.0,0.0
2008,8,4,14.0,15.5,17.0,0.0,0.0,0.0
2008,8,5,12.0,16.5,21.0,0.0,0.0,0.0
2008,8,6,12.0,14.5,17.0,28.0,0.0,0.0
2008,8,7,13.5,14.5,15.5,16.6,0.0,0.0
2008,8,8,14.5,16.0,17.5,5.0,0.0,0.0
2008,8,9,13.0,17.0,21.0,0.0,0.0,0.0
2008,8,10,10.5,17.5,24.5,0.6,0.0,0.0
2008,8,11,14.0,19.0,24.0,2.4,0.0,0.0
2008,8,12,12.0,17.0,22.0,24.2,0.0,0.0
2008,8,13,11.0,16.3,21.5,0.0,0.0,0.0
2008,8,14,11.5,17.3,23.0,0.0,0.0,0.0
2008,8,15,10.0,17.0,24.0,0.0,0.0,0.0
2008,8,16,11.0,17.5,24.0,4.0,0.0,0.0
2008,8,17,-999.0,-999.0,-999.0,0.0,0.0,0.0
2008,8,18,10.0,18.0,26.0,17.6,0.0,0.0
2008,8,19,11.5,14.0,16.5,0.4,0.0,0.0
2008,8,20,5.0,12.0,19.0,0.0,0.0,0.0
2008,8,21,9.0,16.5,24.0,0.0,0.0,0.0
2008,8,22,12.5,20.3,28.0,0.0,0.0,0.0
2008,8,23,14.0,21.0,28.0,0.0,0.0,0.0
2008,8,24,16.5,21.8,27.1,8.6,0.0,0.0
2008,8,25,15.5,16.6,17.7,0.0,0.0,0.0
2008,8,26,8.5,13.3,18.0,0.0,0.0,0.0
2008,8,27,6.5,15.5,24.5,0.0,0.0,0.0
2008,8,28,9.5,18.0,26.5,0.0,0.0,0.0
2008,8,29,11.0,18.0,25.0,1.0,0.0,0.0
2008,8,30,16.0,19.5,23.0,2.0,0.0,0.0
2008,8,31,11.5,16.5,21.5,0.0,0.0,0.0
2008,9,1,8.0,16.0,24.0,0.0,0.0,0.0
2008,9,2,12.0,19.8,27.5,0.0,0.0,0.0
2008,9,3,13.5,20.3,27.0,0.0,0.0,0.0
2008,9,4,15.0,19.0,23.0,0.0,0.0,0.0
2008,9,5,11.0,20.0,29.0,0.0,0.0,0.0
2008,9,6,19.5,21.5,23.5,3.2,0.0,0.0
2008,9,7,13.0,14.0,15.0,1.0,0.0,0.0
2008,9,8,11.0,15.5,20.0,6.8,0.0,0.0
2008,9,9,11.0,13.5,16.0,17.2,0.0,0.0
2008,9,10,6.0,10.5,15.0,0.0,0.0,0.0
2008,9,11,2.0,10.0,18.0,0.4,0.0,0.0
2008,9,12,6.0,10.3,14.5,9.0,0.0,0.0
2008,9,13,13.0,16.5,20.0,0.0,0.0,0.0
2008,9,14,10.0,17.0,24.0,13.6,0.0,0.0
2008,9,15,13.0,14.0,15.0,1.4,0.0,0.0
2008,9,16,1.5,8.3,15.0,0.0,0.0,0.0
2008,9,17,4.0,11.5,19.0,4.8,0.0,0.0
2008,9,18,2.0,6.8,11.5,0.0,0.0,0.0
2008,9,19,-1.5,7.3,16.0,0.0,0.0,0.0
2008,9,20,6.0,13.0,20.0,0.0,0.0,0.0
2008,9,21,7.5,11.3,15.0,0.0,0.0,0.0
2008,9,22,-3.0,5.3,13.5,0.0,0.0,0.0
2008,9,23,-2.5,6.8,16.0,1.6,0.0,0.0
2008,9,24,9.0,15.1,21.2,0.0,0.0,0.0
2008,9,25,9.0,16.5,24.0,0.0,0.0,0.0
2008,9,26,10.0,15.1,20.2,19.2,0.0,0.0
2008,9,27,13.0,15.8,18.5,0.6,0.0,0.0
2008,9,28,13.0,16.0,19.0,1.0,0.0,0.0
2008,9,29,10.0,13.0,16.0,1.2,0.0,0.0
2008,9,30,9.0,13.8,18.5,0.0,0.0,0.0
2008,10,1,9.0,11.5,14.0,23.6,0.0,0.0
2008,10,2,8.5,9.8,11.0,2.4,0.0,0.0
2008,10,3,2.0,6.0,10.0,3.0,0.0,0.0
2008,10,4,4.5,6.8,9.0,0.0,0.0,0.0
2008,10,5,3.5,6.0,8.5,0.0,0.0,0.0
2008,10,6,1.5,5.0,8.5,0.0,0.0,0.0
2008,10,7,1.0,6.5,12.0,0.0,0.0,0.0
2008,10,8,-1.0,7.5,16.0,5.6,0.0,0.0
2008,10,9,6.0,11.3,16.5,7.4,0.0,0.0
2008,10,10,7.0,10.3,13.5,0.0,0.0,0.0
2008,10,11,1.0,7.5,14.0,0.0,0.0,0.0
2008,10,12,-2.0,6.0,14.0,11.8,0.0,0.0
2008,10,13,7.5,10.5,13.5,0.0,0.0,0.0
2008,10,14,7.5,14.8,22.0,1.8,0.0,5.0
2008,10,15,3.0,7.0,11.0,1.0,0.0,0.0
2008,10,16,6.0,8.5,11.0,1.4,0.0,0.0
2008,10,17,1.0,4.6,8.2,0.0,0.0,0.0
2008,10,18,-5.0,0.5,6.0,0.0,0.0,0.0
2008,10,19,-7.0,1.5,10.0,0.0,0.0,0.0
2008,10,20,-4.0,2.3,8.5,0.5,0.0,0.0
2008,10,21,0.0,2.0,4.0,11.5,2.0,0.0
2008,10,22,-1.5,-0.3,1.0,0.0,0.0,0.0
2008,10,23,-9.0,-1.8,5.5,0.0,0.0,0.0
2008,10,24,-5.0,4.5,14.0,0.0,0.0,0.0
2008,10,25,0.5,8.3,16.0,22.8,0.0,0.0
2008,10,26,6.0,9.8,13.5,0.0,0.0,0.0
2008,10,27,4.0,9.0,14.0,1.2,0.0,0.0
2008,10,28,4.5,7.3,10.0,9.8,0.0,0.0
2008,10,29,-1.5,-0.8,0.0,11.0,11.0,0.0
2008,10,30,-2.0,-0.3,1.5,0.0,0.0,10.0
2008,10,31,-3.0,3.3,9.5,0.0,0.0,0.0
2008,11,1,-2.0,0.0,2.0,0.0,0.0,0.0
2008,11,2,-6.0,-2.0,2.0,0.0,0.0,0.0
2008,11,3,-5.0,1.0,7.0,0.0,0.0,0.0
2008,11,4,3.0,7.5,12.0,0.0,0.0,0.0
2008,11,5,9.0,13.0,17.0,0.0,0.0,0.0
2008,11,6,5.0,11.8,18.5,3.0,0.0,0.0
2008,11,7,5.0,8.0,11.0,5.0,0.0,0.0
2008,11,8,3.5,8.3,13.0,7.2,0.0,0.0
2008,11,9,5.0,6.3,7.5,1.6,0.0,0.0
2008,11,10,0.0,2.0,4.0,2.0,0.0,0.0
2008,11,11,-1.5,0.0,1.5,0.0,0.0,0.0
2008,11,12,-2.0,-0.8,0.5,0.0,0.0,0.0
2008,11,13,-6.5,0.5,7.5,4.8,0.0,0.0
2008,11,14,1.0,5.5,10.0,0.0,0.0,0.0
2008,11,15,7.0,11.4,15.8,23.6,0.0,0.0
2008,11,16,0.0,5.0,10.0,1.4,0.2,0.0
2008,11,17,-3.5,-2.8,-2.0,0.0,0.0,0.0
2008,11,18,-6.5,-5.3,-4.0,0.2,0.2,0.0
2008,11,19,-11.0,-9.0,-7.0,0.0,0.0,0.0
2008,11,20,-9.5,-8.0,-6.5,0.0,0.0,0.0
2008,11,21,-9.0,-6.5,-4.0,0.0,0.0,0.0
2008,11,22,-9.5,-7.8,-6.0,0.0,0.0,0.0
2008,11,23,-11.0,-7.8,-4.5,0.0,0.0,0.0
2008,11,24,-15.0,-7.5,0.0,1.2,1.2,0.0
2008,11,25,-3.0,0.0,3.0,6.4,0.0,4.0
2008,11,26,0.0,3.0,6.0,0.6,0.0,0.0
2008,11,27,-2.5,0.3,3.0,1.4,1.4,0.0
2008,11,28,-2.0,-0.5,1.0,4.4,4.4,4.0
2008,11,29,-4.0,-2.8,-1.5,1.8,1.8,8.0
2008,11,30,-5.5,-1.3,3.0,2.8,2.8,10.0
2008,12,1,-3.0,1.3,5.5,2.4,0.0,12.0
2008,12,2,-2.0,0.0,2.0,0.0,0.0,2.0
2008,12,3,-5.0,-2.0,1.0,0.0,0.0,2.0
2008,12,4,-1.5,0.8,3.0,2.4,0.0,2.0
2008,12,5,-12.0,-8.3,-4.5,0.0,0.0,2.0
2008,12,6,-11.0,-7.3,-3.5,1.0,1.0,2.0
2008,12,7,-7.5,-5.5,-3.5,1.8,1.8,2.0
2008,12,8,-22.0,-18.5,-15.0,0.0,0.0,2.0
2008,12,9,-22.0,-9.0,4.0,40.2,11.2,2.0
2008,12,10,-10.5,-5.3,0.0,6.0,6.0,2.0
2008,12,11,-22.0,-15.0,-8.0,10.4,10.4,12.0
2008,12,12,-10.0,-7.5,-5.0,5.8,5.8,20.0
2008,12,13,-21.5,-18.3,-15.0,0.0,0.0,28.0
2008,12,14,-21.5,-9.3,3.0,1.0,0.0,28.0
2008,12,15,-4.0,2.5,9.0,6.2,0.0,20.0
2008,12,16,-12.0,-7.0,-2.0,5.0,5.0,0.0
2008,12,17,-13.5,-9.8,-6.0,8.6,8.6,6.0
2008,12,18,-9.0,-8.0,-7.0,1.0,1.0,10.0
2008,12,19,-23.5,-20.0,-16.5,0.0,0.0,10.0
2008,12,20,-20.0,-17.3,-14.5,0.0,0.0,10.0
2008,12,21,-24.0,-18.5,-13.0,15.2,15.2,10.0
2008,12,22,-17.0,-14.8,-12.5,0.0,0.0,20.0
2008,12,23,-24.0,-14.0,-4.0,4.8,4.8,20.0
2008,12,24,-12.0,-3.5,5.0,8.0,0.0,22.0
2008,12,25,-10.0,-5.5,-1.0,0.0,0.0,22.0
2008,12,26,-23.5,-13.8,-4.0,0.0,0.0,10.0
2008,12,27,-11.0,0.0,11.0,23.6,0.0,10.0
2008,12,28,1.0,6.8,12.5,0.4,0.0,0.0
2008,12,29,-7.0,-4.3,-1.5,3.0,3.0,0.0
2008,12,30,-14.0,-8.0,-2.0,3.6,3.6,2.0
2008,12,31,-24.0,-20.5,-17.0,0.0,0.0,6.0
2009,1,1,-24.5,-20.8,-17.0,0.0,0.0,6.0
2009,1,2,-23.0,-16.5,-10.0,0.0,0.0,6.0
2009,1,3,-15.0,-12.0,-9.0,0.0,0.0,6.0
2009,1,4,-16.0,-12.3,-8.5,5.0,5.0,6.0
2009,1,5,-15.5,-10.0,-4.5,0.0,0.0,10.0
2009,1,6,-16.0,-11.5,-7.0,0.0,0.0,10.0
2009,1,7,-19.0,-13.5,-8.0,20.0,20.0,10.0
2009,1,8,-13.0,-11.0,-9.0,2.0,2.0,16.0
2009,1,9,-18.5,-15.8,-13.0,1.0,1.0,18.0
2009,1,10,-21.5,-17.3,-13.0,0.0,0.0,18.0
2009,1,11,-999.0,-999.0,-999.0,-999.0,-999.0,18.0
2009,1,12,-21.5,-14.3,-7.0,0.0,0.0,18.0
2009,1,13,-11.0,-7.0,-3.0,5.2,5.2,18.0
2009,1,14,-27.0,-24.0,-21.0,0.0,0.0,18.0
2009,1,15,-34.0,-27.5,-21.0,0.0,0.0,18.0
2009,1,16,-34.0,-28.5,-23.0,1.0,1.0,16.0
2009,1,17,-31.5,-21.8,-12.0,1.0,1.0,16.0
2009,1,18,-27.0,-19.0,-11.0,7.0,7.0,16.0
2009,1,19,-18.0,-13.8,-9.5,3.0,3.0,16.0
2009,1,20,-19.5,-14.0,-8.5,0.4,0.4,20.0
2009,1,21,-20.0,-13.0,-6.0,4.0,4.0,20.0
2009,1,22,-12.0,-7.8,-3.5,1.0,1.0,22.0
2009,1,23,-24.5,-12.8,-1.0,6.0,6.0,22.0
2009,1,24,-23.0,-19.0,-15.0,1.0,1.0,18.0
2009,1,25,-25.0,-20.0,-15.0,1.0,1.0,18.0
2009,1,26,-34.5,-24.3,-14.0,0.6,0.6,18.0
2009,1,27,-25.0,-20.0,-15.0,0.2,0.2,18.0
2009,1,28,-23.0,-15.3,-7.5,16.2,16.2,18.0
2009,1,29,-12.0,-10.0,-8.0,1.2,1.2,22.0
2009,1,30,-12.0,-8.0,-4.0,2.0,2.0,24.0
2009,1,31,-18.0,-13.0,-8.0,1.0,1.0,-999.0
2009,2,1,-25.0,-13.3,-1.5,1.6,1.6,27.0
2009,2,2,-8.0,-4.5,-1.0,0.0,0.0,27.0
2009,2,3,-21.0,-14.3,-7.5,0.0,0.0,26.0
2009,2,4,-20.0,-17.3,-14.5,0.0,0.0,24.0
2009,2,5,-23.0,-19.5,-16.0,0.0,0.0,22.0
2009,2,6,-23.0,-16.0,-9.0,0.0,0.0,22.0
2009,2,7,-15.0,-5.8,3.5,3.2,3.0,20.0
2009,2,8,-12.0,-8.0,-4.0,0.2,0.0,18.0
2009,2,9,-20.0,-15.8,-11.5,0.0,0.0,10.0
2009,2,10,-20.0,-8.0,4.0,3.0,0.0,10.0
2009,2,11,-3.5,2.3,8.0,12.8,0.0,8.0
2009,2,12,-3.0,0.5,4.0,0.0,0.0,6.0
2009,2,13,-18.0,-14.0,-10.0,0.0,0.0,6.0
2009,2,14,-13.5,-10.0,-6.5,0.0,0.0,6.0
2009,2,15,-13.0,-10.0,-7.0,1.0,1.0,6.0
2009,2,16,-15.0,-9.8,-4.5,0.0,0.0,6.0
2009,2,17,-9.0,-5.3,-1.5,0.0,0.0,4.0
2009,2,18,-15.0,-6.8,1.5,3.0,3.0,4.0
2009,2,19,-5.0,-3.0,-1.0,11.2,11.2,6.0
2009,2,20,-13.5,-11.3,-9.0,2.0,2.0,16.0
2009,2,21,-12.0,-9.8,-7.5,0.8,0.8,16.0
2009,2,22,-13.0,-7.0,-1.0,5.8,5.8,18.0
2009,2,23,-8.0,-6.5,-5.0,16.6,16.6,24.0
2009,2,24,-13.5,-10.8,-8.0,0.0,0.0,26.0
2009,2,25,-18.5,-9.8,-1.0,0.0,0.0,26.0
2009,2,26,-9.0,-2.8,3.5,0.0,0.0,26.0
2009,2,27,-3.0,3.3,9.5,16.6,1.0,24.0
2009,2,28,-19.5,-16.0,-12.5,0.0,0.0,2.0
2009,3,1,-23.0,-12.8,-2.5,1.2,1.2,2.0
2009,3,2,-15.0,-12.5,-10.0,9.0,9.0,4.0
2009,3,3,-19.0,-15.5,-12.0,0.0,0.0,10.0
2009,3,4,-19.0,-15.0,-11.0,0.0,0.0,10.0
2009,3,5,-20.5,-11.3,-2.0,12.4,12.4,10.0
2009,3,6,-8.0,-0.5,7.0,3.4,0.0,18.0
2009,3,7,0.0,2.3,4.5,0.0,0.0,6.0
2009,3,8,-0.5,2.3,5.0,1.6,0.0,0.0
2009,3,9,-10.0,-4.5,1.0,0.0,0.0,0.0
2009,3,10,-12.0,-3.3,5.5,2.0,1.0,0.0
2009,3,11,-1.0,3.5,8.0,2.2,0.0,0.0
2009,3,12,-15.0,-12.0,-9.0,0.0,0.0,0.0
2009,3,13,-20.0,-12.5,-5.0,0.0,0.0,0.0
2009,3,14,-12.0,-5.3,1.5,0.0,0.0,0.0
2009,3,15,-5.0,0.5,6.0,0.0,0.0,0.0
2009,3,16,-10.0,-3.3,3.5,0.0,0.0,0.0
2009,3,17,-7.5,1.8,11.0,2.0,0.0,0.0
2009,3,18,0.5,5.3,10.0,0.8,0.0,0.0
2009,3,19,-4.0,-0.8,2.5,0.0,0.0,0.0
2009,3,20,-13.5,-8.0,-2.5,0.0,0.0,0.0
2009,3,21,-13.5,-4.8,4.0,1.0,1.0,0.0
2009,3,22,-5.5,-4.0,-2.5,0.0,0.0,0.0
2009,3,23,-16.5,-10.8,-5.0,0.0,0.0,0.0
2009,3,24,-15.0,-6.5,2.0,0.0,0.0,0.0
2009,3,25,-10.0,-0.5,9.0,0.0,0.0,0.0
2009,3,26,-5.0,3.0,11.0,7.2,0.0,0.0
2009,3,27,0.0,2.5,5.0,0.0,0.0,0.0
2009,3,28,-2.0,5.5,13.0,0.0,0.0,0.0
2009,3,29,-2.0,3.5,9.0,5.0,0.0,0.0
2009,3,30,1.0,2.8,4.5,0.0,0.0,0.0
2009,3,31,-2.5,0.3,3.0,0.0,0.0,0.0
2009,4,1,-2.0,4.0,10.0,0.4,0.0,0.0
2009,4,2,2.0,7.5,13.0,0.0,0.0,0.0
2009,4,3,1.0,9.3,17.5,10.0,0.0,0.0
2009,4,4,2.0,5.3,8.5,3.4,0.0,0.0
2009,4,5,1.0,3.0,5.0,0.6,0.0,0.0
2009,4,6,1.0,4.0,7.0,33.2,0.0,0.0
2009,4,7,-1.5,0.5,2.5,1.0,1.0,0.0
2009,4,8,-3.5,-1.3,1.0,0.0,0.0,0.0
2009,4,9,-3.5,0.3,4.0,0.0,0.0,0.0
2009,4,10,-2.0,1.0,4.0,0.0,0.0,0.0
2009,4,11,-7.0,0.0,7.0,0.0,0.0,0.0
2009,4,12,-6.0,-3.0,0.0,0.0,0.0,0.0
2009,4,13,-5.0,1.0,7.0,0.0,0.0,0.0
2009,4,14,-6.0,1.5,9.0,0.0,0.0,0.0
2009,4,15,-6.0,2.5,11.0,0.0,0.0,0.0
2009,4,16,-6.0,2.3,10.5,0.0,0.0,0.0
2009,4,17,-3.0,7.0,17.0,1.2,0.0,0.0
2009,4,18,0.0,5.8,11.5,0.0,0.0,0.0
2009,4,19,-5.0,2.5,10.0,0.0,0.0,0.0
2009,4,20,-4.5,5.1,14.7,2.2,0.0,0.0
2009,4,21,3.0,6.0,9.0,9.8,0.0,0.0
2009,4,22,3.0,7.8,12.5,25.0,0.0,0.0
2009,4,23,4.0,5.5,7.0,3.2,0.0,0.0
2009,4,24,-0.5,8.3,17.0,0.0,0.0,0.0
2009,4,25,10.0,18.5,27.0,0.4,0.0,0.0
2009,4,26,7.0,10.2,13.4,1.6,0.0,0.0
2009,4,27,4.0,16.0,28.0,0.0,0.0,0.0
2009,4,28,6.0,13.5,21.0,8.8,0.0,0.0
2009,4,29,-2.0,5.0,12.0,0.0,0.0,0.0
2009,4,30,-2.5,7.8,18.0,10.2,0.0,0.0
2009,5,1,7.0,13.0,19.0,23.2,0.0,0.0
2009,5,2,2.0,6.5,11.0,0.0,0.0,0.0
2009,5,3,4.5,10.3,16.0,0.0,0.0,0.0
2009,5,4,4.5,11.0,17.5,0.0,0.0,0.0
2009,5,5,1.0,9.8,18.5,0.0,0.0,0.0
2009,5,6,7.0,8.5,10.0,2.0,0.0,0.0
2009,5,7,6.0,7.5,9.0,-999.0,0.0,0.0
2009,5,8,6.5,11.8,17.0,0.0,0.0,0.0
2009,5,9,7.0,12.3,17.5,25.4,0.0,0.0
2009,5,10,3.0,5.0,7.0,5.0,0.0,0.0
2009,5,11,4.0,8.5,13.0,0.0,0.0,0.0
2009,5,12,2.0,9.8,17.5,0.0,0.0,0.0
2009,5,13,-1.0,9.3,19.5,0.0,0.0,0.0
2009,5,14,8.5,13.5,18.5,5.0,0.0,0.0
2009,5,15,9.0,12.5,16.0,0.0,0.0,0.0
2009,5,16,2.0,9.5,17.0,-999.0,0.0,0.0
2009,5,17,5.0,7.5,10.0,0.0,0.0,0.0
2009,5,18,1.5,6.8,12.0,0.0,0.0,0.0
2009,5,19,1.5,9.3,17.0,0.8,0.0,0.0
2009,5,20,0.0,10.8,21.5,0.6,0.0,0.0
2009,5,21,11.0,19.5,28.0,0.0,0.0,0.0
2009,5,22,10.0,13.5,17.0,0.0,0.0,0.0
2009,5,23,0.0,9.5,19.0,0.0,0.0,0.0
2009,5,24,10.5,16.3,22.0,0.0,0.0,0.0
2009,5,25,1.5,5.8,10.0,0.0,0.0,0.0
2009,5,26,-4.0,5.5,15.0,0.0,0.0,0.0
2009,5,27,3.5,7.8,12.0,7.0,0.0,0.0
2009,5,28,7.0,12.0,17.0,28.4,0.0,0.0
2009,5,29,7.0,11.3,15.5,2.8,0.0,0.0
2009,5,30,10.0,12.5,15.0,5.0,0.0,0.0
2009,5,31,5.0,10.0,15.0,3.2,0.0,0.0
2009,6,1,1.5,8.3,15.0,2.0,0.0,0.0
2009,6,2,5.5,10.3,15.0,0.0,0.0,0.0
2009,6,3,7.0,12.0,17.0,0.0,0.0,0.0
2009,6,4,5.0,11.0,17.0,0.0,0.0,0.0
2009,6,5,3.5,12.8,22.0,0.0,0.0,0.0
2009,6,6,10.0,15.5,21.0,2.0,0.0,0.0
2009,6,7,2.0,8.8,15.5,0.0,0.0,0.0
2009,6,8,3.5,9.8,16.0,0.0,0.0,0.0
2009,6,9,3.0,9.0,15.0,21.2,0.0,0.0
2009,6,10,9.0,12.3,15.5,0.8,0.0,0.0
2009,6,11,9.0,15.5,22.0,14.2,0.0,0.0
2009,6,12,11.0,15.5,20.0,0.0,0.0,0.0
2009,6,13,7.0,14.5,22.0,0.0,0.0,0.0
2009,6,14,9.0,16.0,23.0,0.0,0.0,0.0
2009,6,15,9.0,14.8,20.5,1.4,0.0,0.0
2009,6,16,7.0,15.0,23.0,0.0,0.0,0.0
2009,6,17,9.0,17.0,25.0,0.0,0.0,0.0
2009,6,18,10.0,16.0,22.0,-999.0,0.0,0.0
2009,6,19,12.0,15.8,19.5,0.6,0.0,0.0
2009,6,20,13.0,16.8,20.5,0.0,0.0,0.0
2009,6,21,13.0,18.0,23.0,0.0,0.0,0.0
2009,6,22,11.0,15.0,19.0,0.0,0.0,0.0
2009,6,23,10.0,17.5,25.0,0.8,0.0,0.0
2009,6,24,16.0,21.5,27.0,0.0,0.0,0.0
2009,6,25,17.0,22.5,28.0,14.4,0.0,0.0
2009,6,26,-999.0,-999.0,-999.0,-999.0,0.0,0.0
2009,6,27,13.0,18.0,23.0,1.0,0.0,0.0
2009,6,28,14.0,19.0,24.0,17.0,0.0,0.0
2009,6,29,16.0,19.5,23.0,4.0,0.0,0.0
2009,6,30,14.0,19.5,25.0,19.0,0.0,0.0
2009,7,1,-999.0,-999.0,-999.0,-999.0,0.0,0.0
2009,7,2,-999.0,-999.0,-999.0,-999.0,0.0,0.0
2009,7,3,-999.0,-999.0,-999.0,-999.0,0.0,0.0
2009,7,4,-999.0,-999.0,-999.0,-999.0,0.0,0.0
2009,7,5,-999.0,-999.0,-999.0,-999.0,0.0,0.0
2009,7,12,-999.0,-999.0,-999.0,-999.0,0.0,0.0
2009,7,13,-999.0,-999.0,-999.0,-999.0,0.0,0.0
2009,7,14,-999.0,-999.0,-999.0,-999.0,0.0,0.0
2009,7,15,-999.0,-999.0,-999.0,-999.0,0.0,0.0
2009,7,16,-999.0,-999.0,-999.0,-999.0,0.0,0.0
2009,7,17,-999.0,-999.0,-999.0,-999.0,0.0,0.0
2009,7,18,-999.0,-999.0,-999.0,-999.0,0.0,0.0
2009,7,19,-999.0,-999.0,-999.0,-999.0,0.0,0.0
2009,7,20,-999.0,-999.0,-999.0,-999.0,0.0,0.0
2009,7,21,-999.0,-999.0,-999.0,-999.0,0.0,0.0
2009,7,22,-999.0,-999.0,-999.0,-999.0,0.0,0.0
2009,7,23,-999.0,-999.0,-999.0,-999.0,0.0,0.0
2009,7,24,-999.0,-999.0,-999.0,-999.0,0.0,0.0
2009,7,25,-999.0,-999.0,-999.0,-999.0,0.0,0.0
2009,7,26,-999.0,-999.0,-999.0,-999.0,0.0,0.0
2009,7,27,-999.0,-999.0,-999.0,-999.0,0.0,0.0
2009,7,28,-999.0,-999.0,-999.0,-999.0,0.0,0.0
2009,7,29,-999.0,-999.0,-999.0,-999.0,0.0,0.0
2009,7,30,-999.0,-999.0,-999.0,-999.0,0.0,0.0
2009,7,31,-999.0,-999.0,-999.0,-999.0,0.0,0.0
2009,8,1,13.8,19.9,26.0,0.0,0.0,0.0
2009,8,2,16.0,21.3,26.5,13.5,0.0,0.0
2009,8,3,16.0,19.3,22.5,0.0,0.0,0.0
2009,8,4,13.3,20.2,27.0,0.0,0.0,0.0
2009,8,5,18.0,20.3,22.5,0.0,0.0,0.0
2009,8,6,11.0,16.5,22.0,10.0,0.0,0.0
2009,8,7,9.0,13.3,17.5,5.0,0.0,0.0
2009,8,8,5.5,13.5,21.5,0.0,0.0,0.0
2009,8,9,9.0,16.0,23.0,-999.0,0.0,0.0
2009,8,10,17.5,21.3,25.0,24.8,0.0,0.0
2009,8,11,15.5,20.3,25.0,0.8,0.0,0.0
2009,8,12,12.5,19.8,27.0,0.0,0.0,0.0
2009,8,13,15.0,21.0,27.0,0.0,0.0,0.0
2009,8,14,15.0,22.0,29.0,0.0,0.0,0.0
2009,8,15,17.0,22.5,28.0,0.0,0.0,0.0
2009,8,16,18.0,23.5,29.0,0.0,0.0,0.0
2009,8,17,20.0,24.5,29.0,7.0,0.0,0.0
2009,8,18,21.0,25.0,29.0,12.3,0.0,0.0
2009,8,19,20.0,22.0,24.0,0.0,0.0,0.0
2009,8,20,11.0,17.5,24.0,2.0,0.0,0.0
2009,8,21,17.0,22.0,27.0,46.6,0.0,0.0
2009,8,22,19.0,23.0,27.0,0.6,0.0,0.0
2009,8,23,17.0,20.3,23.5,0.6,0.0,0.0
2009,8,24,14.0,18.5,23.0,0.6,0.0,0.0
2009,8,25,7.5,15.3,23.0,0.0,0.0,0.0
2009,8,26,15.5,19.0,22.5,0.0,0.0,0.0
2009,8,27,4.5,9.8,15.0,0.2,0.0,0.0
2009,8,28,2.5,9.8,17.0,1.8,0.0,0.0
2009,8,29,7.5,11.3,15.0,5.8,0.0,0.0
2009,8,30,10.5,16.8,23.0,2.8,0.0,0.0
2009,8,31,7.5,12.3,17.0,0.6,0.0,0.0
2009,9,1,3.0,11.5,20.0,0.0,0.0,0.0
2009,9,2,10.0,16.8,23.5,0.0,0.0,0.0
2009,9,3,14.0,19.0,24.0,0.0,0.0,0.0
2009,9,4,10.5,17.3,24.0,0.0,0.0,0.0
2009,9,5,4.5,10.8,17.0,0.0,0.0,0.0
2009,9,6,0.0,10.0,20.0,0.0,0.0,0.0
2009,9,7,6.0,14.0,22.0,0.0,0.0,0.0
2009,9,8,13.0,17.5,22.0,0.0,0.0,0.0
2009,9,9,3.5,11.5,19.5,0.0,0.0,0.0
2009,9,10,4.0,13.3,22.5,0.0,0.0,0.0
2009,9,11,7.0,14.0,21.0,0.0,0.0,0.0
2009,9,12,3.5,14.0,24.5,-999.0,0.0,0.0
2009,9,13,-999.0,-999.0,-999.0,-999.0,0.0,0.0
2009,9,14,7.0,11.3,15.5,0.4,0.0,0.0
2009,9,15,9.5,12.8,16.0,0.0,0.0,0.0
2009,9,16,2.5,9.0,15.5,0.0,0.0,0.0
2009,9,17,1.5,9.8,18.0,3.2,0.0,0.0
2009,9,18,-999.0,-999.0,-999.0,-999.0,0.0,0.0
2009,9,19,5.0,9.5,14.0,0.0,0.0,0.0
2009,9,20,3.5,11.3,19.0,0.0,0.0,0.0
2009,9,21,7.5,16.0,24.5,-999.0,0.0,0.0
2009,9,22,9.0,14.0,19.0,3.0,0.0,0.0
2009,9,23,17.0,18.8,20.5,13.6,0.0,0.0
2009,9,24,6.5,11.3,16.0,1.0,0.0,0.0
2009,9,25,5.0,9.3,13.5,0.0,0.0,0.0
2009,9,26,-1.5,7.3,16.0,1.0,0.0,0.0
2009,9,27,8.0,10.5,13.0,34.0,0.0,0.0
2009,9,28,12.5,15.0,17.5,5.6,0.0,0.0
2009,9,29,6.0,11.5,17.0,6.8,0.0,0.0
2009,9,30,5.0,6.3,7.5,0.6,0.0,0.0
2009,10,1,3.5,5.0,6.5,0.0,0.0,0.0
2009,10,2,3.0,6.5,10.0,3.0,0.0,0.0
2009,10,3,3.5,8.3,13.0,10.0,0.0,0.0
2009,10,4,9.0,13.5,18.0,1.2,0.0,0.0
2009,10,5,7.5,10.3,13.0,3.0,0.0,0.0
2009,10,6,7.0,9.8,12.5,9.6,0.0,0.0
2009,10,7,5.5,8.8,12.0,18.2,0.0,0.0
2009,10,8,5.0,7.5,10.0,1.0,0.0,0.0
2009,10,9,5.0,7.5,10.0,11.2,0.0,0.0
2009,10,10,-999.0,-999.0,-999.0,3.0,0.0,0.0
2009,10,11,-3.0,2.5,8.0,0.0,0.0,0.0
2009,10,12,0.5,5.0,9.5,2.2,0.0,0.0
2009,10,13,-0.5,1.3,3.0,4.0,0.0,0.0
2009,10,14,-2.5,0.3,3.0,0.0,0.0,0.0
2009,10,15,-3.0,0.5,4.0,0.0,0.0,0.0
2009,10,16,-8.0,-0.5,7.0,0.0,0.0,0.0
2009,10,17,-8.0,0.0,8.0,0.0,0.0,0.0
2009,10,18,-7.0,-0.5,6.0,0.0,0.0,0.0
2009,10,19,-7.5,0.5,8.5,1.2,0.0,0.0
2009,10,20,-1.0,4.5,10.0,0.6,0.0,0.0
2009,10,21,0.5,3.8,7.0,6.4,0.0,0.0
2009,10,22,-1.0,0.5,2.0,9.0,2.0,0.0
2009,10,23,-4.0,0.0,4.0,20.6,0.0,0.0
2009,10,24,0.0,5.5,11.0,6.6,0.0,0.0
2009,10,25,6.0,7.8,9.5,0.2,0.0,0.0
2009,10,26,-2.0,1.5,5.0,0.0,0.0,0.0
2009,10,27,0.0,4.0,8.0,0.8,0.0,0.0
2009,10,28,-1.0,4.5,10.0,0.0,0.0,0.0
2009,10,29,0.0,5.3,10.5,0.0,0.0,0.0
2009,10,30,-1.0,5.3,11.5,2.2,0.0,0.0
2009,10,31,8.5,12.8,17.0,4.6,0.0,0.0
2009,11,1,3.0,6.0,9.0,0.0,0.0,0.0
2009,11,2,-5.0,1.8,8.5,0.0,0.0,0.0
2009,11,3,-1.0,2.3,5.5,0.0,0.0,0.0
2009,11,4,-2.0,0.0,2.0,0.0,0.0,0.0
2009,11,5,-5.0,-1.0,3.0,1.4,1.4,0.0
2009,11,6,-4.0,-0.5,3.0,0.0,0.0,0.0
2009,11,7,-4.0,2.5,8.9,0.0,0.0,0.0
2009,11,8,0.5,6.8,13.0,0.0,0.0,0.0
2009,11,9,0.0,9.0,18.0,0.0,0.0,0.0
2009,11,10,3.5,7.8,12.0,0.0,0.0,0.0
2009,11,11,-3.5,2.8,9.0,0.0,0.0,0.0
2009,11,12,-8.0,1.0,10.0,0.0,0.0,0.0
2009,11,13,-7.0,3.5,14.0,0.0,0.0,0.0
2009,11,14,-4.0,4.3,12.5,29.8,0.0,0.0
2009,11,15,8.0,10.5,13.0,1.0,0.0,0.0
2009,11,16,1.0,3.0,5.0,0.0,0.0,0.0
2009,11,17,-3.0,0.5,4.0,0.0,0.0,0.0
2009,11,18,-7.5,1.3,10.0,0.0,0.0,0.0
2009,11,19,-4.5,3.8,12.0,9.6,0.0,0.0
2009,11,20,-1.5,3.3,8.0,10.4,0.0,0.0
2009,11,21,3.0,4.8,6.5,0.0,0.0,0.0
2009,11,22,-4.5,0.3,5.0,0.0,0.0,0.0
2009,11,23,-5.0,1.6,8.1,0.0,0.0,0.0
2009,11,24,-3.0,2.8,8.5,0.0,0.0,0.0
2009,11,25,-1.0,4.0,9.0,4.4,0.0,0.0
2009,11,26,5.0,7.8,10.5,0.6,0.0,0.0
2009,11,27,0.0,3.8,7.5,35.6,3.0,0.0
2009,11,28,-0.5,0.9,2.3,0.4,0.0,2.0
2009,11,29,-2.0,-0.5,1.0,5.2,5.2,2.0
2009,11,30,-3.5,-2.3,-1.0,0.0,0.0,10.0
2009,12,1,-8.0,-4.0,0.0,0.0,0.0,10.0
2009,12,2,-2.0,1.5,5.0,20.4,0.0,10.0
2009,12,3,0.0,2.3,4.5,33.4,0.0,1.0
2009,12,4,0.5,2.8,5.0,0.0,0.0,0.0
2009,12,5,-3.5,-1.5,0.5,0.0,0.0,0.0
2009,12,6,-7.0,-3.5,0.0,0.0,0.0,0.0
2009,12,7,-999.0,-999.0,-999.0,2.0,2.0,0.0
2009,12,8,-999.0,-999.0,-999.0,1.0,1.0,2.0
2009,12,9,-14.5,-7.3,0.0,13.0,13.0,2.0
2009,12,10,-7.0,-3.5,0.0,2.0,2.0,10.0
2009,12,11,-10.5,-9.3,-8.0,0.0,0.0,10.0
2009,12,12,-15.0,-10.8,-6.5,0.0,0.0,10.0
2009,12,13,-10.0,-4.5,1.0,2.0,2.0,10.0
2009,12,14,-5.5,-2.5,0.5,3.4,3.4,10.0
2009,12,15,-6.0,-4.8,-3.5,9.2,9.2,10.0
2009,12,16,-18.5,-16.5,-14.5,0.0,0.0,15.0
2009,12,17,-23.5,-20.3,-17.0,0.0,0.0,15.0
2009,12,18,-22.0,-18.0,-14.0,0.0,0.0,15.0
2009,12,19,-21.5,-16.3,-11.0,0.0,0.0,15.0
2009,12,20,-20.5,-15.5,-10.5,0.0,0.0,15.0
2009,12,21,-13.5,-11.3,-9.0,2.6,2.6,15.0
2009,12,22,-15.0,-13.5,-12.0,9.0,9.0,15.0
2009,12,23,-16.0,-11.0,-6.0,2.0,2.0,20.0
2009,12,24,-11.0,-6.3,-1.5,0.0,0.0,20.0
2009,12,25,-5.5,-4.0,-2.5,0.0,0.0,15.0
2009,12,26,-8.0,-3.0,2.0,38.8,2.8,15.0
2009,12,27,-4.0,-0.5,3.0,18.6,0.0,10.0
2009,12,28,-4.0,-2.3,-0.5,5.4,5.4,10.0
2009,12,29,-17.0,-16.5,-16.0,0.0,0.0,5.0
2009,12,30,-22.5,-16.5,-10.5,0.0,0.0,15.0
2009,12,31,-16.0,-10.3,-4.5,3.0,3.0,15.0
2010,1,1,-6.6,-4.3,-2.0,3.0,3.0,20.0
2010,1,2,-8.5,-4.8,-1.0,14.4,14.4,20.0
2010,1,3,-8.5,-4.0,0.5,1.0,1.0,20.0
2010,1,4,-8.0,-6.5,-5.0,5.0,5.0,20.0
2010,1,5,-9.5,-7.8,-6.0,0.4,0.4,26.0
2010,1,6,-8.5,-7.0,-5.5,5.0,5.0,26.0
2010,1,7,-8.0,-6.8,-5.5,1.0,1.0,26.0
2010,1,8,-10.0,-8.3,-6.5,0.6,0.6,26.0
2010,1,9,-19.0,-16.5,-14.0,0.0,0.0,27.0
2010,1,10,-21.0,-14.0,-7.0,3.0,3.0,28.0
2010,1,11,-14.5,-10.3,-6.0,0.4,0.4,28.0
2010,1,12,-999.0,-999.0,-999.0,0.0,0.0,28.0
2010,1,13,-19.0,-14.8,-10.5,0.0,0.0,28.0
2010,1,14,-21.0,-10.3,0.5,0.0,0.0,28.0
2010,1,15,-7.0,-3.0,1.0,0.6,0.6,24.0
2010,1,16,-999.0,-999.0,-999.0,1.6,1.6,20.0
2010,1,17,-11.5,-8.3,-5.0,0.0,0.0,22.0
2010,1,18,-8.0,-4.8,-1.5,1.0,1.0,22.0
2010,1,19,-5.0,-2.5,0.0,1.4,1.4,20.0
2010,1,20,-6.5,-4.3,-2.0,0.0,0.0,22.0
2010,1,21,-999.0,-999.0,-999.0,0.0,0.0,22.0
2010,1,22,-12.0,-7.3,-2.5,0.0,0.0,22.0
2010,1,23,-22.0,-13.0,-4.0,0.0,0.0,22.0
2010,1,24,-14.0,-5.0,4.0,3.4,0.0,22.0
2010,1,25,-3.0,3.0,9.0,19.2,0.0,10.0
2010,1,26,-2.0,-1.0,0.0,5.8,5.8,0.0
2010,1,27,-7.0,-4.3,-1.5,1.6,1.6,6.0
2010,1,28,-9.0,-5.3,-1.5,6.0,6.0,6.0
2010,1,29,-999.0,-999.0,-999.0,0.0,0.0,10.0
2010,1,30,-999.0,-999.0,-999.0,0.0,0.0,10.0
2010,1,31,-999.0,-999.0,-999.0,11.0,11.0,10.0
2010,2,1,-999.0,-999.0,-999.0,0.0,0.0,20.0
2010,2,2,-27.0,-18.3,-9.5,0.0,0.0,20.0
2010,2,3,-21.5,-12.8,-4.0,4.0,4.0,20.0
2010,2,4,-17.0,-13.8,-10.6,0.0,0.0,22.0
2010,2,5,-16.0,-13.5,-11.0,0.0,0.0,22.0
2010,2,6,-22.5,-16.8,-11.0,0.0,0.0,22.0
2010,2,7,-16.0,-12.8,-9.5,6.0,6.0,20.0
2010,2,8,-12.0,-10.3,-8.5,0.4,0.4,22.0
2010,2,9,-9.5,-7.3,-5.0,0.0,0.0,22.0
2010,2,10,-14.0,-7.5,-1.0,0.0,0.0,22.0
2010,2,11,-11.0,-7.0,-3.0,0.0,0.0,20.0
2010,2,12,-10.0,-8.8,-7.5,0.0,0.0,20.0
2010,2,13,-11.0,-8.5,-6.0,1.0,1.0,20.0
2010,2,14,-8.5,-6.8,-5.0,3.2,3.2,20.0
2010,2,15,-8.0,-6.0,-4.0,0.0,0.0,20.0
2010,2,16,-8.0,-4.0,0.0,0.0,0.0,20.0
2010,2,17,-5.0,-2.5,0.0,1.2,1.2,20.0
2010,2,18,-4.0,-1.5,1.0,1.0,1.0,20.0
2010,2,19,-7.0,-5.0,-3.0,0.0,0.0,18.0
2010,2,20,-5.0,-3.3,-1.5,0.0,0.0,18.0
2010,2,21,-9.0,-5.5,-2.0,0.0,0.0,18.0
2010,2,22,-5.0,-1.8,1.5,0.0,0.0,18.0
2010,2,23,-2.5,0.0,2.5,0.0,0.0,14.0
2010,2,24,-2.0,-0.5,1.0,16.0,16.0,12.0
2010,2,25,-1.5,-0.3,1.0,0.0,0.0,24.0
2010,2,26,-2.0,0.5,3.0,0.0,0.0,26.0
2010,2,27,-2.0,0.5,3.0,0.0,0.0,24.0
2010,2,28,-2.0,0.8,3.5,0.0,0.0,24.0
2010,3,1,-2.5,0.5,3.5,0.0,0.0,14.0
2010,3,2,-2.5,0.8,4.0,0.0,0.0,10.0
2010,3,3,-10.0,-3.3,3.5,0.0,0.0,6.0
2010,3,4,-8.0,-3.8,0.5,0.0,0.0,4.0
2010,3,5,-8.0,-3.8,0.5,0.0,0.0,4.0
2010,3,6,-11.5,-3.3,5.0,0.0,0.0,2.0
2010,3,7,-6.0,0.0,6.0,0.0,0.0,2.0
2010,3,8,-1.0,1.8,4.5,0.0,0.0,0.0
2010,3,9,-5.5,-3.0,-0.5,0.0,0.0,0.0
2010,3,10,-13.0,-5.5,2.0,0.0,0.0,0.0
2010,3,11,-8.5,-0.3,8.0,0.0,0.0,0.0
2010,3,12,-3.5,2.8,9.0,0.0,0.0,0.0
2010,3,13,-4.5,2.8,10.0,0.0,0.0,0.0
2010,3,14,-1.0,4.0,9.0,0.0,0.0,0.0
2010,3,15,-0.5,5.0,10.5,0.0,0.0,0.0
2010,3,16,-6.0,3.3,12.5,0.0,0.0,0.0
2010,3,17,-999.0,-999.0,-999.0,0.0,0.0,0.0
2010,3,18,3.0,6.8,10.5,4.0,0.0,0.0
2010,3,19,-0.5,7.0,14.5,0.4,0.0,0.0
2010,3,20,-999.0,-999.0,-999.0,0.4,0.0,0.0
2010,3,21,-999.0,-999.0,-999.0,3.0,3.0,2.0
2010,3,22,-2.0,2.3,6.5,10.4,6.4,4.0
2010,3,23,-3.0,-1.0,1.0,3.0,3.0,6.0
2010,3,24,-2.0,-0.5,1.0,0.0,0.0,6.0
2010,3,25,-6.0,2.5,11.0,0.0,0.0,4.0
2010,3,26,-15.0,-10.5,-6.0,0.0,0.0,2.0
2010,3,27,-17.0,-9.8,-2.5,0.0,0.0,2.0
2010,3,28,-7.5,-1.0,5.5,27.0,7.0,0.0
2010,3,29,-1.0,2.3,5.5,11.0,0.0,4.0
2010,3,30,-1.5,1.8,5.0,0.6,0.0,0.0
2010,3,31,0.0,2.5,5.0,0.0,0.0,0.0
2010,4,1,-1.0,7.0,15.0,0.0,0.0,0.0
2010,4,2,1.5,13.8,26.0,0.0,0.0,0.0
2010,4,3,10.0,19.0,28.0,0.0,0.0,0.0
2010,4,4,12.5,14.8,17.0,0.0,0.0,0.0
2010,4,5,2.5,11.3,20.0,2.0,0.0,0.0
2010,4,6,5.0,10.3,15.5,5.0,0.0,0.0
2010,4,7,7.0,9.3,11.5,4.0,0.0,0.0
2010,4,8,-1.0,3.9,8.8,1.0,0.0,0.0
2010,4,9,4.0,5.5,7.0,2.2,0.0,0.0
2010,4,10,0.0,4.5,9.0,0.0,0.0,0.0
2010,4,11,1.0,6.3,11.5,2.6,0.0,0.0
2010,4,12,-2.0,3.5,9.0,0.0,0.0,0.0
2010,4,13,-6.0,3.0,12.0,0.0,0.0,0.0
2010,4,14,-3.0,5.0,13.0,0.0,0.0,0.0
2010,4,15,-4.0,2.5,9.0,0.0,0.0,0.0
2010,4,16,1.5,4.3,7.0,7.0,7.0,0.0
2010,4,17,-1.0,0.5,2.0,3.0,1.0,4.0
2010,4,18,-1.0,2.5,6.0,1.4,0.0,4.0
2010,4,19,-1.0,5.5,12.0,3.0,0.0,0.0
2010,4,20,3.0,10.0,17.0,0.0,0.0,0.0
2010,4,21,1.0,9.0,17.0,0.0,0.0,0.0
2010,4,22,1.0,8.0,15.0,0.0,0.0,0.0
2010,4,23,1.5,7.3,13.0,0.0,0.0,0.0
2010,4,24,-2.5,6.3,15.0,8.2,0.0,0.0
2010,4,25,3.0,8.8,14.5,0.0,0.0,0.0
2010,4,26,-2.0,5.5,13.0,5.0,5.0,0.0
2010,4,27,-1.0,0.5,2.0,4.0,4.0,7.0
2010,4,28,-999.0,-999.0,-999.0,2.2,2.2,1.0
2010,4,29,-0.5,4.3,9.0,0.2,0.2,0.0
2010,4,30,3.5,10.5,17.5,0.0,0.0,0.0
2010,5,1,0.5,10.5,20.5,1.2,0.0,0.0
2010,5,2,11.0,19.0,27.0,0.4,0.0,0.0
2010,5,3,16.0,19.0,22.0,12.2,0.0,0.0
2010,5,4,6.0,13.3,20.5,13.0,0.0,0.0
2010,5,5,6.5,12.0,17.5,2.0,0.0,0.0
2010,5,6,7.0,12.0,17.0,3.0,0.0,0.0
2010,5,7,3.0,7.0,11.0,0.0,0.0,0.0
2010,5,8,0.0,5.0,10.0,7.2,0.0,0.0
2010,5,9,0.0,1.5,3.0,4.6,1.0,0.0
2010,5,10,-2.5,1.3,5.0,0.0,0.0,0.0
2010,5,11,-4.0,4.5,13.0,0.0,0.0,0.0
2010,5,12,-0.5,6.0,12.5,0.0,0.0,0.0
2010,5,13,-3.5,6.5,16.5,0.0,0.0,0.0
2010,5,14,4.0,10.5,17.0,5.8,0.0,0.0
2010,5,15,7.0,11.0,15.0,3.4,0.0,11.0
2010,5,16,5.0,12.0,19.0,0.0,0.0,0.0
2010,5,17,2.0,12.0,22.0,0.0,0.0,0.0
2010,5,18,6.0,15.8,25.5,0.0,0.0,0.0
2010,5,19,10.0,15.0,20.0,0.0,0.0,0.0
2010,5,20,6.0,14.5,23.0,0.0,0.0,0.0
2010,5,21,1.0,10.0,19.0,0.0,0.0,0.0
2010,5,22,5.5,15.8,26.0,0.0,0.0,0.0
2010,5,23,16.0,21.5,27.0,0.0,0.0,0.0
2010,5,24,14.5,21.0,27.5,0.0,0.0,0.0
2010,5,25,16.0,23.5,31.0,3.6,0.0,0.0
2010,5,26,19.0,23.3,27.5,0.0,0.0,0.0
2010,5,27,7.0,14.5,22.0,0.0,0.0,0.0
2010,5,28,4.0,12.8,21.5,0.0,0.0,0.0
2010,5,29,-999.0,-999.0,-999.0,4.2,0.0,0.0
2010,5,30,-999.0,-999.0,-999.0,0.0,0.0,0.0
2010,5,31,1.0,10.5,20.0,12.4,0.0,0.0
2010,6,1,12.0,15.0,18.0,4.2,0.0,0.0
2010,6,2,10.5,18.3,26.0,10.0,0.0,0.0
2010,6,3,14.0,15.8,17.5,2.0,0.0,0.0
2010,6,4,12.0,17.3,22.5,1.4,0.0,0.0
2010,6,5,13.0,16.0,19.0,3.0,0.0,0.0
2010,6,6,7.5,9.8,12.0,17.0,0.0,0.0
2010,6,7,8.5,12.8,17.0,0.0,0.0,0.0
2010,6,8,6.0,11.5,17.0,0.0,0.0,0.0
2010,6,9,5.0,13.3,21.5,0.0,0.0,0.0
2010,6,10,6.5,11.3,16.0,0.0,0.0,0.0
2010,6,11,4.0,12.8,21.5,0.0,0.0,0.0
2010,6,12,12.0,17.5,23.0,0.0,0.0,0.0
2010,6,13,10.0,17.0,24.0,0.0,0.0,0.0
2010,6,14,9.0,13.0,17.0,2.0,0.0,0.0
2010,6,15,4.5,11.8,19.0,0.0,0.0,0.0
2010,6,16,5.5,13.5,21.5,9.6,0.0,0.0
2010,6,17,12.0,18.0,24.0,0.0,0.0,0.0
2010,6,18,15.0,21.3,27.5,0.0,0.0,0.0
2010,6,19,14.0,21.3,28.5,1.6,0.0,0.0
2010,6,20,17.5,21.3,25.0,-999.0,0.0,0.0
2010,6,21,13.0,18.5,24.0,0.0,0.0,0.0
2010,6,22,7.0,16.8,26.5,1.0,0.0,0.0
2010,6,23,15.0,19.3,23.5,10.2,0.0,0.0
2010,6,24,17.5,20.0,22.5,4.4,0.0,0.0
2010,6,25,9.0,15.0,21.0,0.0,0.0,0.0
2010,6,26,13.0,17.8,22.5,8.4,0.0,0.0
2010,6,27,11.0,17.3,23.5,16.2,0.0,0.0
2010,6,28,15.0,17.8,20.5,17.2,0.0,0.0
2010,6,29,13.0,17.3,21.5,6.2,0.0,0.0
2010,6,30,9.5,13.5,17.5,3.6,0.0,0.0
2010,8,1,8.5,17.0,25.5,0.0,0.0,0.0
2010,8,2,12.0,18.8,25.5,13.6,0.0,0.0
2010,8,3,16.0,19.3,22.5,5.8,0.0,0.0
2010,8,4,18.0,22.5,27.0,0.6,0.0,0.0
2010,8,5,20.0,24.3,28.5,1.6,0.0,0.0
2010,8,6,14.0,15.8,17.5,0.0,0.0,0.0
2010,8,7,6.0,11.9,17.7,0.0,0.0,0.0
2010,8,8,9.4,16.2,23.0,10.6,0.0,0.0
2010,8,9,16.0,20.5,25.0,0.6,0.0,0.0
2010,8,10,14.0,19.5,25.0,3.4,0.0,0.0
2010,8,11,13.0,18.0,23.0,0.0,0.0,0.0
2010,8,12,7.0,15.3,23.5,0.0,0.0,0.0
2010,8,13,10.0,18.0,26.0,0.0,0.0,0.0
2010,8,14,14.0,20.3,26.5,0.0,0.0,0.0
2010,8,15,16.0,21.5,27.0,1.6,0.0,0.0
2010,8,16,16.0,21.3,26.5,13.6,0.0,0.0
2010,8,17,15.5,19.9,24.2,3.6,0.0,0.0
2010,8,18,11.9,17.2,22.5,0.4,0.0,0.0
2010,8,19,9.7,17.4,25.0,0.6,0.0,0.0
2010,8,20,8.0,14.3,20.5,0.0,0.0,0.0
2010,8,21,9.0,15.5,22.0,0.8,0.0,0.0
2010,8,22,13.0,15.3,17.5,5.4,0.0,0.0
2010,8,23,15.0,18.3,21.5,0.0,0.0,0.0
2010,8,24,7.5,15.8,24.0,0.0,0.0,0.0
2010,8,25,11.0,14.8,18.5,1.6,0.0,0.0
2010,8,26,12.0,17.3,22.5,2.0,0.0,0.0
2010,8,27,10.0,15.0,20.0,3.8,0.0,0.0
2010,8,28,13.0,18.3,23.5,-999.0,0.0,0.0
2010,8,29,17.5,22.8,28.0,0.0,0.0,0.0
2010,8,30,15.0,21.5,28.0,0.0,0.0,0.0
2010,8,31,19.5,24.5,29.5,0.0,0.0,0.0
2010,9,1,21.5,26.0,30.5,0.2,0.0,0.0
2010,9,2,21.5,24.3,27.0,2.0,0.0,0.0
2010,9,3,19.5,25.0,30.5,0.6,0.0,0.0
2010,9,4,15.5,19.3,23.0,0.6,0.0,0.0
2010,9,5,9.5,12.0,14.5,1.6,0.0,0.0
2010,9,6,8.5,14.8,21.0,9.0,0.0,0.0
2010,9,7,13.0,16.3,19.5,25.5,0.0,0.0
2010,9,8,13.4,16.4,19.3,8.4,0.0,0.0
2010,9,9,10.0,11.5,13.0,2.0,0.0,0.0
2010,9,10,8.5,12.5,16.5,0.4,0.0,0.0
2010,9,11,5.0,12.5,20.0,0.0,0.0,0.0
2010,9,12,6.0,12.8,19.5,2.6,0.0,0.0
2010,9,13,10.0,13.5,17.0,7.8,0.0,0.0
2010,9,14,10.0,13.5,17.0,11.6,0.0,0.0
2010,9,15,8.0,10.3,12.5,1.5,0.0,0.0
2010,9,16,8.0,9.5,11.0,12.0,0.0,0.0
2010,9,17,8.5,12.3,16.0,0.0,0.0,0.0
2010,9,18,2.0,10.5,19.0,1.4,0.0,0.0
2010,9,19,11.0,14.0,17.0,0.0,0.0,0.0
2010,9,20,3.0,9.0,15.0,0.0,0.0,0.0
2010,9,21,0.5,9.3,18.0,0.8,0.0,0.0
2010,9,22,10.5,15.5,20.5,0.0,0.0,0.0
2010,9,23,-999.0,-999.0,-999.0,10.0,0.0,0.0
2010,9,24,-999.0,-999.0,-999.0,12.4,0.0,0.0
2010,9,25,-999.0,-999.0,-999.0,0.8,0.0,0.0
2010,9,26,6.0,9.3,12.5,0.6,0.0,0.0
2010,9,27,9.0,14.5,20.0,-999.0,0.0,0.0
2010,9,28,12.0,16.5,21.0,9.5,0.0,0.0
2010,9,29,-999.0,-999.0,-999.0,1.4,0.0,0.0
2010,9,30,-999.0,-999.0,-999.0,35.5,0.0,0.0
2010,10,1,-999.0,-999.0,-999.0,16.4,0.0,0.0
2010,10,2,-999.0,-999.0,-999.0,0.0,0.0,0.0
2010,10,3,-999.0,-999.0,-999.0,0.0,0.0,0.0
2010,10,4,-999.0,-999.0,-999.0,0.0,0.0,0.0
2010,10,5,-999.0,-999.0,-999.0,0.0,0.0,0.0
2010,10,6,-999.0,-999.0,-999.0,15.9,0.0,0.0
2010,10,7,-999.0,-999.0,-999.0,6.5,0.0,0.0
2010,10,8,-999.0,-999.0,-999.0,2.0,0.0,0.0
2010,10,9,-999.0,-999.0,-999.0,0.0,0.0,0.0
2010,10,10,-999.0,-999.0,-999.0,0.0,0.0,0.0
2010,10,11,-999.0,-999.0,-999.0,0.0,0.0,0.0
2010,10,12,-999.0,-999.0,-999.0,0.0,0.0,0.0
2010,10,13,-999.0,-999.0,-999.0,0.2,0.2,0.0
2010,10,14,-999.0,-999.0,-999.0,4.0,0.0,0.0
2010,10,15,-999.0,-999.0,-999.0,57.6,0.0,0.0
2010,10,16,-999.0,-999.0,-999.0,0.6,0.0,0.0
2010,10,17,-999.0,-999.0,-999.0,2.2,0.0,0.0
2010,10,18,-999.0,-999.0,-999.0,0.8,0.0,0.0
2010,10,19,-999.0,-999.0,-999.0,0.0,0.0,0.0
2010,10,20,-999.0,-999.0,-999.0,0.0,0.0,0.0
2010,10,21,-999.0,-999.0,-999.0,9.6,0.0,0.0
2010,10,22,-999.0,-999.0,-999.0,0.0,0.0,0.0
2010,10,23,-999.0,-999.0,-999.0,0.0,0.0,0.0
2010,10,24,-999.0,-999.0,-999.0,4.4,0.0,0.0
2010,10,25,-999.0,-999.0,-999.0,11.8,0.0,0.0
2010,10,26,-999.0,-999.0,-999.0,2.2,0.0,0.0
2010,10,27,-999.0,-999.0,-999.0,0.0,0.0,0.0
2010,10,28,-999.0,-999.0,-999.0,0.0,0.0,0.0
2010,10,29,-999.0,-999.0,-999.0,2.8,0.0,0.0
2010,10,30,-999.0,-999.0,-999.0,2.0,2.0,0.0
2010,10,31,-999.0,-999.0,-999.0,0.0,0.0,3.0
2010,11,1,-999.0,-999.0,-999.0,0.0,0.0,0.0
2010,11,2,-999.0,-999.0,-999.0,0.0,0.0,0.0
2010,11,3,-999.0,-999.0,-999.0,0.0,0.0,0.0
2010,11,4,-999.0,-999.0,-999.0,19.2,0.0,0.0
2010,11,5,-999.0,-999.0,-999.0,13.0,0.0,0.0
2010,11,6,-999.0,-999.0,-999.0,0.0,0.0,0.0
2010,11,7,-999.0,-999.0,-999.0,0.0,0.0,0.0
2010,11,8,-999.0,-999.0,-999.0,12.8,0.0,1.0
2010,11,9,-999.0,-999.0,-999.0,0.0,0.0,0.0
2010,11,10,-999.0,-999.0,-999.0,0.0,0.0,0.0
2010,11,11,-999.0,-999.0,-999.0,0.0,0.0,0.0
2010,11,12,-999.0,-999.0,-999.0,0.0,0.0,0.0
2010,11,13,-999.0,-999.0,-999.0,0.0,0.0,0.0
2010,11,14,-999.0,-999.0,-999.0,0.2,0.0,0.0
2010,11,15,-999.0,-999.0,-999.0,0.4,0.0,0.0
2010,11,16,-999.0,-999.0,-999.0,16.0,0.0,0.0
2010,11,17,-999.0,-999.0,-999.0,13.8,0.0,0.0
2010,11,18,-999.0,-999.0,-999.0,0.0,0.0,0.0
2010,11,19,-999.0,-999.0,-999.0,-999.0,-999.0,0.0
2010,11,20,-999.0,-999.0,-999.0,0.2,0.2,-999.0
2010,11,21,-999.0,-999.0,-999.0,3.0,3.0,1.0
2010,11,22,-999.0,-999.0,-999.0,8.0,0.0,2.0
2010,11,23,-999.0,-999.0,-999.0,5.2,0.0,0.0
2010,11,24,-999.0,-999.0,-999.0,0.0,0.0,0.0
2010,11,25,-999.0,-999.0,-999.0,0.0,0.0,0.0
2010,11,26,-999.0,-999.0,-999.0,6.2,6.2,0.0
2010,11,27,-999.0,-999.0,-999.0,2.4,2.4,3.0
2010,11,28,-999.0,-999.0,-999.0,0.0,0.0,6.0
2010,11,29,-999.0,-999.0,-999.0,0.0,0.0,6.0
2010,11,30,-999.0,-999.0,-999.0,8.0,0.0,5.0
2010,12,1,-999.0,-999.0,-999.0,-999.0,0.4,0.0
2010,12,2,-1.5,-0.3,1.0,0.4,0.0,1.0
2010,12,3,-4.0,-1.5,1.0,7.0,7.0,1.0
2010,12,4,-4.0,-3.0,-2.0,5.0,5.0,10.0
2010,12,5,-7.0,-6.5,-6.0,1.0,1.0,12.0
2010,12,6,-9.0,-6.8,-4.5,11.2,11.2,14.0
2010,12,7,-7.5,-6.3,-5.0,2.2,2.2,14.0
2010,12,8,-10.0,-9.5,-9.0,0.4,0.4,14.0
2010,12,9,-12.0,-11.0,-10.0,0.0,0.0,14.0
2010,12,10,-22.0,-13.5,-5.0,3.2,3.2,14.0
2010,12,11,-12.0,-6.8,-1.5,0.0,0.0,12.0
2010,12,12,-6.0,0.5,7.0,8.0,3.2,12.0
2010,12,13,-0.5,2.3,5.0,7.0,3.0,0.0
2010,12,14,-12.0,-11.0,-10.0,2.0,2.0,4.0
2010,12,15,-15.0,-14.3,-13.5,3.6,3.6,4.0
2010,12,16,-16.0,-13.8,-11.5,1.0,1.0,4.0
2010,12,17,-15.5,-13.0,-10.5,0.4,0.4,6.0
2010,12,18,-16.5,-10.5,-4.5,0.4,0.4,6.0
2010,12,19,-12.0,-8.8,-5.5,0.0,0.0,6.0
2010,12,20,-999.0,-999.0,-999.0,1.0,1.0,-999.0
2010,12,21,-9.0,-4.5,0.0,7.2,7.2,8.0
2010,12,22,-3.0,-2.0,-1.0,11.2,11.2,12.0
2010,12,23,-7.0,-4.5,-2.0,0.0,0.0,16.0
2010,12,24,-13.5,-10.8,-8.0,0.0,0.0,16.0
2010,12,25,-999.0,-999.0,-999.0,0.4,0.4,16.0
2010,12,26,-19.5,-14.0,-8.5,1.2,1.2,16.0
2010,12,27,-999.0,-999.0,-999.0,0.4,0.4,12.0
2010,12,28,-15.0,-11.8,-8.5,0.0,0.0,12.0
2010,12,29,-999.0,-999.0,-999.0,0.0,0.0,10.0
2010,12,30,-7.5,-3.0,1.5,0.0,0.0,8.0
2010,12,31,-4.0,0.8,5.5,0.6,0.0,4.0
2011,1,1,-999.0,-999.0,-999.0,2.0,0.0,0.0
2011,1,2,-999.0,-999.0,-999.0,0.2,0.0,0.0
2011,1,3,-999.0,-999.0,-999.0,0.0,0.0,0.0
2011,1,4,-999.0,-999.0,-999.0,0.0,0.0,0.0
2011,1,5,-999.0,-999.0,-999.0,0.0,0.0,0.0
2011,1,6,-999.0,-999.0,-999.0,0.0,0.0,0.0
2011,1,7,-999.0,-999.0,-999.0,0.0,0.0,0.0
2011,1,8,-999.0,-999.0,-999.0,3.0,3.0,0.0
2011,1,9,-999.0,-999.0,-999.0,8.0,8.0,5.0
2011,1,10,-999.0,-999.0,-999.0,0.0,0.0,10.0
2011,1,11,-999.0,-999.0,-999.0,0.0,0.0,10.0
2011,1,12,-999.0,-999.0,-999.0,1.4,1.4,10.0
2011,1,13,-999.0,-999.0,-999.0,0.0,0.0,10.0
2011,1,14,-999.0,-999.0,-999.0,0.0,0.0,8.0
2011,1,15,-999.0,-999.0,-999.0,10.0,10.0,8.0
2011,1,16,-999.0,-999.0,-999.0,0.0,0.0,16.0
2011,1,17,-999.0,-999.0,-999.0,0.0,0.0,14.0
2011,1,18,-999.0,-999.0,-999.0,8.2,8.2,14.0
2011,1,19,-999.0,-999.0,-999.0,0.0,0.0,18.0
2011,1,20,-999.0,-999.0,-999.0,1.0,1.0,18.0
2011,1,21,-999.0,-999.0,-999.0,4.4,4.4,12.0
2011,1,22,-999.0,-999.0,-999.0,0.0,0.0,14.0
2011,1,23,-999.0,-999.0,-999.0,0.0,0.0,14.0
2011,1,24,-999.0,-999.0,-999.0,1.0,1.0,14.0
2011,1,25,-999.0,-999.0,-999.0,1.6,1.6,14.0
2011,1,26,-999.0,-999.0,-999.0,0.0,0.0,16.0
2011,1,27,-999.0,-999.0,-999.0,1.0,1.0,14.0
2011,1,28,-999.0,-999.0,-999.0,1.0,1.0,14.0
2011,1,29,-999.0,-999.0,-999.0,1.0,1.0,14.0
2011,1,30,-999.0,-999.0,-999.0,0.0,0.0,14.0
2011,1,31,-999.0,-999.0,-999.0,0.0,0.0,14.0
2011,2,1,-21.5,-15.8,-10.0,1.0,1.0,14.0
2011,2,2,-21.0,-16.8,-12.5,21.2,21.2,14.0
2011,2,3,-22.0,-14.8,-7.5,0.0,0.0,24.0
2011,2,4,-999.0,-999.0,-999.0,0.0,0.0,20.0
2011,2,5,-8.0,-3.0,2.0,30.0,30.0,20.0
2011,2,6,-5.0,-4.0,-3.0,0.8,0.8,40.0
2011,2,7,-6.5,-3.5,-0.5,5.6,5.6,38.0
2011,2,8,-13.0,-10.3,-7.5,0.6,0.6,38.0
2011,2,9,-19.5,-14.0,-8.5,5.2,5.2,38.0
2011,2,10,-18.5,-15.0,-11.5,0.0,0.0,40.0
2011,2,11,-18.0,-13.5,-9.0,0.8,0.8,40.0
2011,2,12,-17.0,-10.5,-4.0,3.2,3.2,32.0
2011,2,13,-999.0,-999.0,-999.0,-999.0,-999.0,32.0
2011,2,14,-8.0,-3.8,0.5,-999.0,-999.0,-999.0
2011,2,15,-21.0,-17.8,-14.5,0.0,0.0,48.0
2011,2,16,-19.5,-11.0,-2.5,0.0,0.0,48.0
2011,2,17,-999.0,-999.0,-999.0,16.2,0.0,46.0
2011,2,18,-0.5,3.8,8.0,12.4,7.2,30.0
2011,2,19,-999.0,-999.0,-999.0,1.0,1.0,34.0
2011,2,20,-15.0,-12.3,-9.5,0.0,0.0,32.0
2011,2,21,-19.0,-16.0,-13.0,0.0,0.0,32.0
2011,2,22,-21.5,-14.0,-6.5,0.0,0.0,32.0
2011,2,23,-15.0,-10.3,-5.5,0.0,0.0,30.0
2011,2,24,-19.0,-8.5,2.0,0.0,0.0,28.0
2011,2,25,-9.5,-6.5,-3.5,1.4,1.4,28.0
2011,2,26,-18.0,-15.5,-13.0,0.0,0.0,28.0
2011,2,27,-19.0,-11.3,-3.5,1.0,1.0,20.0
2011,2,28,-7.0,-3.5,0.0,14.0,14.0,20.0
2011,3,1,-999.0,-999.0,-999.0,2.4,2.4,28.0
2011,3,2,-999.0,-999.0,-999.0,0.0,0.0,28.0
2011,3,3,-999.0,-999.0,-999.0,0.0,0.0,28.0
2011,3,4,-999.0,-999.0,-999.0,1.4,1.4,28.0
2011,3,5,-999.0,-999.0,-999.0,29.6,0.0,24.0
2011,3,6,-999.0,-999.0,-999.0,20.0,20.0,4.0
2011,3,7,-999.0,-999.0,-999.0,22.4,22.4,16.0
2011,3,8,-999.0,-999.0,-999.0,0.0,0.0,30.0
2011,3,9,-999.0,-999.0,-999.0,-999.0,-999.0,30.0
2011,3,10,-999.0,-999.0,-999.0,26.0,7.0,30.0
2011,3,11,-999.0,-999.0,-999.0,7.2,0.0,20.0
2011,3,12,-999.0,-999.0,-999.0,0.0,0.0,20.0
2011,3,13,-999.0,-999.0,-999.0,0.0,0.0,20.0
2011,3,14,-999.0,-999.0,-999.0,0.0,0.0,18.0
2011,3,15,-999.0,-999.0,-999.0,0.0,0.0,16.0
2011,3,16,-999.0,-999.0,-999.0,0.4,0.0,16.0
2011,3,17,-999.0,-999.0,-999.0,12.8,0.0,14.0
2011,3,18,-999.0,-999.0,-999.0,0.0,0.0,4.0
2011,3,19,-999.0,-999.0,-999.0,0.0,0.0,2.0
2011,3,20,-999.0,-999.0,-999.0,0.0,0.0,2.0
2011,3,21,-999.0,-999.0,-999.0,13.0,13.0,2.0
2011,3,22,-999.0,-999.0,-999.0,0.0,0.0,10.0
2011,3,23,-999.0,-999.0,-999.0,3.0,3.0,6.0
2011,3,24,-999.0,-999.0,-999.0,0.0,0.0,8.0
2011,3,25,-999.0,-999.0,-999.0,1.0,1.0,8.0
2011,3,26,-999.0,-999.0,-999.0,0.0,0.0,8.0
2011,3,27,-999.0,-999.0,-999.0,3.0,3.0,8.0
2011,3,28,-999.0,-999.0,-999.0,0.0,0.0,10.0
2011,3,29,-999.0,-999.0,-999.0,0.0,0.0,10.0
2011,3,30,-999.0,-999.0,-999.0,0.0,0.0,6.0
2011,3,31,-999.0,-999.0,-999.0,0.0,0.0,2.0
2011,4,1,-999.0,-999.0,-999.0,5.0,5.0,2.0
2011,4,2,-999.0,-999.0,-999.0,0.0,0.0,2.0
2011,4,3,-999.0,-999.0,-999.0,0.0,0.0,2.0
2011,4,4,-999.0,-999.0,-999.0,5.0,0.0,2.0
2011,4,5,-999.0,-999.0,-999.0,5.4,0.4,0.0
2011,4,6,-999.0,-999.0,-999.0,0.4,0.4,0.0
2011,4,7,-999.0,-999.0,-999.0,0.0,0.0,0.0
2011,4,8,-999.0,-999.0,-999.0,0.0,0.0,0.0
2011,4,9,-999.0,-999.0,-999.0,0.0,0.0,0.0
2011,4,10,-999.0,-999.0,-999.0,1.2,0.0,0.0
2011,4,11,-999.0,-999.0,-999.0,2.0,0.0,0.0
2011,4,12,-999.0,-999.0,-999.0,0.0,0.0,0.0
2011,4,13,-999.0,-999.0,-999.0,10.0,0.0,0.0
2011,4,14,-999.0,-999.0,-999.0,0.0,0.0,0.0
2011,4,15,-999.0,-999.0,-999.0,0.0,0.0,0.0
2011,4,16,-999.0,-999.0,-999.0,13.8,1.0,0.0
2011,4,17,-999.0,-999.0,-999.0,6.0,1.0,2.0
2011,4,18,-999.0,-999.0,-999.0,0.0,0.0,2.0
2011,4,19,-999.0,-999.0,-999.0,1.0,1.0,0.0
2011,4,20,-999.0,-999.0,-999.0,6.0,6.0,2.0
2011,4,21,-999.0,-999.0,-999.0,2.0,2.0,4.0
2011,4,22,-999.0,-999.0,-999.0,0.0,0.0,4.0
2011,4,23,-999.0,-999.0,-999.0,3.0,0.0,0.0
2011,4,24,-999.0,-999.0,-999.0,0.0,0.0,0.0
2011,4,25,-999.0,-999.0,-999.0,0.6,0.0,0.0
2011,4,26,-999.0,-999.0,-999.0,9.8,0.0,0.0
2011,4,27,-999.0,-999.0,-999.0,16.0,0.0,0.0
2011,4,28,-999.0,-999.0,-999.0,18.0,0.0,0.0
2011,4,29,-999.0,-999.0,-999.0,0.0,0.0,0.0
2011,4,30,-999.0,-999.0,-999.0,0.0,0.0,0.0
2011,5,1,-999.0,-999.0,-999.0,0.0,0.0,0.0
2011,5,2,-999.0,-999.0,-999.0,5.0,0.0,0.0
2011,5,3,-999.0,-999.0,-999.0,24.4,0.0,0.0
2011,5,4,-999.0,-999.0,-999.0,-999.0,0.0,0.0
2011,5,5,-999.0,-999.0,-999.0,7.2,0.0,0.0
2011,5,6,-999.0,-999.0,-999.0,5.0,0.0,0.0
2011,5,7,-999.0,-999.0,-999.0,0.2,0.0,0.0
2011,5,8,-999.0,-999.0,-999.0,0.0,0.0,0.0
2011,5,9,-999.0,-999.0,-999.0,0.0,0.0,0.0
2011,5,10,-999.0,-999.0,-999.0,0.0,0.0,0.0
2011,5,11,-999.0,-999.0,-999.0,0.0,0.0,0.0
2011,5,12,-999.0,-999.0,-999.0,0.0,0.0,0.0
2011,5,13,-999.0,-999.0,-999.0,1.8,0.0,0.0
2011,5,14,-999.0,-999.0,-999.0,17.0,0.0,0.0
2011,5,15,-999.0,-999.0,-999.0,2.2,0.0,0.0
2011,5,16,-999.0,-999.0,-999.0,21.6,0.0,0.0
2011,5,17,-999.0,-999.0,-999.0,2.4,0.0,0.0
2011,5,18,-999.0,-999.0,-999.0,0.0,0.0,0.0
2011,5,19,-999.0,-999.0,-999.0,2.0,0.0,0.0
2011,5,20,-999.0,-999.0,-999.0,0.0,0.0,0.0
2011,5,21,-999.0,-999.0,-999.0,0.0,0.0,0.0
2011,5,22,-999.0,-999.0,-999.0,11.6,0.0,0.0
2011,5,23,-999.0,-999.0,-999.0,4.4,0.0,0.0
2011,5,24,-999.0,-999.0,-999.0,-999.0,0.0,0.0
2011,5,25,-999.0,-999.0,-999.0,0.0,0.0,0.0
2011,5,26,-999.0,-999.0,-999.0,22.6,0.0,0.0
2011,5,27,-999.0,-999.0,-999.0,10.8,0.0,0.0
2011,5,28,-999.0,-999.0,-999.0,8.6,0.0,0.0
2011,5,29,-999.0,-999.0,-999.0,4.8,0.0,0.0
2011,5,30,-999.0,-999.0,-999.0,0.0,0.0,0.0
2011,5,31,-999.0,-999.0,-999.0,1.4,0.0,0.0
2011,6,1,-999.0,-999.0,-999.0,2.8,0.0,0.0
2011,6,2,-999.0,-999.0,-999.0,0.8,0.0,0.0
2011,6,3,-999.0,-999.0,-999.0,0.0,0.0,0.0
2011,6,4,-999.0,-999.0,-999.0,0.0,0.0,0.0
2011,6,5,-999.0,-999.0,-999.0,0.0,0.0,0.0
2011,6,6,-999.0,-999.0,-999.0,0.0,0.0,0.0
2011,6,7,-999.0,-999.0,-999.0,-999.0,0.0,0.0
2011,6,8,-999.0,-999.0,-999.0,0.4,0.0,0.0
2011,6,9,-999.0,-999.0,-999.0,-999.0,0.0,0.0
2011,6,10,-999.0,-999.0,-999.0,0.0,0.0,0.0
2011,6,11,-999.0,-999.0,-999.0,6.6,0.0,0.0
2011,6,12,-999.0,-999.0,-999.0,37.7,0.0,0.0
2011,6,13,-999.0,-999.0,-999.0,1.4,0.0,0.0
2011,6,14,-999.0,-999.0,-999.0,0.0,0.0,0.0
2011,6,15,-999.0,-999.0,-999.0,0.0,0.0,0.0
2011,6,16,-999.0,-999.0,-999.0,0.0,0.0,0.0
2011,6,17,-999.0,-999.0,-999.0,6.0,0.0,0.0
2011,6,18,-999.0,-999.0,-999.0,0.0,0.0,0.0
2011,6,19,-999.0,-999.0,-999.0,0.0,0.0,0.0
2011,6,20,-999.0,-999.0,-999.0,0.0,0.0,0.0
2011,6,21,-999.0,-999.0,-999.0,0.6,0.0,0.0
2011,6,22,-999.0,-999.0,-999.0,0.0,0.0,0.0
2011,6,23,-999.0,-999.0,-999.0,27.0,0.0,0.0
2011,6,24,-999.0,-999.0,-999.0,6.4,0.0,0.0
2011,6,25,-999.0,-999.0,-999.0,-999.0,0.0,0.0
2011,6,26,-999.0,-999.0,-999.0,4.2,0.0,0.0
2011,6,27,-999.0,-999.0,-999.0,0.0,0.0,0.0
2011,6,28,-999.0,-999.0,-999.0,0.4,0.0,0.0
2011,6,29,-999.0,-999.0,-999.0,0.0,0.0,0.0
2011,6,30,-999.0,-999.0,-999.0,0.0,0.0,0.0
2011,7,1,15.0,18.5,22.0,0.0,0.0,0.0
2011,7,2,12.0,19.3,26.5,0.0,0.0,0.0
2011,7,3,18.5,20.3,22.0,0.4,0.0,0.0
2011,7,4,15.0,21.0,27.0,0.0,0.0,0.0
2011,7,5,12.5,19.8,27.0,0.0,0.0,0.0
2011,7,6,18.0,21.0,24.0,6.2,0.0,0.0
2011,7,7,14.0,18.0,22.0,0.0,0.0,0.0
2011,7,8,9.0,17.3,25.5,18.0,0.0,0.0
2011,7,9,12.0,17.3,22.5,0.0,0.0,0.0
2011,7,10,9.0,17.0,25.0,1.0,0.0,0.0
2011,7,11,19.0,24.0,29.0,20.4,0.0,0.0
2011,7,12,-999.0,-999.0,-999.0,-999.0,0.0,0.0
2011,7,13,-999.0,-999.0,-999.0,-999.0,0.0,0.0
2011,7,14,-999.0,-999.0,-999.0,0.0,0.0,0.0
2011,7,15,-999.0,-999.0,-999.0,-999.0,0.0,0.0
2011,7,16,11.5,19.3,27.0,0.0,0.0,0.0
2011,7,17,17.0,22.5,28.0,3.4,0.0,0.0
2011,7,18,17.5,22.0,26.5,0.0,0.0,0.0
2011,7,19,13.0,18.8,24.5,0.0,0.0,0.0
2011,7,20,12.5,20.3,28.0,1.0,0.0,0.0
2011,7,21,21.0,25.5,30.0,31.8,0.0,0.0
2011,7,22,21.5,25.8,30.0,0.0,0.0,0.0
2011,7,23,19.0,24.0,29.0,0.0,0.0,0.0
2011,7,24,-999.0,-999.0,-999.0,0.0,0.0,0.0
2011,7,25,10.0,17.0,24.0,28.2,0.0,0.0
2011,7,26,12.5,17.8,23.0,4.0,0.0,0.0
2011,7,27,14.0,17.5,21.0,0.8,0.0,0.0
2011,7,28,-999.0,-999.0,-999.0,0.0,0.0,0.0
2011,7,29,15.0,20.0,25.0,4.0,0.0,0.0
2011,7,30,16.5,20.3,24.0,0.0,0.0,0.0
2011,7,31,9.0,17.3,25.5,0.0,0.0,0.0
2011,8,1,-999.0,-999.0,-999.0,3.0,0.0,0.0
2011,8,2,-999.0,-999.0,-999.0,2.4,0.0,0.0
2011,8,3,-999.0,-999.0,-999.0,1.0,0.0,0.0
2011,8,4,-999.0,-999.0,-999.0,0.0,0.0,0.0
2011,8,5,-999.0,-999.0,-999.0,0.0,0.0,0.0
2011,8,6,-999.0,-999.0,-999.0,0.0,0.0,0.0
2011,8,7,-999.0,-999.0,-999.0,24.0,0.0,0.0
2011,8,8,-999.0,-999.0,-999.0,0.0,0.0,0.0
2011,8,9,-999.0,-999.0,-999.0,8.4,0.0,0.0
2011,8,10,-999.0,-999.0,-999.0,-999.0,0.0,0.0
2011,8,11,-999.0,-999.0,-999.0,1.8,0.0,0.0
2011,8,12,-999.0,-999.0,-999.0,0.0,0.0,0.0
2011,8,13,-999.0,-999.0,-999.0,0.0,0.0,0.0
2011,8,14,-999.0,-999.0,-999.0,27.8,0.0,0.0
2011,8,15,-999.0,-999.0,-999.0,17.4,0.0,0.0
2011,8,16,-999.0,-999.0,-999.0,-999.0,0.0,0.0
2011,8,17,-999.0,-999.0,-999.0,0.0,0.0,0.0
2011,8,18,-999.0,-999.0,-999.0,0.0,0.0,0.0
2011,8,19,-999.0,-999.0,-999.0,0.0,0.0,0.0
2011,8,20,-999.0,-999.0,-999.0,8.0,0.0,0.0
2011,8,21,-999.0,-999.0,-999.0,37.2,0.0,0.0
2011,8,22,-999.0,-999.0,-999.0,2.4,0.0,0.0
2011,8,23,-999.0,-999.0,-999.0,0.0,0.0,0.0
2011,8,24,-999.0,-999.0,-999.0,0.6,0.0,0.0
2011,8,25,-999.0,-999.0,-999.0,2.0,0.0,0.0
2011,8,26,-999.0,-999.0,-999.0,0.0,0.0,0.0
2011,8,27,-999.0,-999.0,-999.0,0.0,0.0,0.0
2011,8,28,-999.0,-999.0,-999.0,75.0,0.0,0.0
2011,8,29,-999.0,-999.0,-999.0,0.0,0.0,0.0
2011,8,30,-999.0,-999.0,-999.0,7.2,0.0,0.0
2011,8,31,-999.0,-999.0,-999.0,0.0,0.0,0.0
2011,9,1,8.5,16.3,24.0,0.0,0.0,0.0
2011,9,2,13.5,19.3,25.0,7.0,0.0,0.0
2011,9,3,17.0,22.0,27.0,2.2,0.0,0.0
2011,9,4,13.5,19.8,26.0,35.4,0.0,0.0
2011,9,5,14.0,16.0,18.0,37.6,0.0,0.0
2011,9,6,11.4,14.7,18.0,0.4,0.0,0.0
2011,9,7,-999.0,-999.0,-999.0,-999.0,0.0,0.0
2011,9,8,11.0,16.5,22.0,0.0,0.0,0.0
2011,9,9,9.5,16.5,23.5,0.0,0.0,0.0
2011,9,10,6.0,11.8,17.5,0.0,0.0,0.0
2011,9,11,3.5,12.3,21.0,0.0,0.0,0.0
2011,9,12,13.5,17.8,22.0,0.0,0.0,0.0
2011,9,13,14.0,19.8,25.5,36.4,0.0,0.0
2011,9,14,9.0,13.0,17.0,5.6,0.0,0.0
2011,9,15,7.5,9.5,11.5,12.0,0.0,0.0
2011,9,16,4.0,8.0,12.0,0.0,0.0,0.0
2011,9,17,-999.0,-999.0,-999.0,0.0,0.0,0.0
2011,9,18,1.5,10.0,18.5,0.0,0.0,0.0
2011,9,19,3.5,10.8,18.0,3.0,0.0,0.0
2011,9,20,9.0,11.5,14.0,2.8,0.0,0.0
2011,9,21,7.0,14.0,21.0,0.0,0.0,0.0
2011,9,22,-999.0,-999.0,-999.0,0.0,0.0,0.0
2011,9,23,16.0,19.0,22.0,2.4,0.0,0.0
2011,9,24,14.0,19.0,24.0,1.0,0.0,0.0
2011,9,25,15.5,19.3,23.0,0.0,0.0,0.0
2011,9,26,11.5,16.8,22.0,0.0,0.0,0.0
2011,9,27,7.0,15.3,23.5,0.0,0.0,0.0
2011,9,28,-999.0,-999.0,-999.0,1.2,0.0,0.0
2011,9,29,12.0,15.8,19.5,14.0,0.0,0.0
2011,9,30,13.0,16.5,20.0,0.0,0.0,0.0
2011,10,1,4.5,6.3,8.0,15.0,0.0,0.0
2011,10,2,5.0,8.0,11.0,12.0,0.0,0.0
2011,10,3,7.0,10.3,13.5,1.0,0.0,0.0
2011,10,4,7.0,9.5,12.0,1.4,0.0,0.0
2011,10,5,4.5,7.5,10.5,0.0,0.0,0.0
2011,10,6,0.5,4.3,8.0,0.0,0.0,0.0
2011,10,7,-4.0,6.3,16.5,0.0,0.0,0.0
2011,10,8,-999.0,-999.0,-999.0,0.0,0.0,0.0
2011,10,9,13.0,18.8,24.5,0.0,0.0,0.0
2011,10,10,-999.0,-999.0,-999.0,0.0,0.0,0.0
2011,10,11,1.5,9.5,17.5,0.0,0.0,0.0
2011,10,12,4.5,10.8,17.0,0.0,0.0,0.0
2011,10,13,7.0,12.0,17.0,1.8,0.0,0.0
2011,10,14,11.0,15.3,19.5,-999.0,0.0,0.0
2011,10,15,9.0,11.3,13.5,6.4,0.0,0.0
2011,10,16,6.5,8.5,10.5,4.0,0.0,0.0
2011,10,17,5.5,7.3,9.0,4.9,0.0,0.0
2011,10,18,5.0,8.5,12.0,0.0,0.0,0.0
2011,10,19,2.0,9.5,17.0,1.0,0.0,0.0
2011,10,20,8.0,10.3,12.5,12.0,0.0,0.0
2011,10,21,7.0,8.5,10.0,1.0,0.0,0.0
2011,10,22,7.0,8.5,10.0,0.0,0.0,0.0
2011,10,23,2.0,5.5,9.0,0.0,0.0,0.0
2011,10,24,3.0,8.5,14.0,2.6,0.0,0.0
2011,10,25,-999.0,-999.0,-999.0,-999.0,0.0,0.0
2011,10,26,-999.0,-999.0,-999.0,0.0,0.0,0.0
2011,10,27,-4.0,-0.5,3.0,0.0,0.0,0.0
2011,10,28,-999.0,-999.0,-999.0,0.0,0.0,0.0
2011,10,29,-7.0,-1.3,4.5,0.0,0.0,0.0
2011,10,30,-1.5,1.8,5.0,0.0,0.0,0.0
2011,10,31,-5.5,1.8,9.0,0.0,0.0,0.0
2011,11,1,-999.0,-999.0,-999.0,0.0,0.0,0.0
2011,11,2,-999.0,-999.0,-999.0,0.0,0.0,0.0
2011,11,3,-999.0,-999.0,-999.0,3.6,0.0,0.0
2011,11,4,-999.0,-999.0,-999.0,0.0,0.0,0.0
2011,11,5,-999.0,-999.0,-999.0,0.0,0.0,0.0
2011,11,6,-999.0,-999.0,-999.0,0.0,0.0,0.0
2011,11,7,-999.0,-999.0,-999.0,0.0,0.0,0.0
2011,11,8,-999.0,-999.0,-999.0,0.0,0.0,0.0
2011,11,9,-999.0,-999.0,-999.0,0.0,0.0,0.0
2011,11,10,-999.0,-999.0,-999.0,-999.0,0.0,0.0
2011,11,11,-999.0,-999.0,-999.0,0.0,0.0,0.0
2011,11,12,-999.0,-999.0,-999.0,0.0,0.0,0.0
2011,11,13,-999.0,-999.0,-999.0,0.0,0.0,0.0
2011,11,14,-999.0,-999.0,-999.0,6.2,0.0,0.0
2011,11,15,-999.0,-999.0,-999.0,0.0,0.0,0.0
2011,11,16,-999.0,-999.0,-999.0,0.0,0.0,0.0
2011,11,17,-999.0,-999.0,-999.0,3.0,3.0,0.0
2011,11,18,-999.0,-999.0,-999.0,0.0,0.0,4.0
2011,11,19,-999.0,-999.0,-999.0,0.6,0.0,0.0
2011,11,20,-999.0,-999.0,-999.0,0.2,0.0,0.0
2011,11,21,-999.0,-999.0,-999.0,0.0,0.0,0.0
2011,11,22,-999.0,-999.0,-999.0,3.4,3.4,0.0
2011,11,23,-999.0,-999.0,-999.0,2.0,2.0,0.0
2011,11,24,-999.0,-999.0,-999.0,0.4,0.0,4.0
2011,11,25,-999.0,-999.0,-999.0,0.0,0.0,0.0
2011,11,26,-999.0,-999.0,-999.0,0.0,0.0,0.0
2011,11,27,-999.0,-999.0,-999.0,6.4,0.0,0.0
2011,11,28,-999.0,-999.0,-999.0,2.2,0.0,0.0
2011,11,29,-999.0,-999.0,-999.0,15.2,0.0,0.0
2011,11,30,-999.0,-999.0,-999.0,0.0,0.0,0.0
2011,12,1,-999.0,-999.0,-999.0,0.0,0.0,0.0
2011,12,2,-999.0,-999.0,-999.0,4.0,4.0,0.0
2011,12,3,-999.0,-999.0,-999.0,0.0,0.0,0.0
2011,12,4,-999.0,-999.0,-999.0,2.4,0.0,4.0
2011,12,5,-999.0,-999.0,-999.0,14.0,0.0,0.0
2011,12,6,-999.0,-999.0,-999.0,1.8,0.0,0.0
2011,12,7,-999.0,-999.0,-999.0,6.0,6.0,0.0
2011,12,8,-999.0,-999.0,-999.0,1.8,1.8,4.0
2011,12,9,-999.0,-999.0,-999.0,8.8,8.8,4.0
2011,12,10,-999.0,-999.0,-999.0,0.4,0.4,12.0
2011,12,11,-999.0,-999.0,-999.0,0.0,0.0,12.0
2011,12,12,-999.0,-999.0,-999.0,0.0,0.0,12.0
2011,12,13,-999.0,-999.0,-999.0,0.2,0.2,10.0
2011,12,14,-999.0,-999.0,-999.0,-999.0,2.0,8.0
2011,12,15,-999.0,-999.0,-999.0,15.0,0.0,6.0
2011,12,16,-999.0,-999.0,-999.0,0.0,0.0,0.0
2011,12,17,-999.0,-999.0,-999.0,0.0,0.0,0.0
2011,12,18,-999.0,-999.0,-999.0,0.0,0.0,0.0
2011,12,19,-999.0,-999.0,-999.0,1.0,1.0,-999.0
2011,12,20,-999.0,-999.0,-999.0,0.0,0.0,0.0
2011,12,21,-999.0,-999.0,-999.0,-999.0,0.0,0.0
2011,12,22,-999.0,-999.0,-999.0,3.4,3.4,0.0
2011,12,23,-999.0,-999.0,-999.0,-999.0,-999.0,5.0
2011,12,24,-999.0,-999.0,-999.0,0.0,0.0,8.0
2011,12,25,-999.0,-999.0,-999.0,5.0,5.0,8.0
2011,12,26,-999.0,-999.0,-999.0,0.0,0.0,12.0
2011,12,27,-999.0,-999.0,-999.0,-999.0,0.0,12.0
2011,12,28,-999.0,-999.0,-999.0,4.0,4.0,-999.0
2011,12,29,-999.0,-999.0,-999.0,0.0,0.0,2.0
2011,12,30,-999.0,-999.0,-999.0,3.0,3.0,8.0
2011,12,31,-999.0,-999.0,-999.0,0.6,0.6,10.0
